FIPS,pre_Grocery Stores,pre_Gasoline Stations,pre_Building Dealers,storm,state,landfall_date,order,forecast_wind,forecast_tp,year,fraction_pop_under_5,fraction_pop_over_65,dis_5to64_rate,lmt_english,no_vehicle_rate,median_income,white_fraction,sig_Grocery Stores,sig_Gasoline Stations,sig_Building Material and Supplies Dealers,Grocery Stores density,Gasoline Stations density,Building Dealers density,storm_beta,storm_claudette,storm_delta,storm_elsa,storm_helene,storm_henri,storm_ida,storm_laura,storm_milton,storm_zeta,state_LA,state_NC,state_NJ,state_NY,state_SC,state_TX,order_x_wind
22001,1.1355960472001,1.1214130257016692,1.362847849656668,delta,LA,2020-10-09,1,31.9518971799763,354.9488525390625,2020,6.8,15.3,0.1595664341877304,0.0123869171885873,0.0819763395963813,0.042368,0.7662046686119216,1,1,1,0.0671755725190839,0.0702290076335877,0.0229007633587786,False,False,True,False,False,False,False,False,False,False,1,0,0,0,0,0,31.9518971799763
22003,1.1405007557337188,1.1009384882178923,1.0553191489361704,delta,LA,2020-10-09,1,36.5519804922942,642.9038696289062,2020,6.0,14.2,0.1575384615384615,0.0023416157148432,0.0803954728762846,0.047659999999999994,0.6657582417582417,1,1,0,0.0183727034120734,0.0262467191601049,0.0104986876640419,False,False,True,False,False,False,False,False,False,False,1,0,0,0,0,0,36.5519804922942
22005,1.1175085782816787,1.0859668689619122,1.019306358381503,delta,LA,2020-10-09,1,12.5062223390732,77.4000015258789,2020,6.8,11.9,0.1040222325516995,0.0170594092266843,0.0331231330899435,0.086256,0.629604743083004,1,0,0,0.1591695501730103,0.2179930795847751,0.1557093425605536,False,False,True,False,False,False,False,False,False,False,1,0,0,0,0,0,12.5062223390732
22007,1.1221407624633433,1.1244104616264117,1.0573199070487993,delta,LA,2020-10-09,1,13.4393479456942,90.5390625,2020,5.3,18.8,0.1317149081854964,0.0071178670527204,0.0960308843044999,0.042831,0.6454679404914683,1,1,0,0.0494186046511627,0.0319767441860465,0.005813953488372,False,False,True,False,False,False,False,False,False,False,1,0,0,0,0,0,13.4393479456942
22009,1.1161370575596516,1.151065721908259,1.17103694874851,delta,LA,2020-10-09,1,28.364714750551,579.8500366210938,2020,6.5,16.5,0.2292312126233878,0.0091374775024228,0.0909594351377544,0.037903,0.6357796084952007,1,1,1,0.0312876052948255,0.0373044524669073,0.01323706377858,False,False,True,False,False,False,False,False,False,False,1,0,0,0,0,0,28.364714750551
22011,1.1980901621141462,1.1654931010623142,1.0643680866086136,delta,LA,2020-10-09,1,35.1253093033139,426.790771484375,2020,6.7,15.6,0.1551278368284975,0.0042690233672858,0.0641851408028759,0.05713,0.7945224219540891,1,1,0,0.0121002592912705,0.0164217804667242,0.0060501296456352,False,False,True,False,False,False,False,False,False,False,1,0,0,0,0,0,35.1253093033139
22013,1.047375754760799,1.083225388601036,1.0441558441558445,delta,LA,2020-10-09,1,22.1870752668584,355.5708312988281,2020,5.8,20.4,0.1556653352953542,0.0022918258212375,0.1048510313216195,0.032328,0.5316231415145212,0,0,0,0.0123304562268803,0.0234278668310727,0.002466091245376,False,False,True,False,False,False,False,False,False,False,1,0,0,0,0,0,22.1870752668584
22015,1.0505941826006986,1.0411540293782997,1.0284115840280823,delta,LA,2020-10-09,1,15.7615425475945,328.52679443359375,2020,6.7,14.1,0.1032954545454545,0.0172835377959831,0.0530627599322869,0.058289,0.6134714864927843,1,0,0,0.066746126340882,0.067938021454112,0.0381406436233611,False,False,True,False,False,False,False,False,False,False,1,0,0,0,0,0,15.7615425475945
22017,1.0761146138832405,1.0375181154371391,1.064853808205992,delta,LA,2020-10-09,1,15.2029699382668,347.9375,2020,6.5,17.2,0.1282720916435173,0.0056409114525346,0.1004760844440203,0.043153,0.4276975211059163,0,1,0,0.1308304891922639,0.1626848691695108,0.0637087599544937,False,False,True,False,False,False,False,False,False,False,1,0,0,0,0,0,15.2029699382668
22019,1.0907242885107664,1.1395264669484204,1.0459977998620251,delta,LA,2020-10-09,1,36.8692455415224,467.7124938964844,2020,7.1,14.8,0.1083426447726389,0.0143044943966471,0.0555128922672428,0.05947,0.6324699587148558,1,1,0,0.1033834586466165,0.2030075187969924,0.0789473684210526,False,False,True,False,False,False,False,False,False,False,1,0,0,0,0,0,36.8692455415224
22021,1.1140769879179546,1.151826963460731,1.2096774193548383,delta,LA,2020-10-09,1,21.6792823307726,428.9488525390625,2020,6.0,18.2,0.1284851968956596,0.0005767012687427,0.0908304498269896,0.041860999999999995,0.7828926905132193,0,1,1,0.0207939508506616,0.0207939508506616,0.0037807183364839,False,False,True,False,False,False,False,False,False,False,1,0,0,0,0,0,21.6792823307726
22023,1.0993825931089425,1.1585879873551108,0.0,delta,LA,2020-10-09,1,37.7612586952481,407.2963562011719,2020,6.8,15.9,0.1107784431137724,0.0482851985559566,0.0117328519855595,0.064525,0.9211322770162008,1,1,0,0.0046728971962616,0.0062305295950155,0.0,False,False,True,False,False,False,False,False,False,False,1,0,0,0,0,0,37.7612586952481
22025,1.2261790891030828,1.18025056631686,1.7091836734693877,delta,LA,2020-10-09,1,27.1127201883792,402.4125061035156,2020,5.7,16.4,0.1247408431237042,0.0,0.0909983633387888,0.042232,0.6442847518526836,1,1,1,0.0098870056497175,0.0098870056497175,0.001412429378531,False,False,True,False,False,False,False,False,False,False,1,0,0,0,0,0,27.1127201883792
22027,1.0902910929057,1.268585459009685,1.267605633802817,delta,LA,2020-10-09,1,17.0063529709496,259.8035583496094,2020,4.7,19.1,0.1093682388576373,0.0059500198333994,0.1025386751289171,0.029574000000000003,0.4985179957657022,0,1,0,0.0106100795755968,0.0145888594164456,0.0013262599469496,False,False,True,False,False,False,False,False,False,False,1,0,0,0,0,0,17.0063529709496
22029,1.1227420101899028,1.0656990068754773,1.1568345323741007,delta,LA,2020-10-09,1,27.4546033987288,349.2211608886719,2020,6.1,17.6,0.185,0.0019129603060736,0.1194006057707635,0.036156999999999995,0.543532937336116,0,1,1,0.0272596843615494,0.0258249641319942,0.0114777618364418,False,False,True,False,False,False,False,False,False,False,1,0,0,0,0,0,27.4546033987288
22031,1.0846482819643115,1.0578344162181756,1.1387220098306936,delta,LA,2020-10-09,1,19.5470162571126,420.27777099609375,2020,6.2,17.7,0.1644681586878118,0.0068843430369787,0.1022816679779701,0.045363999999999995,0.5640011934954497,0,0,1,0.0159817351598173,0.026255707762557,0.0045662100456621,False,False,True,False,False,False,False,False,False,False,1,0,0,0,0,0,19.5470162571126
22033,1.0886042494548955,1.083312529622675,1.04055813793044,delta,LA,2020-10-09,1,14.1752044657443,163.703125,2020,6.4,14.4,0.1142875454915314,0.0209630636887288,0.0804731863039761,0.058167,0.418920664388405,1,1,0,0.5076923076923077,0.4505494505494505,0.3142857142857143,False,False,True,False,False,False,False,False,False,False,1,0,0,0,0,0,14.1752044657443
22035,0.8794520547945205,1.095770709542118,1.3548387096774197,delta,LA,2020-10-09,1,11.2827471031629,256.8819580078125,2020,4.9,15.8,0.1151919866444073,0.0,0.1450519656574785,0.025049,0.2726907092103499,0,1,1,0.0142857142857142,0.0142857142857142,0.0023809523809523,False,False,True,False,False,False,False,False,False,False,1,0,0,0,0,0,11.2827471031629
22037,0.947724708537044,1.1189841448014597,0.9708737864077668,delta,LA,2020-10-09,1,13.9943131555599,137.69444274902344,2020,4.7,18.3,0.1126737396167448,0.0,0.086963190184049,0.058125,0.5840114642509852,0,1,0,0.0154525386313465,0.0419426048565121,0.0066225165562913,False,False,True,False,False,False,False,False,False,False,1,0,0,0,0,0,13.9943131555599
22039,1.098572769025631,1.1054622842279502,1.148102053515868,delta,LA,2020-10-09,1,31.8955630534731,581.4895629882812,2020,6.8,15.2,0.2088710012032695,0.0172242464392182,0.1063265982113282,0.032465,0.6541576506955178,1,1,0,0.0422960725075528,0.0287009063444108,0.0075528700906344,False,False,True,False,False,False,False,False,False,False,1,0,0,0,0,0,31.8955630534731
22041,1.1548472929199445,1.1162020264641492,1.092428306168764,delta,LA,2020-10-09,1,23.8716250213924,286.5625,2020,6.7,18.0,0.1032180152021027,0.0020607226267344,0.0449237532628108,0.03825,0.6286032163446951,1,1,1,0.0224358974358974,0.0336538461538461,0.0080128205128205,False,False,True,False,False,False,False,False,False,False,1,0,0,0,0,0,23.8716250213924
22043,1.044396387228088,1.1505188347221906,1.282051282051282,delta,LA,2020-10-09,1,32.6787302392007,615.5812377929688,2020,5.6,14.6,0.1413355182302335,0.0003040900106431,0.0776949977193249,0.052779000000000006,0.7523117867292165,0,1,0,0.0217729393468118,0.0186625194401244,0.0015552099533437,False,False,True,False,False,False,False,False,False,False,1,0,0,0,0,0,32.6787302392007
22045,1.1849405548216645,1.177267261993218,1.171875,delta,LA,2020-10-09,1,22.2298569541321,166.1062469482422,2020,6.9,15.2,0.1376856890719223,0.0141963516499981,0.1030827433794059,0.052278,0.5515880392970013,1,1,1,0.0994764397905759,0.0820244328097731,0.0349040139616055,False,False,True,False,False,False,False,False,False,False,1,0,0,0,0,0,22.2298569541321
22047,1.0286790618544173,1.0487693710118502,1.0471509496834388,delta,LA,2020-10-09,1,16.7837786513625,142.65625,2020,5.3,15.9,0.1237355916254998,0.0083234244946492,0.0845147717918229,0.052994,0.4838464336496809,0,0,0,0.0404530744336569,0.0323624595469255,0.0161812297734627,False,False,True,False,False,False,False,False,False,False,1,0,0,0,0,0,16.7837786513625
22049,1.0853550107963927,1.1028410638104746,1.2179887570268582,delta,LA,2020-10-09,1,28.5775400159203,387.9903869628906,2020,5.3,20.3,0.1612189963468563,0.0096942580164056,0.1070096942580164,0.041298,0.6583726964273834,1,1,0,0.0193321616871704,0.0140597539543057,0.0035149384885764,False,False,True,False,False,False,False,False,False,False,1,0,0,0,0,0,28.5775400159203
22051,1.0555006252362813,1.0810022829863644,1.028931204982121,delta,LA,2020-10-09,1,8.75824051808608,70.5078125,2020,6.4,17.3,0.1162736154001124,0.0509791145100997,0.0720818043600032,0.058637999999999996,0.472763118192481,0,0,0,0.6233333333333333,0.6633333333333333,0.4433333333333333,False,False,True,False,False,False,False,False,False,False,1,0,0,0,0,0,8.75824051808608
22053,1.0748754021302485,1.1111596991429071,1.0927041499330656,delta,LA,2020-10-09,1,28.7583669552643,505.5104064941406,2020,6.8,16.1,0.1392768938013684,0.0030834287727953,0.0608756937714738,0.045578,0.7706976744186047,1,1,1,0.0337941628264208,0.0522273425499231,0.0076804915514592,False,False,True,False,False,False,False,False,False,False,1,0,0,0,0,0,28.7583669552643
22055,1.169007583018549,1.099234088924938,1.1209820785086244,delta,LA,2020-10-09,1,30.8782466145897,274.203125,2020,6.6,13.4,0.0836350735132991,0.0203436986831508,0.0703818758040729,0.063311,0.6224328136569143,1,1,1,0.5708955223880597,0.6417910447761194,0.373134328358209,False,False,True,False,False,False,False,False,False,False,1,0,0,0,0,0,30.8782466145897
22057,1.1529647369724996,1.123600454902212,1.1279907383586312,delta,LA,2020-10-09,1,9.90472381376736,74.7874984741211,2020,6.2,15.6,0.1341665788641871,0.0151323739426562,0.0752499176095792,0.058747,0.7249300408991667,1,1,1,0.0459231490159325,0.0674789128397375,0.0290534208059981,False,False,True,False,False,False,False,False,False,False,1,0,0,0,0,0,9.90472381376736
22059,1.0183959767072526,1.1189844927232149,1.2166405023547882,delta,LA,2020-10-09,1,25.7725528434803,584.65869140625,2020,5.8,16.8,0.1025491906561985,0.0019854401058901,0.0472093536289433,0.052205,0.7614765735920492,0,1,1,0.016025641025641,0.0256410256410256,0.0064102564102564,False,False,True,False,False,False,False,False,False,False,1,0,0,0,0,0,25.7725528434803
22061,1.0978525427014452,1.1305104829153871,1.0661914460285131,delta,LA,2020-10-09,1,22.5930704044269,296.6875,2020,5.4,13.6,0.1076498219171011,0.0222234756613458,0.0892887359693158,0.038458,0.5304570625671543,1,1,1,0.0467091295116772,0.0658174097664543,0.0297239915074309,False,False,True,False,False,False,False,False,False,False,1,0,0,0,0,0,22.5930704044269
22063,1.095113145250047,1.0827377352410128,1.0249160410904783,delta,LA,2020-10-09,1,11.2981778803626,105.4375,2020,6.5,13.2,0.0962076025994836,0.010046622931881,0.0403515286545364,0.071547,0.8073825220337078,1,1,0,0.1018518518518518,0.1157407407407407,0.0293209876543209,False,False,True,False,False,False,False,False,False,False,1,0,0,0,0,0,11.2981778803626
22065,2.0489690721649487,1.0602891031943602,1.094890510948905,delta,LA,2020-10-09,1,16.1446750516961,265.0687561035156,2020,6.7,14.4,0.1730887792848335,0.0032509752925877,0.1274382314694408,0.036875,0.3408206049715483,1,1,0,0.0032051282051282,0.0256410256410256,0.0032051282051282,False,False,True,False,False,False,False,False,False,False,1,0,0,0,0,0,16.1446750516961
22067,1.1543588746632598,1.1079545454545454,1.193252811328613,delta,LA,2020-10-09,1,24.1529245660981,283.2954406738281,2020,6.6,19.0,0.1212997162892778,0.0048701298701298,0.1069264069264069,0.033758,0.4768036208982013,1,1,1,0.0277078085642317,0.017632241813602,0.008816120906801,False,False,True,False,False,False,False,False,False,False,1,0,0,0,0,0,24.1529245660981
22069,1.1549018227883734,1.1801530962455795,1.2093831450912251,delta,LA,2020-10-09,1,29.8373479812852,505.2864685058594,2020,6.2,16.6,0.1075261299681896,0.001961496549219,0.0944424264438794,0.033965,0.503745168599227,1,1,1,0.0255387071029529,0.0239425379090183,0.0063846767757382,False,False,True,False,False,False,False,False,False,False,1,0,0,0,0,0,29.8373479812852
22071,1.0813828501912293,1.0733598739321557,0.9876065065840433,delta,LA,2020-10-09,1,7.94978968043702,38.83333206176758,2020,5.7,15.2,0.1074037928061016,0.0162275043745928,0.1777745136857701,0.045594,0.3161092404367742,0,0,0,1.242603550295858,0.9171597633136096,0.3727810650887574,False,False,True,False,False,False,False,False,False,False,1,0,0,0,0,0,7.94978968043702
22073,1.0585804033946875,1.0499544435505748,0.9796442848984254,delta,LA,2020-10-09,1,27.547213826603,324.2875061035156,2020,6.6,14.9,0.0960643977857119,0.0049236660797018,0.0892756398201494,0.046021,0.5451586351391798,0,0,0,0.1557377049180328,0.1475409836065573,0.0704918032786885,False,False,True,False,False,False,False,False,False,False,1,0,0,0,0,0,27.547213826603
22075,1.0963866471019812,1.058083227594065,1.078976640711902,delta,LA,2020-10-09,1,7.42930959568605,48.4573860168457,2020,5.9,13.5,0.118204627822693,0.0263714392337355,0.0643114815275531,0.06997,0.5853285137146502,1,0,0,0.0153846153846153,0.0243589743589743,0.0153846153846153,False,False,True,False,False,False,False,False,False,False,1,0,0,0,0,0,7.42930959568605
22077,1.0922556566363424,1.1368402132885986,1.037049288785974,delta,LA,2020-10-09,1,23.1053237461041,263.171875,2020,5.4,20.8,0.2157891328281847,0.0101363581513213,0.0605768070471823,0.050431,0.5898930532806629,1,1,0,0.0323741007194244,0.0341726618705036,0.014388489208633,False,False,True,False,False,False,False,False,False,False,1,0,0,0,0,0,23.1053237461041
22079,1.1398035460554763,1.1487712088864632,1.0903403166176888,delta,LA,2020-10-09,1,24.6509980370287,681.1630249023438,2020,6.7,16.0,0.1380755679747296,0.0111611272121847,0.094571540153337,0.049639,0.5869961468355599,1,1,1,0.0628787878787878,0.075,0.028030303030303,False,False,True,False,False,False,False,False,False,False,1,0,0,0,0,0,24.6509980370287
22081,1.0257992840390076,1.073916737468139,0.9995206136145736,delta,LA,2020-10-09,1,22.7991248240498,435.8958435058594,2020,6.4,18.7,0.1622890937554357,0.0,0.0653571428571428,0.041227,0.5446194225721784,0,1,0,0.0257731958762886,0.0206185567010309,0.0103092783505154,False,False,True,False,False,False,False,False,False,False,1,0,0,0,0,0,22.7991248240498
22083,1.0639742066858986,1.0770049421952677,1.167883211678832,delta,LA,2020-10-09,1,22.8158046369754,267.3187561035156,2020,6.3,17.4,0.1248621830209481,0.0072202166064981,0.0623437933907248,0.042956,0.5820984882502619,1,1,1,0.0234234234234234,0.0342342342342342,0.0108108108108108,False,False,True,False,False,False,False,False,False,False,1,0,0,0,0,0,22.8158046369754
22085,1.2082653849454985,1.1968590983726488,1.1380113930605902,delta,LA,2020-10-09,1,25.9694307641883,454.993408203125,2020,5.8,20.6,0.1391027991688057,0.0059801459155603,0.0771438823107283,0.039975000000000004,0.6702775897088693,1,1,1,0.0196304849884526,0.0207852193995381,0.0046189376443418,False,False,True,False,False,False,False,False,False,False,1,0,0,0,0,0,25.9694307641883
22087,1.0845486431604208,1.0718075177332835,1.0882182240278588,delta,LA,2020-10-09,1,7.0957712829831,38.86249923706055,2020,7.0,11.6,0.1582112306258999,0.0085961737331954,0.0712254395036194,0.052537999999999994,0.5293163330591354,0,0,0,0.0371352785145888,0.0822281167108753,0.0371352785145888,False,False,True,False,False,False,False,False,False,False,1,0,0,0,0,0,7.0957712829831
22089,1.1087718695218782,1.07767185652841,1.0954616588419404,delta,LA,2020-10-09,1,9.48778590072253,65.97222137451172,2020,5.5,13.7,0.1187711022245636,0.0130901287553648,0.034763948497854,0.072088,0.6224285904584292,0,0,1,0.1155234657039711,0.1191335740072202,0.0469314079422382,False,False,True,False,False,False,False,False,False,False,1,0,0,0,0,0,9.48778590072253
22091,1.097684637485212,1.080958254885412,0.0,delta,LA,2020-10-09,1,11.188840698284,169.2604217529297,2020,5.4,19.5,0.2169542013156261,0.0072663492858932,0.0959659233274868,0.040857,0.4115384615384615,0,1,0,0.0245098039215686,0.0318627450980392,0.0,False,False,True,False,False,False,False,False,False,False,1,0,0,0,0,0,11.188840698284
22093,1.0200849065706108,1.037652923610442,1.32260321903429,delta,LA,2020-10-09,1,11.6548897966184,66.82291412353516,2020,5.8,17.6,0.0830371567043618,0.0042872454448017,0.0870846730975348,0.056207,0.4911351030110935,0,0,1,0.0675105485232067,0.0675105485232067,0.0168776371308016,False,False,True,False,False,False,False,False,False,False,1,0,0,0,0,0,11.6548897966184
22095,1.1293382693197591,1.1168594736599533,1.0875250897147373,delta,LA,2020-10-09,1,9.94395431494087,45.73958206176758,2020,6.3,14.5,0.1083847028547489,0.012442914818982,0.0352108015090343,0.060743000000000005,0.3142406478800292,1,1,0,0.102803738317757,0.1214953271028037,0.0327102803738317,False,False,True,False,False,False,False,False,False,False,1,0,0,0,0,0,9.94395431494087
22097,1.1757419610563349,1.1627754973986248,1.1857653823516094,delta,LA,2020-10-09,1,30.3594130817834,378.7156066894531,2020,7.2,16.1,0.1143301143301143,0.0343515207191837,0.0898651530562026,0.041068,0.5236854858250545,1,1,1,0.0714285714285714,0.0844155844155844,0.0248917748917748,False,False,True,False,False,False,False,False,False,False,1,0,0,0,0,0,30.3594130817834
22099,1.1035707637897871,1.1120277695624423,1.1906193625977148,delta,LA,2020-10-09,1,20.7327033083774,182.19583129882812,2020,6.4,15.4,0.1061332939700347,0.0282540819982597,0.074218150176588,0.046710999999999996,0.6359070450286862,1,1,0,0.0610583446404341,0.073270013568521,0.0203527815468114,False,False,True,False,False,False,False,False,False,False,1,0,0,0,0,0,20.7327033083774
22101,1.108266970041714,1.089931126958006,1.0931429171479576,delta,LA,2020-10-09,1,17.0676284374078,103.50892639160156,2020,6.7,16.8,0.1514587377995266,0.0450848370589819,0.1045515755453811,0.043097,0.5330121847548881,1,1,0,0.0972972972972973,0.0648648648648648,0.045045045045045,False,False,True,False,False,False,False,False,False,False,1,0,0,0,0,0,17.0676284374078
22103,1.052201191500414,1.0683574447600954,1.0543083721297248,delta,LA,2020-10-09,1,7.95547148619523,89.66796875,2020,5.9,17.1,0.1217885202422058,0.0165469871995004,0.0388949875620637,0.07098600000000001,0.7262501417394263,0,0,0,0.1005917159763313,0.1455621301775148,0.0852071005917159,False,False,True,False,False,False,False,False,False,False,1,0,0,0,0,0,7.95547148619523
22105,1.0876901956297909,1.0550935550935552,1.058340582862114,delta,LA,2020-10-09,1,9.52059187602644,126.8874969482422,2020,7.0,14.6,0.1738794211752423,0.0105187022112006,0.0596197561479644,0.050658999999999996,0.5994803127135637,1,0,0,0.0771175726927939,0.1150442477876106,0.0493046776232617,False,False,True,False,False,False,False,False,False,False,1,0,0,0,0,0,9.52059187602644
22107,1.2651933701657458,1.272134203168686,0.0,delta,LA,2020-10-09,1,19.1147747756674,246.5104217529297,2020,5.3,25.2,0.0735343951202982,0.0066577896138482,0.0865512649800266,0.032962000000000005,0.4166867615143477,0,0,0,0.011608623548922,0.011608623548922,0.0,False,False,True,False,False,False,False,False,False,False,1,0,0,0,0,0,19.1147747756674
22109,1.0889201263726322,1.0738885805116818,1.0323061240492435,delta,LA,2020-10-09,1,11.9917709715109,68.60344696044922,2020,6.7,14.6,0.1436453109840913,0.0165633937082936,0.0896568160152526,0.05794,0.6278700492790655,0,0,0,0.0528885272579332,0.0691619202603743,0.0447518307567127,False,False,True,False,False,False,False,False,False,False,1,0,0,0,0,0,11.9917709715109
22111,1.0717307511516403,1.1441981999419335,1.1021404431092756,delta,LA,2020-10-09,1,22.2418956360885,238.8984375,2020,5.6,20.4,0.137597911227154,0.0018255313600208,0.0665014995436171,0.044192,0.6769792012128678,1,0,1,0.0216894977168949,0.0182648401826484,0.0034246575342465,False,False,True,False,False,False,False,False,False,False,1,0,0,0,0,0,22.2418956360885
22113,1.1455368325173634,1.202531134080605,1.2092699714432156,delta,LA,2020-10-09,1,34.4976221260621,257.6903381347656,2020,6.3,15.3,0.1437734425283529,0.0245597775718257,0.0852641334569045,0.056347,0.7674471312261372,1,1,1,0.0306905370843989,0.0332480818414322,0.0093776641091219,False,False,True,False,False,False,False,False,False,False,1,0,0,0,0,0,34.4976221260621
22115,1.1473926632669849,1.184998588914091,1.1612957556703345,delta,LA,2020-10-09,1,32.9985045617533,420.1335144042969,2020,7.9,12.3,0.1701453426368871,0.0108324161501477,0.0802293923420031,0.053215000000000005,0.6892102564102565,1,1,1,0.0113122171945701,0.0301659125188536,0.0075414781297134,False,False,True,False,False,False,False,False,False,False,1,0,0,0,0,0,32.9985045617533
22117,1.0970765808706706,1.0784507820070648,1.1519272158090397,delta,LA,2020-10-09,1,8.00718471788899,177.59658813476562,2020,6.4,18.2,0.1906194905465378,0.0130131859273334,0.1035296827316174,0.039168,0.650814948419594,1,0,0,0.0448430493273542,0.046337817638266,0.0134529147982062,False,False,True,False,False,False,False,False,False,False,1,0,0,0,0,0,8.00718471788899
22119,1.0059078624850732,1.020873144201088,1.0436724565756823,delta,LA,2020-10-09,1,16.5392042102386,288.70623779296875,2020,6.1,19.5,0.1258756728854804,0.002697053469085,0.0881936484390803,0.031197,0.610111721264912,0,0,0,0.0337268128161888,0.0809443507588532,0.0252951096121416,False,False,True,False,False,False,False,False,False,False,1,0,0,0,0,0,16.5392042102386
22121,1.1455652346070089,1.1037455220061414,1.1004366812227075,delta,LA,2020-10-09,1,16.6200892501771,180.0625,2020,6.5,13.9,0.0983209948226641,0.0076852136489394,0.043652013525976,0.07239100000000001,0.51891613662267,1,1,0,0.0885416666666666,0.140625,0.0416666666666666,False,False,True,False,False,False,False,False,False,False,1,0,0,0,0,0,16.6200892501771
22123,1.1047105148023917,1.037250869977855,0.8720930232558142,delta,LA,2020-10-09,1,12.2941375996676,285.25,2020,5.2,18.8,0.1326754385964912,0.0,0.0332432432432432,0.04205,0.799815403548354,0,0,0,0.0306406685236768,0.0139275766016713,0.0027855153203342,False,False,True,False,False,False,False,False,False,False,1,0,0,0,0,0,12.2941375996676
22125,1.1816749484910922,1.1960355373007725,1.061746987951807,delta,LA,2020-10-09,1,19.4498411678295,192.09375,2020,4.2,15.0,0.080509859461815,0.0046728971962616,0.0464693665628245,0.06345,0.6913781841933377,1,1,0,0.0248138957816377,0.0272952853598014,0.0049627791563275,False,False,True,False,False,False,False,False,False,False,1,0,0,0,0,0,19.4498411678295
22127,1.132398753894081,1.0951441612955022,1.2797397769516732,delta,LA,2020-10-09,1,29.5688449755323,482.95703125,2020,5.3,17.8,0.1559157569743081,0.0038087177316969,0.0933135844265763,0.04371,0.6178117048346056,1,1,1,0.0105263157894736,0.0147368421052631,0.0073684210526315,False,False,True,False,False,False,False,False,False,False,1,0,0,0,0,0,29.5688449755323
36001,1.0654908153124862,1.04975521734629,1.0691552353695846,henri,NY,2021-08-22,1,14.4392169060791,151.92307922104374,2021,4.9,17.0,0.0846020364731689,0.0275555623537329,0.1239579668690823,0.07381,0.6698311566216079,1,1,1,0.346743295019157,0.2241379310344827,0.1666666666666666,False,False,False,False,False,True,False,False,False,False,0,0,0,1,0,0,14.4392169060791
36003,1.0966421728211329,1.0445862619119486,0.9535944206008582,henri,NY,2021-08-22,1,6.05174728811015,47.31250011455268,2021,5.1,19.0,0.126133295438397,0.0038989862635714,0.073960770199748,0.054375,0.9111201997589116,1,0,0,0.0252672497570456,0.0272108843537414,0.0136054421768707,False,False,False,False,False,True,False,False,False,False,0,0,0,1,0,0,6.05174728811015
36005,1.003889563335122,0.9909670216308328,0.9749397743625622,henri,NY,2021-08-22,1,16.2853923316891,114.4375,2021,7.0,13.0,0.1274293857955381,0.175060421222235,0.596390071738213,0.043726,0.0888165176613108,0,0,0,26.5,4.214285714285714,3.238095238095238,False,False,False,False,False,True,False,False,False,False,0,0,0,1,0,0,16.2853923316891
36007,1.1475025886297516,1.1029916812943603,1.160073625756536,henri,NY,2021-08-22,1,8.62128089333511,137.15384631603956,2021,5.1,19.0,0.1291214307706724,0.0167590181535461,0.1290740580765386,0.053982,0.7860410805151925,1,1,1,0.1687943262411347,0.1177304964539007,0.0695035460992907,False,False,False,False,False,True,False,False,False,False,0,0,0,1,0,0,8.62128089333511
36009,1.030321090665276,0.977876838324752,1.043579968809565,henri,NY,2021-08-22,1,5.59243658763398,154.75781232537702,2021,5.6,19.3,0.128732120538814,0.0064787923275779,0.1079373184821115,0.053537,0.8768463954725993,0,0,0,0.0237003058103975,0.0443425076452599,0.0206422018348623,False,False,False,False,False,True,False,False,False,False,0,0,0,1,0,0,5.59243658763398
36011,1.0166723960123754,1.0052501544163066,1.0514188697550328,henri,NY,2021-08-22,1,7.03219034788414,63.3750007734634,2021,4.9,19.2,0.1073854760780324,0.0089204025617566,0.0978630244412495,0.059601999999999995,0.8697015003672227,0,0,0,0.0361794500723589,0.0593342981186685,0.0303907380607814,False,False,False,False,False,True,False,False,False,False,0,0,0,1,0,0,7.03219034788414
36013,0.9846615675631222,1.1754652081953554,0.984156698018446,henri,NY,2021-08-22,1,5.1763106265809,22.743749980581924,2021,5.3,20.2,0.1398633354233307,0.0194156456173421,0.1286145146088595,0.050408,0.8308435886790384,0,1,0,0.0669811320754717,0.0679245283018867,0.0386792452830188,False,False,False,False,False,True,False,False,False,False,0,0,0,1,0,0,5.1763106265809
36015,1.0411646927070963,0.9695649074932032,1.1223601993197816,henri,NY,2021-08-22,1,7.26014283270962,99.6171875,2021,5.4,18.8,0.1230568469129761,0.0070712678607953,0.099319171317535,0.058175,0.8266268954698864,0,0,1,0.113022113022113,0.085995085995086,0.0442260442260442,False,False,False,False,False,True,False,False,False,False,0,0,0,1,0,0,7.26014283270962
36017,1.0479762637854784,1.019780807270783,1.056986862310186,henri,NY,2021-08-22,1,8.82352085447146,60.12890625,2021,5.2,20.6,0.1552989052559179,0.0025312610742672,0.0850503720953779,0.055689999999999996,0.9138712409995764,1,0,0,0.0470324748040313,0.0212765957446808,0.0212765957446808,False,False,False,False,False,True,False,False,False,False,0,0,0,1,0,0,8.82352085447146
36019,1.0105850755700672,1.0390944797069983,1.0122399020807833,henri,NY,2021-08-22,1,8.05687345655903,21.38043452054262,2021,4.7,17.0,0.125343717442913,0.0029648846474566,0.0928379505234874,0.06247,0.8673396540711146,0,1,0,0.0530376084860173,0.0530376084860173,0.0241080038572806,False,False,False,False,False,True,False,False,False,False,0,0,0,1,0,0,8.05687345655903
36021,0.986276659710678,0.982515310197923,0.9993699795243348,henri,NY,2021-08-22,1,18.0263437889816,234.8579564820975,2021,3.9,24.2,0.1046414674819344,0.0117216990503437,0.0642110700520522,0.07306499999999999,0.8249959395809647,0,0,0,0.0899053627760252,0.0678233438485804,0.0268138801261829,False,False,False,False,False,True,False,False,False,False,0,0,0,1,0,0,18.0263437889816
36023,1.0378143491124263,1.0841945021809771,1.0159436410826843,henri,NY,2021-08-22,1,7.90573249989772,79.4249993278645,2021,5.1,16.2,0.1011886951554552,0.0035049288061336,0.0806133625410733,0.062162999999999996,0.8716486145826657,0,1,0,0.0542168674698795,0.0341365461847389,0.0341365461847389,False,False,False,False,False,True,False,False,False,False,0,0,0,1,0,0,7.90573249989772
36025,1.1467008327994874,1.270017793594306,1.0681431005110733,henri,NY,2021-08-22,1,10.7133186345208,98.37069004354998,2021,3.8,24.6,0.1306113454637033,0.0061124033104343,0.0801103478119759,0.052757,0.8761623183172339,1,1,0,0.0332871012482662,0.0173370319001386,0.015256588072122,False,False,False,False,False,True,False,False,False,False,0,0,0,1,0,0,10.7133186345208
36027,0.9922628052733952,0.991611015301068,1.0433395546681712,henri,NY,2021-08-22,1,17.3556867103861,320.09584264364094,2021,4.6,17.7,0.0846036483058241,0.0231261466863561,0.0720544144627914,0.087112,0.6707929073268651,0,0,0,0.1572327044025157,0.1874213836477987,0.0729559748427673,False,False,False,False,False,True,False,False,False,False,0,0,0,1,0,0,17.3556867103861
36029,1.0229897893533255,0.9877605245769452,0.98318882785095,henri,NY,2021-08-22,1,5.40940117699792,10.227272775955498,2021,5.4,18.0,0.1033905613803283,0.0219816207847885,0.1225735863287219,0.06257800000000001,0.7107633750979842,0,0,0,0.4232245681381957,0.3310940499040307,0.1957773512476007,False,False,False,False,False,True,False,False,False,False,0,0,0,1,0,0,5.40940117699792
36031,0.9298732790988736,0.923792443079916,0.9254273003980332,henri,NY,2021-08-22,1,9.60349129589206,31.74662134458777,2021,3.9,23.5,0.117913112477683,0.0041364388443426,0.0926562301132747,0.061563,0.901902035793585,0,0,0,0.0161649944258639,0.0150501672240802,0.0089186176142697,False,False,False,False,False,True,False,False,False,False,0,0,0,1,0,0,9.60349129589206
36033,0.9981388151153306,1.0187380718292751,0.95703125,henri,NY,2021-08-22,1,7.82449451548074,20.34926492616069,2021,4.8,16.9,0.12872878832986,0.0041484833791282,0.1219761866278756,0.055279,0.8108295657659552,0,0,0,0.0233271945979128,0.0257826887661141,0.0116635972989564,False,False,False,False,False,True,False,False,False,False,0,0,0,1,0,0,7.82449451548074
36035,0.9604805564337654,0.9824303623346984,0.969959266802444,henri,NY,2021-08-22,1,11.1171603115114,69.00000056484714,2021,5.0,19.6,0.1430360721442885,0.002210759027266,0.0986090641120117,0.055240000000000004,0.8823606631160453,0,0,0,0.0565656565656565,0.0444444444444444,0.0242424242424242,False,False,False,False,False,True,False,False,False,False,0,0,0,1,0,0,11.1171603115114
36037,1.0437688376359584,1.0149116468501609,1.0718863490707116,henri,NY,2021-08-22,1,5.65501783324356,28.887500194832683,2021,5.2,18.8,0.1183671622202611,0.0070316013245574,0.0914516986222967,0.063734,0.8727820785092827,0,0,0,0.0792682926829268,0.0934959349593495,0.040650406504065,False,False,False,False,False,True,False,False,False,False,0,0,0,1,0,0,5.65501783324356
36039,1.0022854044003715,0.9986003566832968,0.9965286090495572,henri,NY,2021-08-22,1,14.3597484108791,194.52604300621897,2021,4.4,22.4,0.1036354105639665,0.0126640307145722,0.0861268695203713,0.06281,0.8239761323569298,0,0,0,0.0432766615146831,0.0602782071097372,0.0247295208655332,False,False,False,False,False,True,False,False,False,False,0,0,0,1,0,0,14.3597484108791
36041,0.9283667621776506,0.8818726183995644,0.782608695652174,henri,NY,2021-08-22,1,9.58895229438877,45.13682413310744,2021,3.3,31.3,0.1803030303030303,0.0,0.0199039121482498,0.06284100000000001,0.933816330526728,0,0,0,0.0052417006406523,0.0011648223645894,0.0029120559114735,False,False,False,False,False,True,False,False,False,False,0,0,0,1,0,0,9.58895229438877
36043,1.032710121814665,1.065698444629802,0.9979685119349924,henri,NY,2021-08-22,1,9.15027170762374,47.55357126519084,2021,4.9,20.7,0.1253005610472882,0.0073237592569862,0.099627674808723,0.060561,0.9087779976388034,0,1,0,0.0276399716513111,0.0170092133238837,0.0155917788802267,False,False,False,False,False,True,False,False,False,False,0,0,0,1,0,0,9.15027170762374
36045,1.0108812053027412,1.008118819500558,1.013402905668099,henri,NY,2021-08-22,1,6.87936116635318,76.9843753373716,2021,7.7,13.7,0.1156932735880104,0.0103258123338532,0.0894171408484742,0.058271,0.7946727666829448,0,0,0,0.0607255520504731,0.0591482649842271,0.029179810725552,False,False,False,False,False,True,False,False,False,False,0,0,0,1,0,0,6.87936116635318
36047,0.9885938686186112,1.006664792366084,0.9817098824206728,henri,NY,2021-08-22,1,15.7964489981231,81.0625,2021,7.1,14.1,0.0628689499248321,0.1404475448377233,0.552999265055202,0.067753,0.3539476636962304,0,0,0,28.565217391304348,4.913043478260869,5.768115942028985,False,False,False,False,False,True,False,False,False,False,0,0,0,1,0,0,15.7964489981231
36049,0.9530730897009968,0.9466126656848306,0.9279736999402272,henri,NY,2021-08-22,1,7.7752274630754,41.164351619780064,2021,6.5,19.0,0.1068059640937214,0.0001913326317803,0.0466851621544054,0.060049,0.938304115566925,0,0,0,0.0180533751962323,0.0109890109890109,0.0086342229199372,False,False,False,False,False,True,False,False,False,False,0,0,0,1,0,0,7.7752274630754
36051,1.017193473583053,1.0114974538510504,1.1807928913192072,henri,NY,2021-08-22,1,6.05392066869279,51.965909296646714,2021,4.3,17.9,0.0926860702395016,0.0083291687489588,0.0591787439613526,0.064467,0.8831872432642236,0,0,1,0.0491283676703645,0.0649762282091917,0.0301109350237717,False,False,False,False,False,True,False,False,False,False,0,0,0,1,0,0,6.05392066869279
36053,1.056911581569116,1.1543163757386403,1.1157759557443443,henri,NY,2021-08-22,1,8.38854551203353,66.33928665798157,2021,4.7,18.6,0.0977569018404908,0.0053270914887606,0.0596472819726381,0.063312,0.8963332157139496,1,1,1,0.0611620795107033,0.0412844036697247,0.0290519877675841,False,False,False,False,False,True,False,False,False,False,0,0,0,1,0,0,8.38854551203353
36055,1.0265347638394644,1.0416440973856336,1.0287258339498826,henri,NY,2021-08-22,1,5.91336983360353,32.08928595483303,2021,5.4,17.4,0.1148045906719552,0.0340754275456395,0.1103845105864627,0.06631699999999999,0.6664792486072029,1,1,0,0.4847560975609756,0.361280487804878,0.2027439024390244,False,False,False,False,False,True,False,False,False,False,0,0,0,1,0,0,5.91336983360353
36057,0.9888415797973866,1.041839345562002,0.9419250761785266,henri,NY,2021-08-22,1,11.5741410291891,70.2083342266269,2021,6.2,18.5,0.1271099606320444,0.0270799174908763,0.1318559263764743,0.053533000000000004,0.7719655979972543,0,1,0,0.0769230769230769,0.0794044665012407,0.0347394540942928,False,False,False,False,False,True,False,False,False,False,0,0,0,1,0,0,11.5741410291891
36059,1.0442555158862663,1.0985608768084782,1.0272187744773151,henri,NY,2021-08-22,1,18.2896925766068,331.7749962192029,2021,5.4,17.7,0.0520103431684722,0.048545337495811,0.064419193255375,0.126576,0.5584385437757116,1,1,1,2.2288732394366195,2.3028169014084505,0.9683098591549296,False,False,False,False,False,True,False,False,False,False,0,0,0,1,0,0,18.2896925766068
36061,0.9624919174991092,0.9601600847835788,0.9605619633253046,henri,NY,2021-08-22,1,15.6379140727242,0.0,2021,4.6,16.8,0.066633143829808,0.0849464229620718,0.773451440473506,0.093956,0.4682269628290023,0,0,0,52.86363636363637,2.409090909090909,15.545454545454543,False,False,False,False,False,True,False,False,False,False,0,0,0,1,0,0,15.6379140727242
36063,0.981350126293208,0.981137026412934,0.9836294818488618,henri,NY,2021-08-22,1,5.25879612549896,3.520833342336118,2021,5.2,19.2,0.1156109445277361,0.0102854604020881,0.1010552038209485,0.060834000000000006,0.8167314004119135,0,0,0,0.2068965517241379,0.1704980842911877,0.082375478927203,False,False,False,False,False,True,False,False,False,False,0,0,0,1,0,0,5.25879612549896
36065,0.9962949819861542,1.000126244409176,1.0248819605785804,henri,NY,2021-08-22,1,8.48973774234925,50.9973955093883,2021,5.5,18.7,0.1018512009373169,0.0241784605903198,0.1038672330684744,0.061732999999999996,0.7796833602584814,0,0,0,0.1163366336633663,0.0701320132013201,0.047029702970297,False,False,False,False,False,True,False,False,False,False,0,0,0,1,0,0,8.48973774234925
36067,1.0662200364016574,1.0364286129947662,1.0527157335432449,henri,NY,2021-08-22,1,7.44125493841839,65.2578125,2021,5.6,17.1,0.1056792429507341,0.0231832437629036,0.1218367979490735,0.066012,0.7288107849474099,1,1,1,0.3406169665809768,0.2056555269922879,0.1568123393316195,False,False,False,False,False,True,False,False,False,False,0,0,0,1,0,0,7.44125493841839
36069,1.031031909757275,1.0182332830937764,1.0087552997139015,henri,NY,2021-08-22,1,6.35216640757268,93.43124942295252,2021,4.8,20.1,0.0945341466331778,0.011472275334608,0.066792704148495,0.070694,0.8660744455707908,0,0,0,0.0729813664596273,0.0822981366459627,0.0527950310559006,False,False,False,False,False,True,False,False,False,False,0,0,0,1,0,0,6.35216640757268
36071,1.0008846202451664,1.0008934525466635,0.9671101715991046,henri,NY,2021-08-22,1,13.7331263018173,43.57421875,2021,6.6,13.9,0.0847108375182245,0.037289283564118,0.0890728476821192,0.08564,0.5777279409932471,0,0,0,0.20935960591133,0.2266009852216748,0.1120689655172413,False,False,False,False,False,True,False,False,False,False,0,0,0,1,0,0,13.7331263018173
36073,1.0031433647669812,1.0353246753246756,1.025338833235121,henri,NY,2021-08-22,1,5.53005346531843,8.390625,2021,4.9,17.9,0.1295971978984238,0.0164167129543911,0.0800469048941554,0.054882,0.8436903552041246,0,0,0,0.0716112531969309,0.0434782608695652,0.0204603580562659,False,False,False,False,False,True,False,False,False,False,0,0,0,1,0,0,5.53005346531843
36075,1.002813504823151,1.0164564652643928,1.098642655557049,henri,NY,2021-08-22,1,7.19475070748395,35.29166659270413,2021,5.4,16.5,0.1178875081752779,0.0016257032235983,0.0802370104173351,0.061982999999999996,0.8994681982556902,0,0,1,0.0546792849631966,0.0662460567823343,0.0252365930599369,False,False,False,False,False,True,False,False,False,False,0,0,0,1,0,0,7.19475070748395
36077,1.4271192066719225,1.1469340211332055,1.2382040329790405,henri,NY,2021-08-22,1,10.1466574712903,47.71052646078169,2021,4.0,21.1,0.0963237650505882,0.0109141126158232,0.0746614397719173,0.060523,0.8798099924817169,1,1,1,0.0489510489510489,0.0279720279720279,0.0149850149850149,False,False,False,False,False,True,False,False,False,False,0,0,0,1,0,0,10.1466574712903
36079,1.0397357177876871,1.040032132815638,1.0740328134494634,henri,NY,2021-08-22,1,17.2599018899146,270.01250291988254,2021,4.5,17.7,0.0652765543445392,0.0221638625147903,0.0472713630198262,0.11161700000000001,0.7365974525945038,1,1,1,0.1391304347826087,0.2434782608695652,0.117391304347826,False,False,False,False,False,True,False,False,False,False,0,0,0,1,0,0,17.2599018899146
36081,0.9885148597366196,0.9959720166775762,0.9899359435009988,henri,NY,2021-08-22,1,16.5664621116819,157.10416680760682,2021,6.0,16.0,0.0599586440226211,0.1779785700485963,0.3669198036330851,0.075886,0.2283792233016166,0,0,0,13.97222222222222,3.5277777777777777,2.9537037037037037,False,False,False,False,False,True,False,False,False,False,0,0,0,1,0,0,16.5664621116819
36083,0.9999271057331344,0.998336334634405,0.9596879063719118,henri,NY,2021-08-22,1,16.8542292017432,182.6057687564753,2021,5.1,17.2,0.1117885034544328,0.0115162569150299,0.0996970199424187,0.076731,0.7732886489170235,0,0,0,0.1288343558282208,0.107361963190184,0.0460122699386503,False,False,False,False,False,True,False,False,False,False,0,0,0,1,0,0,16.8542292017432
36085,1.013622893937978,1.000969144160194,1.0185911450075935,henri,NY,2021-08-22,1,14.6208741174337,41.5,2021,5.6,16.3,0.0682376990407455,0.0663784153650134,0.153632438299278,0.089427,0.5607315828436682,0,0,0,2.8421052631578947,1.736842105263158,0.9649122807017544,False,False,False,False,False,True,False,False,False,False,0,0,0,1,0,0,14.6208741174337
36087,1.037199452316272,1.0303109914288529,1.007958837585755,henri,NY,2021-08-22,1,15.3181221356123,23.953125,2021,8.2,15.5,0.0570937231298366,0.0817924648349174,0.1036892747721733,0.09970699999999999,0.6092087878958056,0,1,0,0.7283236994219653,0.4797687861271676,0.3121387283236994,False,False,False,False,False,True,False,False,False,False,0,0,0,1,0,0,15.3181221356123
36089,1.0877971113385647,1.1124503928770424,1.040218004134561,henri,NY,2021-08-22,1,7.22518541656474,27.370454289019108,2021,5.1,17.4,0.123337912761886,0.0055307587812924,0.0951630118377644,0.054351,0.889876042578683,1,1,0,0.0253826054497947,0.0205300485255692,0.0130645763344531,False,False,False,False,False,True,False,False,False,False,0,0,0,1,0,0,7.22518541656474
36091,0.9837209729458364,0.9748792454265394,1.027126170479776,henri,NY,2021-08-22,1,13.0532248984836,89.609375,2021,4.9,18.2,0.0786430438441517,0.0088930685175152,0.046550613826166,0.09079999999999999,0.8652790339222705,0,0,0,0.1285537700865265,0.0927070457354758,0.0506798516687268,False,False,False,False,False,True,False,False,False,False,0,0,0,1,0,0,13.0532248984836
36093,1.0230740118740689,1.0090011614401857,0.997092639090789,henri,NY,2021-08-22,1,13.3071051324039,113.5625,2021,5.9,17.1,0.1002122121458295,0.015285559815197,0.1198106097840689,0.06989100000000001,0.6635286376778585,0,0,0,0.4019607843137255,0.3235294117647059,0.1176470588235294,False,False,False,False,False,True,False,False,False,False,0,0,0,1,0,0,13.3071051324039
36095,1.1015456074317291,1.0215998346424142,0.9600000000000002,henri,NY,2021-08-22,1,12.2312917747419,82.75480777025223,2021,4.2,22.0,0.1258747614287012,0.0020644095788604,0.0573080099091659,0.06422,0.897152857239012,1,0,0,0.0354267310789049,0.0289855072463768,0.0080515297906602,False,False,False,False,False,True,False,False,False,False,0,0,0,1,0,0,12.2312917747419
36097,0.9402272727272726,0.9159159159159158,1.2686567164179103,henri,NY,2021-08-22,1,6.99513608343366,127.36458334513009,2021,4.8,21.3,0.1213274471000152,0.0106072659771943,0.0662954123574648,0.056437,0.9284836294558052,0,0,0,0.0274390243902439,0.0335365853658536,0.0091463414634146,False,False,False,False,False,True,False,False,False,False,0,0,0,1,0,0,6.99513608343366
36099,0.9665572310945412,1.0502637584645889,1.0681340022657386,henri,NY,2021-08-22,1,6.82385900171237,124.58035550452767,2021,5.3,19.2,0.1302629317752191,0.0083805043005219,0.0827023450709402,0.059086,0.8657065120955817,0,1,1,0.0278637770897832,0.0619195046439628,0.0340557275541795,False,False,False,False,False,True,False,False,False,False,0,0,0,1,0,0,6.82385900171237
36101,0.9861188421931534,1.0301164799149654,1.0785232383808094,henri,NY,2021-08-22,1,6.57898040769247,95.16594905825332,2021,5.5,19.5,0.1210309835902253,0.0060284605433376,0.0934023285899094,0.058652,0.901201060010258,0,0,1,0.037410071942446,0.0460431654676259,0.0201438848920863,False,False,False,False,False,True,False,False,False,False,0,0,0,1,0,0,6.57898040769247
36103,1.065808779871226,1.1498275710475667,1.0104922501181957,henri,NY,2021-08-22,1,27.7020112439897,131.80357215204276,2021,5.3,16.9,0.0648484869025307,0.0277274489481054,0.0534373491783434,0.11166,0.6339323162420049,1,1,0,0.7343578485181119,0.8660812294182217,0.4632272228320527,False,False,False,False,False,True,False,False,False,False,0,0,0,1,0,0,27.7020112439897
36105,0.9573955414353792,0.994023461713898,1.016065219997602,henri,NY,2021-08-22,1,11.6480122528653,69.58437497355044,2021,5.7,18.8,0.1227657741727083,0.0295322043309272,0.1040741254858412,0.063393,0.6701643264143264,0,0,0,0.0712809917355371,0.0681818181818181,0.0175619834710743,False,False,False,False,False,True,False,False,False,False,0,0,0,1,0,0,11.6480122528653
36107,1.0210204471622395,1.099413097199341,1.1191182704535818,henri,NY,2021-08-22,1,7.82090852659956,89.02083409344777,2021,5.1,20.2,0.1224721277007773,0.0009844457570387,0.0613801929513683,0.06498699999999999,0.9120833763285524,0,1,1,0.0482625482625482,0.0308880308880308,0.0154440154440154,False,False,False,False,False,True,False,False,False,False,0,0,0,1,0,0,7.82090852659956
36109,1.3086002570082338,1.1834606288527896,1.2392185389171777,henri,NY,2021-08-22,1,7.42534910047525,99.54861229471862,2021,3.7,14.6,0.0790888000279795,0.0225698897153116,0.1256033015458509,0.06426000000000001,0.7257140155097409,1,1,1,0.1097046413502109,0.0464135021097046,0.0443037974683544,False,False,False,False,False,True,False,False,False,False,0,0,0,1,0,0,7.42534910047525
36111,1.0307327088412677,0.9729910596356934,1.0274042035547744,henri,NY,2021-08-22,1,13.8742842239925,127.46306674741209,2021,4.3,19.9,0.1048660714285714,0.0138916200803438,0.0677444728488355,0.07104,0.7516868205288946,0,0,0,0.0818505338078291,0.0880782918149466,0.041814946619217,False,False,False,False,False,True,False,False,False,False,0,0,0,1,0,0,13.8742842239925
36113,1.0063536506569029,1.0271010128661373,0.9736273729680572,henri,NY,2021-08-22,1,11.3274687158566,78.01470581558533,2021,4.3,22.5,0.119116475962949,0.005468029117255,0.0865315607805611,0.068765,0.9020642864748925,0,0,0,0.0622837370242214,0.0426758938869665,0.0265282583621684,False,False,False,False,False,True,False,False,False,False,0,0,0,1,0,0,11.3274687158566
36115,1.038551584204776,0.9774475708715352,1.0033869602032175,henri,NY,2021-08-22,1,13.6705516637188,77.375,2021,4.5,19.5,0.1170689537502559,0.0021185560586549,0.0897686204461429,0.063869,0.89075397213794,0,0,0,0.0361010830324909,0.0192539109506618,0.0180505415162454,False,False,False,False,False,True,False,False,False,False,0,0,0,1,0,0,13.6705516637188
36117,1.0111768040819633,0.978253964892964,0.9974563953488372,henri,NY,2021-08-22,1,6.40313053372403,44.68749986635521,2021,5.4,18.9,0.1139987499818311,0.0089751396574091,0.0790288845940006,0.064152,0.8679600801901778,0,0,0,0.0580431177446102,0.0961857379767827,0.0464344941956882,False,False,False,False,False,True,False,False,False,False,0,0,0,1,0,0,6.40313053372403
36119,1.008838324479338,1.0093530564554374,0.9891595491989688,henri,NY,2021-08-22,1,17.1230880452995,165.0624998882413,2021,5.4,17.1,0.0631093315897033,0.0683098572224371,0.1434389003685379,0.105387,0.4954756649612676,0,0,0,1.0023255813953489,0.9953488372093025,0.4302325581395348,False,False,False,False,False,True,False,False,False,False,0,0,0,1,0,0,17.1230880452995
36121,0.9355108877721944,1.043864025085519,1.01030409650666,henri,NY,2021-08-22,1,5.75045596345586,27.5624999855645,2021,4.7,18.1,0.0926703933891184,0.0017013232514177,0.0759294265910523,0.060013,0.8778219140904493,0,0,0,0.0371621621621621,0.0472972972972973,0.0168918918918918,False,False,False,False,False,True,False,False,False,False,0,0,0,1,0,0,5.75045596345586
36123,0.9506668240292696,0.9825519915403594,1.0296324081020254,henri,NY,2021-08-22,1,6.63687148230317,134.86805603839457,2021,6.0,20.8,0.0863006100942873,0.0148941121712822,0.1289271584826623,0.057635,0.93037054976992,0,0,0,0.0532544378698224,0.029585798816568,0.0384615384615384,False,False,False,False,False,True,False,False,False,False,0,0,0,1,0,0,6.63687148230317
12001,1.1040512516833536,1.0361379062002138,1.0285656034795216,laura,FL,2020-08-25,1,5.34397546221675,82.05146789550781,2020,5.1,14.4,0.0816960932480249,0.0204946525337371,0.069636105635077,0.053314,0.5762349713432064,1,0,1,0.1737142857142857,0.104,0.0685714285714285,False,False,False,False,False,False,False,True,False,False,0,0,0,0,0,0,5.34397546221675
12003,1.0338842975206612,0.9736109107453976,1.037122969837587,laura,FL,2020-08-25,1,4.9297605991219,82.9000015258789,2020,6.2,14.5,0.109431835647318,0.0,0.0371542428504453,0.06386,0.7850596270214799,0,0,0,0.0256410256410256,0.029059829059829,0.0085470085470085,False,False,False,False,False,False,False,True,False,False,0,0,0,0,0,0,4.9297605991219
12005,0.9287422228379038,0.9059649181823726,0.9668715521421792,laura,FL,2020-08-25,1,5.86670489501952,403.0583190917969,2020,5.8,17.7,0.1635879402949642,0.0168082216215474,0.0490800071349185,0.060473,0.732513012510273,0,0,0,0.1319261213720316,0.1820580474934037,0.0857519788918205,False,False,False,False,False,False,False,True,False,False,0,0,0,0,0,0,5.86670489501952
12007,0.998889094612109,0.988823031329382,1.010772404308962,laura,FL,2020-08-25,1,5.09832349890383,92.63392639160156,2020,5.0,17.6,0.1544517130502272,0.0,0.0743838519014163,0.048803,0.7179450941596297,0,0,0,0.0648464163822525,0.0716723549488054,0.0170648464163822,False,False,False,False,False,False,False,True,False,False,0,0,0,0,0,0,5.09832349890383
12009,1.00268638062072,1.0041292036663436,0.9955295280629132,laura,FL,2020-08-25,1,5.81766356905881,32.880950927734375,2020,4.6,23.5,0.1179269020017146,0.0162533947094046,0.04541389698216,0.063632,0.7103980798269734,0,0,0,0.2633136094674556,0.2692307692307692,0.1153846153846153,False,False,False,False,False,False,False,True,False,False,0,0,0,0,0,0,5.81766356905881
12011,1.0076875651730466,1.0077200992584192,1.0206870716208345,laura,FL,2020-08-25,1,8.1667228184001,21.19047737121582,2020,5.7,16.7,0.0705867081861606,0.09407424801765,0.0682668363223312,0.06452200000000001,0.331330118932819,0,0,0,0.6697171381031614,0.5108153078202995,0.3668885191347754,False,False,False,False,False,False,False,True,False,False,0,0,0,0,0,0,8.1667228184001
12013,1.0311168954093703,0.9755918517159112,0.961565735356687,laura,FL,2020-08-25,1,5.6063731720086,288.63751220703125,2020,4.2,17.9,0.17569338283468,0.0004449388209121,0.0767519466073414,0.038098,0.7686107854630715,0,0,0,0.0123456790123456,0.0264550264550264,0.0088183421516754,False,False,False,False,False,False,False,True,False,False,0,0,0,0,0,0,5.6063731720086
12015,1.0024369156236206,0.9892293269128332,1.0127621867536931,laura,FL,2020-08-25,1,7.98463647526208,6.59375,2020,2.9,39.9,0.1575345114264723,0.017847864177391,0.0455078243006464,0.057887,0.822598168555021,0,0,0,0.1233480176211453,0.0998531571218795,0.0690161527165932,False,False,False,False,False,False,False,True,False,False,0,0,0,0,0,0,7.98463647526208
12017,1.0236599127981534,0.9907655590233156,1.046698380164278,laura,FL,2020-08-25,1,5.97612468277155,44.46875,2020,3.4,36.0,0.1550398727606088,0.0142460094467141,0.0419786461734732,0.048664,0.8546180196694032,0,0,1,0.1135972461273666,0.0929432013769363,0.0585197934595524,False,False,False,False,False,False,False,True,False,False,0,0,0,0,0,0,5.97612468277155
12019,1.0065876892557033,1.0163015011178538,0.9738568396681458,laura,FL,2020-08-25,1,5.0171539701352,90.5187530517578,2020,5.4,15.8,0.1072644958872896,0.0117002866957667,0.0355270294702585,0.074059,0.6826548145432885,0,0,0,0.140728476821192,0.1241721854304635,0.043046357615894,False,False,False,False,False,False,False,True,False,False,0,0,0,0,0,0,5.0171539701352
12021,0.9987486612314486,1.0031507550947556,1.007849941284132,laura,FL,2020-08-25,1,8.96502673312622,3.227430582046509,2020,4.3,32.0,0.0621493090992246,0.0712766165076019,0.046418278457625,0.07554300000000001,0.6266234111861014,0,0,0,0.0896793587174348,0.0516032064128256,0.0556112224448897,False,False,False,False,False,False,False,True,False,False,0,0,0,0,0,0,8.96502673312622
12023,0.9564325368090756,0.9792948426361556,1.0126892573900508,laura,FL,2020-08-25,1,5.05307312754739,77.64204406738281,2020,5.8,18.8,0.1650382061881498,0.0071906094527363,0.0478467039800995,0.04775,0.7044104565410773,0,0,0,0.0803011292346298,0.06900878293601,0.0250941028858218,False,False,False,False,False,False,False,True,False,False,0,0,0,0,0,0,5.05307312754739
12027,0.9842826886634712,1.0397145516599444,0.9691443753396536,laura,FL,2020-08-25,1,7.57603480544639,6.868750095367432,2020,4.9,21.7,0.1316196034675135,0.0832309330711886,0.055705742606701,0.039945,0.5481516364492584,0,0,0,0.0314465408805031,0.0188679245283018,0.0157232704402515,False,False,False,False,False,False,False,True,False,False,0,0,0,0,0,0,7.57603480544639
12029,0.9431273873764628,0.978247162673392,1.5484327127032758,laura,FL,2020-08-25,1,5.60752004013478,69.14286041259766,2020,4.0,23.0,0.2010026924148175,0.0095536155493328,0.050732992917147,0.044287,0.8204546810668895,0,0,1,0.0198581560283687,0.0198581560283687,0.0099290780141843,False,False,False,False,False,False,False,True,False,False,0,0,0,0,0,0,5.60752004013478
12031,1.0050187636308043,1.0016861998559103,0.9899046878607818,laura,FL,2020-08-25,1,4.76015390536056,85.95833587646484,2020,6.6,14.2,0.1008794183424552,0.0346917893170167,0.0736832313543906,0.059541,0.4942299212408607,0,0,0,0.7834645669291339,0.5905511811023622,0.326771653543307,False,False,False,False,False,False,False,True,False,False,0,0,0,0,0,0,4.76015390536056
12033,1.016614554081128,1.0140128186137147,1.0013639906469214,laura,FL,2020-08-25,1,6.1239846205519,64.09375,2020,5.9,16.8,0.1293890941383903,0.0144103330280977,0.0680996674538532,0.056604999999999996,0.6242897749335984,0,0,0,0.2210365853658536,0.2149390243902439,0.1173780487804878,False,False,False,False,False,False,False,True,False,False,0,0,0,0,0,0,6.1239846205519
12035,0.9930859482631568,1.0071044828699762,1.014419692963266,laura,FL,2020-08-25,1,5.1846434824714,48.1015625,2020,3.7,30.4,0.0977154641384112,0.0429315688817568,0.032292101734409,0.062305,0.730563885662778,0,0,0,0.0946502057613168,0.0699588477366255,0.0411522633744856,False,False,False,False,False,False,False,True,False,False,0,0,0,0,0,0,5.1846434824714
12037,0.8524830019795165,0.945725870779048,1.4482029598308672,laura,FL,2020-08-25,1,5.86821411033505,266.0562438964844,2020,4.1,23.6,0.1536890824938742,0.0046062733055494,0.0706295240184251,0.052679000000000004,0.7869247450004015,0,0,1,0.025735294117647,0.0294117647058823,0.0110294117647058,False,False,False,False,False,False,False,True,False,False,0,0,0,0,0,0,5.86821411033505
12039,1.0241665453486677,0.949470068473029,1.027512633352049,laura,FL,2020-08-25,1,5.3409201267119,148.0416717529297,2020,5.8,18.1,0.1557966321243523,0.0253662248715834,0.0939818631492168,0.042661000000000004,0.321567106283941,0,0,0,0.0329457364341085,0.0794573643410852,0.0155038759689922,False,False,False,False,False,False,False,True,False,False,0,0,0,0,0,0,5.3409201267119
12041,1.02844357576381,1.0404843665281045,1.0379094589620903,laura,FL,2020-08-25,1,5.44828499666747,60.13541793823242,2020,5.1,20.0,0.1357913669064748,0.0202733143114581,0.0554137257846523,0.050982999999999994,0.8299932825794895,0,0,0,0.0401146131805157,0.0401146131805157,0.0114613180515759,False,False,False,False,False,False,False,True,False,False,0,0,0,0,0,0,5.44828499666747
12043,1.0817482800485634,1.016749723145072,0.0,laura,FL,2020-08-25,1,7.37410407150282,11.625,2020,3.8,27.2,0.1261324041811846,0.0540244969378827,0.0212160979877515,0.038088000000000004,0.5881576777173017,1,0,0,0.009925558312655,0.0074441687344913,0.0,False,False,False,False,False,False,False,True,False,False,0,0,0,0,0,0,7.37410407150282
12045,0.9405713536889008,1.1461175886876702,1.1329182458040066,laura,FL,2020-08-25,1,5.97245200585691,486.0,2020,3.6,22.9,0.1850676072898295,0.0067041130639608,0.0282659902156187,0.053812,0.7907271702367531,0,0,1,0.0180831826401446,0.023508137432188,0.0108499095840868,False,False,False,False,False,False,False,True,False,False,0,0,0,0,0,0,5.97245200585691
12047,0.9843833185448094,0.965635775403346,1.1063464837049743,laura,FL,2020-08-25,1,4.94923412267313,88.75,2020,4.5,17.5,0.138446338149932,0.0140209125475285,0.0520437262357414,0.039346,0.5450585546986575,0,0,0,0.036964980544747,0.0350194552529182,0.0019455252918287,False,False,False,False,False,False,False,True,False,False,0,0,0,0,0,0,4.94923412267313
12049,1.023434731993724,0.9737126694950504,1.096610829762369,laura,FL,2020-08-25,1,7.17347713751077,10.0625,2020,6.7,16.4,0.0893925259287713,0.1248754980079681,0.0404631474103585,0.041395,0.4687882496940024,0,0,0,0.0251177394034536,0.0188383045525902,0.0047095761381475,False,False,False,False,False,False,False,True,False,False,0,0,0,0,0,0,7.17347713751077
12051,0.9671887504287182,1.02675222112537,1.0406733482533816,laura,FL,2020-08-25,1,7.95471695714954,3.928124904632568,2020,7.3,13.4,0.0947480827104164,0.1545901255752281,0.0755791279931362,0.038843,0.3051313763598273,0,1,0,0.0329004329004329,0.0225108225108225,0.0086580086580086,False,False,False,False,False,False,False,True,False,False,0,0,0,0,0,0,7.95471695714954
12053,1.0142108106132297,1.013210310638364,0.9847799991108082,laura,FL,2020-08-25,1,6.24231767872439,26.7265625,2020,4.5,26.9,0.1425670498084291,0.0180289847644187,0.0495636908804346,0.053301,0.7406112639128087,0,0,0,0.1610169491525423,0.1419491525423729,0.059322033898305,False,False,False,False,False,False,False,True,False,False,0,0,0,0,0,0,6.24231767872439
12055,1.0100739607243052,1.024360800343095,0.9956257833042536,laura,FL,2020-08-25,1,7.06315998267245,13.138157844543455,2020,4.5,35.3,0.1407863383637807,0.033972303704209,0.0492075403051595,0.046895000000000006,0.6471180915691214,0,0,0,0.0530973451327433,0.0471976401179941,0.0285152409046214,False,False,False,False,False,False,False,True,False,False,0,0,0,0,0,0,7.06315998267245
12057,1.0305363760483712,1.0206928902343486,1.0641203847776326,laura,FL,2020-08-25,1,6.89145146531065,13.5,2020,6.0,14.2,0.0848513121779072,0.0702657886182425,0.0604370518903243,0.064164,0.4574656690611209,1,1,1,0.8178256611165524,0.5523996082272282,0.2722820763956905,False,False,False,False,False,False,False,True,False,False,0,0,0,0,0,0,6.89145146531065
12059,1.0549043800123383,0.9932387391676986,1.4629847238542892,laura,FL,2020-08-25,1,5.39644679341028,203.50892639160156,2020,4.8,19.9,0.1544106521410198,0.0038598999285203,0.0513223731236597,0.041809,0.8531013076883937,0,0,1,0.0188284518828451,0.0355648535564853,0.00836820083682,False,False,False,False,False,False,False,True,False,False,0,0,0,0,0,0,5.39644679341028
12061,1.025649834568345,1.036306944297643,1.035641547861507,laura,FL,2020-08-25,1,6.2175965661165,30.085227966308594,2020,4.0,33.0,0.1005920169263945,0.0203701658330309,0.0449058806822664,0.061594,0.7348611910781786,0,0,0,0.1354581673306772,0.1314741035856573,0.0856573705179282,False,False,False,False,False,False,False,True,False,False,0,0,0,0,0,0,6.2175965661165
12063,0.9943061103084898,0.9574587977696324,1.0970047133951648,laura,FL,2020-08-25,1,5.32427337487557,167.08456420898438,2020,5.1,19.6,0.1442139296780277,0.00788896138561,0.057120825671748,0.043415999999999996,0.6472875589086836,0,0,1,0.0468409586056644,0.0479302832244008,0.0141612200435729,False,False,False,False,False,False,False,True,False,False,0,0,0,0,0,0,5.32427337487557
12065,1.0006031363088057,1.0099786514428266,0.6557377049180326,laura,FL,2020-08-25,1,5.23487719757159,243.28125,2020,4.2,23.1,0.1052228183510347,0.0011123470522803,0.0580274378939562,0.053079999999999995,0.6009648518263266,0,0,0,0.0133779264214046,0.0267558528428093,0.0033444816053511,False,False,False,False,False,False,False,True,False,False,0,0,0,0,0,0,5.23487719757159
12067,0.9724950884086444,1.0587598158678582,0.4639175257731958,laura,FL,2020-08-25,1,5.33626239732234,73.25,2020,3.7,16.2,0.135523613963039,0.0547063555913113,0.0301689460981496,0.056458,0.738390469243861,0,1,0,0.001841620626151,0.009208103130755,0.001841620626151,False,False,False,False,False,False,False,True,False,False,0,0,0,0,0,0,5.33626239732234
12069,0.999601730502848,1.010100092094421,1.0054561451917718,laura,FL,2020-08-25,1,5.79892652321889,37.047794342041016,2020,4.8,26.3,0.1101444626560318,0.0257870261951758,0.0435783346157706,0.060013,0.6594870245548969,0,0,0,0.1640378548895899,0.131440588853838,0.0715036803364879,False,False,False,False,False,False,False,True,False,False,0,0,0,0,0,0,5.79892652321889
12071,1.013694410879712,1.0220177807186996,0.978731225711585,laura,FL,2020-08-25,1,8.52795956748283,19.136030197143555,2020,4.5,28.4,0.0884689611768244,0.0477135377736363,0.0520876977170572,0.063235,0.6446659008283147,0,1,0,0.4327784891165173,0.3444302176696543,0.2368758002560819,False,False,False,False,False,False,False,True,False,False,0,0,0,0,0,0,8.52795956748283
12073,1.1527827846452618,1.088738255765351,1.0749730583193406,laura,FL,2020-08-25,1,5.28637069081517,218.95672607421875,2020,5.1,13.6,0.090175708605874,0.0126022927165036,0.0674898238398327,0.057359,0.5388743249440447,1,1,1,0.1841317365269461,0.1646706586826347,0.0823353293413173,False,False,False,False,False,False,False,True,False,False,0,0,0,0,0,0,5.28637069081517
12075,1.0040590570498238,0.9879047691954376,1.0112571536381358,laura,FL,2020-08-25,1,5.67463988328012,58.14285659790039,2020,5.0,24.5,0.1596986310584911,0.0152481447124304,0.0429035250463821,0.043029000000000005,0.7660258650821391,0,0,0,0.035778175313059,0.0241502683363148,0.0125223613595706,False,False,False,False,False,False,False,True,False,False,0,0,0,0,0,0,5.67463988328012
12077,0.9441421090461032,1.0057494052339413,1.0151691948658108,laura,FL,2020-08-25,1,5.65432551432773,178.77403259277344,2020,3.0,13.9,0.1834600760456273,0.0,0.0570425625274243,0.042438000000000003,0.7184599949836971,0,0,0,0.0083832335329341,0.0107784431137724,0.0011976047904191,False,False,False,False,False,False,False,True,False,False,0,0,0,0,0,0,5.65432551432773
12079,1.056878095542419,0.9913545735601752,1.0467289719626167,laura,FL,2020-08-25,1,5.10184766445043,98.5227279663086,2020,4.6,20.7,0.103562904875554,0.0149045179319981,0.0754541220307405,0.039503,0.5638913624220837,0,0,0,0.014367816091954,0.0272988505747126,0.0043103448275862,False,False,False,False,False,False,False,True,False,False,0,0,0,0,0,0,5.10184766445043
12081,1.000665570060757,1.0138910494385145,1.0383955329013086,laura,FL,2020-08-25,1,7.45916271990283,8.26171875,2020,4.5,27.5,0.0933199740319197,0.0270201082852278,0.0397173832349891,0.064964,0.6832478546946537,0,0,1,0.2601078167115903,0.1657681940700808,0.0862533692722372,False,False,False,False,False,False,False,True,False,False,0,0,0,0,0,0,7.45916271990283
12083,1.0040552793360102,1.006256865835602,0.9932450253494708,laura,FL,2020-08-25,1,5.60632517459949,60.096981048583984,2020,4.9,28.5,0.1089911777587753,0.0212287910922587,0.0474350477200424,0.050808,0.6752636283345925,0,0,0,0.105793450881612,0.1133501259445843,0.0522670025188916,False,False,False,False,False,False,False,True,False,False,0,0,0,0,0,0,5.60632517459949
12085,1.0158376796845183,1.02747407737195,1.0289113730085404,laura,FL,2020-08-25,1,6.87584672829695,20.107954025268555,2020,4.0,31.0,0.0861242591782347,0.0191958613178435,0.0523991044956737,0.06976900000000001,0.7524789971659587,0,0,0,0.149171270718232,0.1160220994475138,0.0883977900552486,False,False,False,False,False,False,False,True,False,False,0,0,0,0,0,0,6.87584672829695
12086,1.012066137761543,1.0091845250388287,1.0151875214039114,laura,FL,2020-08-25,1,9.16571717255094,16.02777862548828,2020,5.7,16.2,0.0623672405199187,0.2415696677848371,0.0969219875879878,0.057815,0.1338076155345742,0,0,0,0.6203264876250658,0.4423380726698262,0.3070036861506056,False,False,False,False,False,False,False,True,False,False,0,0,0,0,0,0,9.16571717255094
12087,0.94922273227317,0.9190020529119292,1.0318091451292248,laura,FL,2020-08-25,1,10.495601704895,14.5,2020,4.5,22.5,0.0642532221379833,0.0540379870998424,0.0716939630829593,0.07315300000000001,0.6604121920023168,0,0,0,0.0681586978636826,0.0640895218718209,0.0315361139369277,False,False,False,False,False,False,False,True,False,False,0,0,0,0,0,0,10.495601704895
12089,1.0064309339167865,1.0011187208382215,0.9864516129032256,laura,FL,2020-08-25,1,4.66572419144465,93.87019348144533,2020,5.0,22.3,0.1304669077189121,0.0074659133492836,0.0300654348390072,0.077504,0.8391291836373296,0,0,0,0.0802469135802469,0.0617283950617283,0.0308641975308641,False,False,False,False,False,False,False,True,False,False,0,0,0,0,0,0,4.66572419144465
12091,0.9395695636989054,0.9245702226387642,0.9974584049137504,laura,FL,2020-08-25,1,5.75085925075429,307.875,2020,6.4,15.8,0.1222774374457841,0.0197835788958855,0.0429418597542336,0.06739,0.6910397414819435,0,0,0,0.0978494623655914,0.1075268817204301,0.0591397849462365,False,False,False,False,False,False,False,True,False,False,0,0,0,0,0,0,5.75085925075429
12093,1.026782216232311,1.019707912941714,1.1347142788484643,laura,FL,2020-08-25,1,6.68095198425444,13.21250057220459,2020,6.0,19.6,0.1277579010137149,0.0485331891307286,0.032040016222793,0.047020000000000006,0.6223135909595399,0,0,1,0.0455136540962288,0.0351105331599479,0.0117035110533159,False,False,False,False,False,False,False,True,False,False,0,0,0,0,0,0,6.68095198425444
12095,0.9988063557598084,1.009399197106601,1.0165368314577792,laura,FL,2020-08-25,1,5.88263235803172,27.493419647216797,2020,5.9,12.0,0.0862941600325815,0.0825134864462267,0.0508066620098802,0.06578400000000001,0.3716057256830509,0,0,1,0.770509977827051,0.5376940133037694,0.2971175166297117,False,False,False,False,False,False,False,True,False,False,0,0,0,0,0,0,5.88263235803172
12097,0.9889557180878934,0.984721509053741,0.9759806842055754,laura,FL,2020-08-25,1,6.14973047591127,26.136573791503903,2020,6.2,13.0,0.1133987354149012,0.1269381604270307,0.0464341479356548,0.058512999999999996,0.2916769585443168,0,0,0,0.1220798794272795,0.0866616428033157,0.0339110776186887,False,False,False,False,False,False,False,True,False,False,0,0,0,0,0,0,6.14973047591127
12099,1.0162988034756748,1.027890916579868,1.0042784008855146,laura,FL,2020-08-25,1,7.4204039223444,35.032814025878906,2020,5.0,23.8,0.0749154864057053,0.0717013210719319,0.059524813334274,0.06887399999999999,0.522559779545648,0,0,0,0.2744399185336049,0.2260692464358452,0.1644602851323829,False,False,False,False,False,False,False,True,False,False,0,0,0,0,0,0,7.4204039223444
12101,1.0331134331920369,1.025372484444356,0.9993698669307224,laura,FL,2020-08-25,1,6.48098140723696,19.727678298950195,2020,5.1,22.1,0.120186201849444,0.0225752123616083,0.0502259361856818,0.058084000000000004,0.6983115942415877,1,1,0,0.3163538873994638,0.2520107238605898,0.1005361930294906,False,False,False,False,False,False,False,True,False,False,0,0,0,0,0,0,6.48098140723696
12103,1.0135001923446814,1.002739639254438,1.0210610781688012,laura,FL,2020-08-25,1,7.01596563874108,36.98958206176758,2020,4.2,24.8,0.1048388415318415,0.0280999687297043,0.0737088976018088,0.060451,0.7136461312450019,1,0,1,1.8168498168498168,1.2783882783882785,0.706959706959707,False,False,False,False,False,False,False,True,False,False,0,0,0,0,0,0,7.01596563874108
12105,1.025307677135713,1.002539360081259,1.0400651999884258,laura,FL,2020-08-25,1,6.54092168686928,16.764286041259766,2020,5.7,19.9,0.1108304563573385,0.0406946891120081,0.0525796080228139,0.055098999999999995,0.5415118489033799,1,0,0,0.2142459654980523,0.1630495269894268,0.0667779632721202,False,False,False,False,False,False,False,True,False,False,0,0,0,0,0,0,6.54092168686928
12107,1.0231683796782305,1.0244497730581483,1.0480546075085324,laura,FL,2020-08-25,1,5.18667047949146,77.33482360839844,2020,5.7,22.9,0.1393577963829911,0.0262219784739836,0.0789401521903064,0.039975000000000004,0.6893113841873406,1,1,1,0.0892857142857142,0.0714285714285714,0.0233516483516483,False,False,False,False,False,False,False,True,False,False,0,0,0,0,0,0,5.18667047949146
12109,0.9962130632083576,0.989394711390312,1.0198813195028502,laura,FL,2020-08-25,1,4.91293866110649,75.24519348144531,2020,4.9,20.1,0.0733550225719401,0.0109682141363446,0.0230029276453366,0.088794,0.7842296790710432,0,0,0,0.1783333333333333,0.1533333333333333,0.0833333333333333,False,False,False,False,False,False,False,True,False,False,0,0,0,0,0,0,4.91293866110649
12111,1.0151399190125656,0.9997265033647792,0.9816446996037844,laura,FL,2020-08-25,1,6.54073561206165,22.625,2020,5.0,24.0,0.1056131566414561,0.0408721130080369,0.043540176452294,0.059807,0.5362061319579863,0,0,0,0.2154115586690017,0.2171628721541156,0.1033274956217162,False,False,False,False,False,False,False,True,False,False,0,0,0,0,0,0,6.54073561206165
12113,0.9911733861570732,0.9983385497252216,1.0015318525425423,laura,FL,2020-08-25,1,5.91169502918429,235.8374938964844,2020,5.5,16.0,0.1156336725254394,0.0068854206769923,0.0300441259217579,0.07726000000000001,0.7846702127659575,0,0,0,0.0553359683794466,0.0691699604743083,0.0296442687747035,False,False,False,False,False,False,False,True,False,False,0,0,0,0,0,0,5.91169502918429
12115,0.9990386988659246,0.997498868141212,1.0336409964006985,laura,FL,2020-08-25,1,7.86733815657421,8.15625,2020,3.4,36.5,0.0862174477390284,0.0257060792170088,0.0461574955007915,0.06949,0.805749229273328,0,0,1,0.3381294964028777,0.2517985611510791,0.2230215827338129,False,False,False,False,False,False,False,True,False,False,0,0,0,0,0,0,7.86733815657421
12117,1.0199582374332707,1.0240965026536286,0.9971759759352462,laura,FL,2020-08-25,1,5.71838829485933,24.5625,2020,5.2,15.6,0.0752349821644129,0.0303110713081358,0.036182010160815,0.073002,0.5608338855191396,0,1,0,0.7346278317152104,0.4498381877022653,0.3042071197411003,False,False,False,False,False,False,False,True,False,False,0,0,0,0,0,0,5.71838829485933
12119,1.0459885987984732,0.997498634539424,1.031929862539236,laura,FL,2020-08-25,1,6.01635070045949,37.74479293823242,2020,1.8,57.6,0.1090500671576119,0.0047362510375807,0.0368158070343907,0.063323,0.8417057155188359,1,0,1,0.1023339317773788,0.0915619389587073,0.0412926391382405,False,False,False,False,False,False,False,True,False,False,0,0,0,0,0,0,6.01635070045949
12121,0.9711601621078988,1.0315734364302684,1.0302457466918715,laura,FL,2020-08-25,1,5.13186124464333,80.5625,2020,5.1,20.3,0.1776992390231477,0.0089415816664458,0.0768313683931646,0.047218,0.7283433776510098,0,1,0,0.0625,0.0581395348837209,0.0203488372093023,False,False,False,False,False,False,False,True,False,False,0,0,0,0,0,0,5.13186124464333
12123,0.9775331051926794,1.010337624036128,1.0554553223815402,laura,FL,2020-08-25,1,5.43324235395316,208.9583282470703,2020,4.3,19.2,0.1975050422051243,0.0006877579092159,0.0596973865199449,0.043563000000000004,0.7170581758120756,0,0,0,0.0182166826462128,0.0210930009587727,0.0105465004793863,False,False,False,False,False,False,False,True,False,False,0,0,0,0,0,0,5.43324235395316
12125,1.0602328705776982,1.0300159921269527,1.101997146932953,laura,FL,2020-08-25,1,5.10255746228625,85.703125,2020,5.1,15.5,0.1434926283680732,0.0,0.0514271653543307,0.055463,0.7174707375983155,0,0,0,0.0288065843621399,0.0329218106995884,0.0246913580246913,False,False,False,False,False,False,False,True,False,False,0,0,0,0,0,0,5.10255746228625
12127,1.011268873805236,1.0131771952143596,0.9852026964333978,laura,FL,2020-08-25,1,5.35095580473305,34.7717399597168,2020,4.6,24.3,0.1255401845555089,0.0163364235745004,0.0558824687512304,0.056786,0.6856323718301921,0,0,0,0.2506811989100817,0.1989100817438692,0.1017257039055404,False,False,False,False,False,False,False,True,False,False,0,0,0,0,0,0,5.35095580473305
12129,0.9837286452573856,0.9745686958076336,1.0256410256410255,laura,FL,2020-08-25,1,5.56344935559042,210.79861450195312,2020,4.8,15.1,0.099821063394683,0.0025741168116456,0.0249423042783596,0.072941,0.7696659163606208,0,0,0,0.0247524752475247,0.028052805280528,0.0066006600660066,False,False,False,False,False,False,False,True,False,False,0,0,0,0,0,0,5.56344935559042
12131,0.8439069164731926,0.9047853051818212,0.9462189991142604,laura,FL,2020-08-25,1,5.71630052666225,262.97186279296875,2020,5.8,19.5,0.1243735335523228,0.012060168312239,0.0413491484991054,0.068111,0.8053117322886927,0,0,0,0.0404624277456647,0.0500963391136801,0.0260115606936416,False,False,False,False,False,False,False,True,False,False,0,0,0,0,0,0,5.71630052666225
12133,0.941989167124578,0.9270575322961008,0.8670520231213874,laura,FL,2020-08-25,1,5.58846343059736,271.9583435058594,2020,4.0,17.3,0.1466784765279008,0.005986671184909,0.0390827967920478,0.041805999999999996,0.7695710561655739,0,0,0,0.0136986301369863,0.0291095890410958,0.0085616438356164,False,False,False,False,False,False,False,True,False,False,0,0,0,0,0,0,5.58846343059736
12001,1.171690223458402,1.15184812467702,1.142583104679115,helene,FL,2024-09-26,1,16.4689809990303,131.93014526367188,2024,5.1,14.4,0.0816960932480249,0.0204946525337371,0.069636105635077,0.053314,0.5762349713432064,1,1,1,0.176,0.1062857142857142,0.0331428571428571,False,False,False,False,True,False,False,False,False,False,0,0,0,0,0,0,16.4689809990303
12003,1.1820484127451558,1.193777715210811,1.1997019374068554,helene,FL,2024-09-26,1,14.7552082201415,141.71875,2024,6.2,14.5,0.109431835647318,0.0,0.0371542428504453,0.06386,0.7850596270214799,1,1,0,0.0256410256410256,0.0256410256410256,0.0051282051282051,False,False,False,False,True,False,False,False,False,False,0,0,0,0,0,0,14.7552082201415
12005,1.164830252189234,1.127661723932785,1.2259081328446917,helene,FL,2024-09-26,1,45.5512979647983,159.0416717529297,2024,5.8,17.7,0.1635879402949642,0.0168082216215474,0.0490800071349185,0.060473,0.732513012510273,1,1,1,0.1411609498680738,0.179419525065963,0.0356200527704485,False,False,False,False,True,False,False,False,False,False,0,0,0,0,0,0,45.5512979647983
12007,1.1772545109393877,1.15721683707343,1.014244036382358,helene,FL,2024-09-26,1,14.6739190007833,126.59821319580078,2024,5.0,17.6,0.1544517130502272,0.0,0.0743838519014163,0.048803,0.7179450941596297,1,1,0,0.0648464163822525,0.0546075085324232,0.0102389078498293,False,False,False,False,True,False,False,False,False,False,0,0,0,0,0,0,14.6739190007833
12009,1.1528234102765351,1.1485235700448118,1.1052080690180155,helene,FL,2024-09-26,1,9.60409559819627,172.61607360839844,2024,4.6,23.5,0.1179269020017146,0.0162533947094046,0.04541389698216,0.063632,0.7103980798269734,1,1,1,0.2751479289940828,0.277120315581854,0.0660749506903353,False,False,False,False,True,False,False,False,False,False,0,0,0,0,0,0,9.60409559819627
12011,1.153274666445782,1.14521675929762,1.143367336740337,helene,FL,2024-09-26,1,7.54010951291648,335.75299072265625,2024,5.7,16.7,0.0705867081861606,0.09407424801765,0.0682668363223312,0.06452200000000001,0.331330118932819,1,1,1,0.6855241264559068,0.4908485856905158,0.1256239600665557,False,False,False,False,True,False,False,False,False,False,0,0,0,0,0,0,7.54010951291648
12013,1.1810705136847783,1.1912183222658896,1.20897261604195,helene,FL,2024-09-26,1,49.058739553594,210.6499938964844,2024,4.2,17.9,0.17569338283468,0.0004449388209121,0.0767519466073414,0.038098,0.7686107854630715,1,1,1,0.0158730158730158,0.0264550264550264,0.0035273368606701,False,False,False,False,True,False,False,False,False,False,0,0,0,0,0,0,49.058739553594
12015,1.1864227057978018,1.1394645012982287,1.1443377148634986,helene,FL,2024-09-26,1,11.7036114991085,326.1428527832031,2024,2.9,39.9,0.1575345114264723,0.017847864177391,0.0455078243006464,0.057887,0.822598168555021,1,1,1,0.1204111600587371,0.0983847283406754,0.0308370044052863,False,False,False,False,True,False,False,False,False,False,0,0,0,0,0,0,11.7036114991085
12017,1.1591962905718702,1.0933710314756775,1.1237837837837836,helene,FL,2024-09-26,1,19.0245669750849,327.0416564941406,2024,3.4,36.0,0.1550398727606088,0.0142460094467141,0.0419786461734732,0.048664,0.8546180196694032,1,1,1,0.1135972461273666,0.0929432013769363,0.027538726333907,False,False,False,False,True,False,False,False,False,False,0,0,0,0,0,0,19.0245669750849
12019,1.159738025198424,1.1545005447517274,1.1866430179411966,helene,FL,2024-09-26,1,12.8496505902511,130.6999969482422,2024,5.4,15.8,0.1072644958872896,0.0117002866957667,0.0355270294702585,0.074059,0.6826548145432885,1,1,1,0.1423841059602649,0.1026490066225165,0.0298013245033112,False,False,False,False,True,False,False,False,False,False,0,0,0,0,0,0,12.8496505902511
12021,1.1829252304511448,1.169217324580101,1.1689470553242118,helene,FL,2024-09-26,1,9.13053991708862,134.75694274902344,2024,4.3,32.0,0.0621493090992246,0.0712766165076019,0.046418278457625,0.07554300000000001,0.6266234111861014,1,1,1,0.095190380761523,0.0495991983967935,0.0205410821643286,False,False,False,False,True,False,False,False,False,False,0,0,0,0,0,0,9.13053991708862
12023,1.1960333149690503,1.3128100164112777,1.2499508898754568,helene,FL,2024-09-26,1,17.6998100135872,150.05113220214844,2024,5.8,18.8,0.1650382061881498,0.0071906094527363,0.0478467039800995,0.04775,0.7044104565410773,1,1,1,0.0803011292346298,0.0677540777917189,0.0125470514429109,False,False,False,False,True,False,False,False,False,False,0,0,0,0,0,0,17.6998100135872
12027,1.2018134124087594,1.179147216883066,1.1663754368447328,helene,FL,2024-09-26,1,11.7078665035277,377.15625,2024,4.9,21.7,0.1316196034675135,0.0832309330711886,0.055705742606701,0.039945,0.5481516364492584,1,1,1,0.0298742138364779,0.0172955974842767,0.0078616352201257,False,False,False,False,True,False,False,False,False,False,0,0,0,0,0,0,11.7078665035277
12029,1.1972190982517124,1.2725918570009933,1.205112598904443,helene,FL,2024-09-26,1,27.2825993485406,345.75,2024,4.0,23.0,0.2010026924148175,0.0095536155493328,0.050732992917147,0.044287,0.8204546810668895,1,1,1,0.0198581560283687,0.0226950354609929,0.001418439716312,False,False,False,False,True,False,False,False,False,False,0,0,0,0,0,0,27.2825993485406
12031,1.1458344914999832,1.1444461732193696,1.114010466222645,helene,FL,2024-09-26,1,11.6200269219575,99.97917175292967,2024,6.6,14.2,0.1008794183424552,0.0346917893170167,0.0736832313543906,0.059541,0.4942299212408607,1,1,1,0.8110236220472441,0.5708661417322834,0.1417322834645669,False,False,False,False,True,False,False,False,False,False,0,0,0,0,0,0,11.6200269219575
12033,1.1355537488982768,1.1532092551798194,1.1453892602106,helene,FL,2024-09-26,1,28.330410372503,225.2083282470703,2024,5.9,16.8,0.1293890941383903,0.0144103330280977,0.0680996674538532,0.056604999999999996,0.6242897749335984,1,1,1,0.2240853658536585,0.1966463414634146,0.048780487804878,False,False,False,False,True,False,False,False,False,False,0,0,0,0,0,0,28.330410372503
12035,1.1424208479519804,1.1218790302378014,1.155114755600348,helene,FL,2024-09-26,1,11.3157696315443,86.6015625,2024,3.7,30.4,0.0977154641384112,0.0429315688817568,0.032292101734409,0.062305,0.730563885662778,1,1,1,0.0987654320987654,0.0596707818930041,0.022633744855967,False,False,False,False,True,False,False,False,False,False,0,0,0,0,0,0,11.3157696315443
12037,1.2269312271238684,1.1621701749184703,1.1925551470588236,helene,FL,2024-09-26,1,48.0426959840863,329.0187683105469,2024,4.1,23.6,0.1536890824938742,0.0046062733055494,0.0706295240184251,0.052679000000000004,0.7869247450004015,1,1,1,0.0238970588235294,0.0294117647058823,0.0073529411764705,False,False,False,False,True,False,False,False,False,False,0,0,0,0,0,0,48.0426959840863
12039,1.2788559754851891,1.2510259486078668,1.252711496746204,helene,FL,2024-09-26,1,49.1072928827562,436.6041564941406,2024,5.8,18.1,0.1557966321243523,0.0253662248715834,0.0939818631492168,0.042661000000000004,0.321567106283941,1,1,1,0.0310077519379844,0.0736434108527131,0.003875968992248,False,False,False,False,True,False,False,False,False,False,0,0,0,0,0,0,49.1072928827562
12041,1.1439615545340578,1.1983860121049092,1.2603437301082112,helene,FL,2024-09-26,1,20.9045334288022,191.4375,2024,5.1,20.0,0.1357913669064748,0.0202733143114581,0.0554137257846523,0.050982999999999994,0.8299932825794895,1,1,1,0.0458452722063037,0.0401146131805157,0.0057306590257879,False,False,False,False,True,False,False,False,False,False,0,0,0,0,0,0,20.9045334288022
12043,1.1284419658417568,1.152320269295504,0.0,helene,FL,2024-09-26,1,9.53400461771989,442.4156188964844,2024,3.8,27.2,0.1261324041811846,0.0540244969378827,0.0212160979877515,0.038088000000000004,0.5881576777173017,1,1,0,0.009925558312655,0.0062034739454094,0.0,False,False,False,False,True,False,False,False,False,False,0,0,0,0,0,0,9.53400461771989
12045,1.1067921440261863,1.2215354586857516,1.0817307692307692,helene,FL,2024-09-26,1,48.1778840235651,223.6875,2024,3.6,22.9,0.1850676072898295,0.0067041130639608,0.0282659902156187,0.053812,0.7907271702367531,1,1,1,0.0180831826401446,0.0271247739602169,0.0054249547920434,False,False,False,False,True,False,False,False,False,False,0,0,0,0,0,0,48.1778840235651
12047,1.2294521662706297,1.196776808277309,1.056082307847488,helene,FL,2024-09-26,1,20.7411621086743,163.3046875,2024,4.5,17.5,0.138446338149932,0.0140209125475285,0.0520437262357414,0.039346,0.5450585546986575,1,1,0,0.0350194552529182,0.0330739299610894,0.0019455252918287,False,False,False,False,True,False,False,False,False,False,0,0,0,0,0,0,20.7411621086743
12049,1.1586510982281375,1.1032985548571057,0.8990011098779132,helene,FL,2024-09-26,1,12.1907844304237,323.0852355957031,2024,6.7,16.4,0.0893925259287713,0.1248754980079681,0.0404631474103585,0.041395,0.4687882496940024,1,1,0,0.0235478806907378,0.0188383045525902,0.0031397174254317,False,False,False,False,True,False,False,False,False,False,0,0,0,0,0,0,12.1907844304237
12051,1.164075191459735,1.2198170274458833,1.1380073800738006,helene,FL,2024-09-26,1,9.11219242077945,407.7124938964844,2024,7.3,13.4,0.0947480827104164,0.1545901255752281,0.0755791279931362,0.038843,0.3051313763598273,1,1,1,0.0346320346320346,0.0225108225108225,0.006060606060606,False,False,False,False,True,False,False,False,False,False,0,0,0,0,0,0,9.11219242077945
12053,1.1560966367354824,1.127970110167576,1.128228138398644,helene,FL,2024-09-26,1,18.2504140396297,191.4921875,2024,4.5,26.9,0.1425670498084291,0.0180289847644187,0.0495636908804346,0.053301,0.7406112639128087,1,1,1,0.1610169491525423,0.1377118644067796,0.0360169491525423,False,False,False,False,True,False,False,False,False,False,0,0,0,0,0,0,18.2504140396297
12055,1.1971457850546736,1.149200130590924,1.205766028309742,helene,FL,2024-09-26,1,10.3702143961644,364.9210510253906,2024,4.5,35.3,0.1407863383637807,0.033972303704209,0.0492075403051595,0.046895000000000006,0.6471180915691214,1,1,1,0.0530973451327433,0.0501474926253687,0.0127826941986234,False,False,False,False,True,False,False,False,False,False,0,0,0,0,0,0,10.3702143961644
12057,1.1377973059388988,1.1402726676037769,1.1506925607731104,helene,FL,2024-09-26,1,15.7012209348234,292.3529357910156,2024,6.0,14.2,0.0848513121779072,0.0702657886182425,0.0604370518903243,0.064164,0.4574656690611209,1,1,1,0.821743388834476,0.5239960822722821,0.1126346718903036,False,False,False,False,True,False,False,False,False,False,0,0,0,0,0,0,15.7012209348234
12059,1.1550881841516931,1.1604861150548016,1.032786885245902,helene,FL,2024-09-26,1,45.7509021615098,477.2857360839844,2024,4.8,19.9,0.1544106521410198,0.0038598999285203,0.0513223731236597,0.041809,0.8531013076883937,1,1,0,0.0209205020920502,0.0355648535564853,0.0,False,False,False,False,True,False,False,False,False,False,0,0,0,0,0,0,45.7509021615098
12061,1.1396658996392013,1.1393124348896675,1.1474243852131083,helene,FL,2024-09-26,1,8.87904726561356,166.6420440673828,2024,4.0,33.0,0.1005920169263945,0.0203701658330309,0.0449058806822664,0.061594,0.7348611910781786,1,1,1,0.1374501992031872,0.1215139442231075,0.0398406374501992,False,False,False,False,True,False,False,False,False,False,0,0,0,0,0,0,8.87904726561356
12063,1.1615159247708156,1.2109668482344105,1.1252276472118636,helene,FL,2024-09-26,1,46.8545405640686,327.683837890625,2024,5.1,19.6,0.1442139296780277,0.00788896138561,0.057120825671748,0.043415999999999996,0.6472875589086836,1,1,1,0.0424836601307189,0.0501089324618736,0.0054466230936819,False,False,False,False,True,False,False,False,False,False,0,0,0,0,0,0,46.8545405640686
12065,1.184041184041184,1.4929091605979303,1.3221649484536082,helene,FL,2024-09-26,1,37.6344382242433,338.13751220703125,2024,4.2,23.1,0.1052228183510347,0.0011123470522803,0.0580274378939562,0.053079999999999995,0.6009648518263266,1,1,1,0.0133779264214046,0.0267558528428093,0.0033444816053511,False,False,False,False,True,False,False,False,False,False,0,0,0,0,0,0,37.6344382242433
12067,1.1990502572220023,1.0712712859659426,1.0344827586206895,helene,FL,2024-09-26,1,26.4293609995305,327.7250061035156,2024,3.7,16.2,0.135523613963039,0.0547063555913113,0.0301689460981496,0.056458,0.738390469243861,1,1,0,0.003683241252302,0.009208103130755,0.0,False,False,False,False,True,False,False,False,False,False,0,0,0,0,0,0,26.4293609995305
12069,1.159489001318413,1.1655790709176406,1.1323433523336766,helene,FL,2024-09-26,1,13.4064824051823,128.9889678955078,2024,4.8,26.3,0.1101444626560318,0.0257870261951758,0.0435783346157706,0.060013,0.6594870245548969,1,1,1,0.1724500525762355,0.1324921135646687,0.038906414300736,False,False,False,False,True,False,False,False,False,False,0,0,0,0,0,0,13.4064824051823
12071,1.1766785576092316,1.154153207383836,1.1706621686171486,helene,FL,2024-09-26,1,10.9775648530316,162.36764526367188,2024,4.5,28.4,0.0884689611768244,0.0477135377736363,0.0520876977170572,0.063235,0.6446659008283147,1,1,1,0.4507042253521127,0.3290653008962868,0.1024327784891165,False,False,False,False,True,False,False,False,False,False,0,0,0,0,0,0,10.9775648530316
12073,1.1245475673410297,1.2022195524396828,1.1688311688311688,helene,FL,2024-09-26,1,34.3265549453647,437.5288391113281,2024,5.1,13.6,0.090175708605874,0.0126022927165036,0.0674898238398327,0.057359,0.5388743249440447,1,1,1,0.18562874251497,0.1676646706586826,0.0464071856287425,False,False,False,False,True,False,False,False,False,False,0,0,0,0,0,0,34.3265549453647
12075,1.1613639370287074,1.2803517803517803,1.2654974296945871,helene,FL,2024-09-26,1,21.0993711546815,401.5119018554687,2024,5.0,24.5,0.1596986310584911,0.0152481447124304,0.0429035250463821,0.043029000000000005,0.7660258650821391,1,1,1,0.0375670840787119,0.0232558139534883,0.0053667262969588,False,False,False,False,True,False,False,False,False,False,0,0,0,0,0,0,21.0993711546815
12077,1.357079252003562,1.2551067900915345,1.941176470588235,helene,FL,2024-09-26,1,45.2587272641903,295.2019348144531,2024,3.0,13.9,0.1834600760456273,0.0,0.0570425625274243,0.042438000000000003,0.7184599949836971,1,1,1,0.0083832335329341,0.0095808383233532,0.0011976047904191,False,False,False,False,True,False,False,False,False,False,0,0,0,0,0,0,45.2587272641903
12079,1.2771908017402114,1.207784328671655,1.1580480699198834,helene,FL,2024-09-26,1,32.4886366160694,267.7159118652344,2024,4.6,20.7,0.103562904875554,0.0149045179319981,0.0754541220307405,0.039503,0.5638913624220837,1,1,1,0.0100574712643678,0.0272988505747126,0.0028735632183908,False,False,False,False,True,False,False,False,False,False,0,0,0,0,0,0,32.4886366160694
12081,1.1801684260467324,1.1629087893465382,1.2872767491397672,helene,FL,2024-09-26,1,14.596969915982,375.19140625,2024,4.5,27.5,0.0933199740319197,0.0270201082852278,0.0397173832349891,0.064964,0.6832478546946537,1,1,1,0.2587601078167116,0.1617250673854447,0.0498652291105121,False,False,False,False,True,False,False,False,False,False,0,0,0,0,0,0,14.596969915982
12083,1.165706026160353,1.1634248757179402,1.2220565299477386,helene,FL,2024-09-26,1,15.1643499018338,194.77371215820312,2024,4.9,28.5,0.1089911777587753,0.0212287910922587,0.0474350477200424,0.050808,0.6752636283345925,1,1,1,0.1095717884130982,0.1095717884130982,0.0220403022670025,False,False,False,False,True,False,False,False,False,False,0,0,0,0,0,0,15.1643499018338
12085,1.163564271344024,1.1486813035073185,1.1216387889053567,helene,FL,2024-09-26,1,8.06255327442554,134.23863220214844,2024,4.0,31.0,0.0861242591782347,0.0191958613178435,0.0523991044956737,0.06976900000000001,0.7524789971659587,1,1,1,0.151012891344383,0.1012891344383057,0.0441988950276243,False,False,False,False,True,False,False,False,False,False,0,0,0,0,0,0,8.06255327442554
12086,1.1380832961249778,1.132774977154109,1.148943483433118,helene,FL,2024-09-26,1,7.31817172217016,208.99131774902344,2024,5.7,16.2,0.0623672405199187,0.2415696677848371,0.0969219875879878,0.057815,0.1338076155345742,1,1,1,0.6529752501316483,0.4365455502896261,0.0853080568720379,False,False,False,False,True,False,False,False,False,False,0,0,0,0,0,0,7.31817172217016
12087,1.1489163623467085,1.1187795132582636,1.0774468085106383,helene,FL,2024-09-26,1,8.01683240894157,132.2291717529297,2024,4.5,22.5,0.0642532221379833,0.0540379870998424,0.0716939630829593,0.07315300000000001,0.6604121920023168,1,1,1,0.0732451678535096,0.0671414038657172,0.0162767039674465,False,False,False,False,True,False,False,False,False,False,0,0,0,0,0,0,8.01683240894157
12089,1.1724087459264458,1.2273242420426516,1.2313158539573632,helene,FL,2024-09-26,1,11.7724061483008,91.16827392578124,2024,5.0,22.3,0.1304669077189121,0.0074659133492836,0.0300654348390072,0.077504,0.8391291836373296,1,1,1,0.0802469135802469,0.0570987654320987,0.0169753086419753,False,False,False,False,True,False,False,False,False,False,0,0,0,0,0,0,11.7724061483008
12091,1.1788887132131427,1.1691829690116209,1.2772982679719629,helene,FL,2024-09-26,1,37.9931713972556,192.84027099609375,2024,6.4,15.8,0.1222774374457841,0.0197835788958855,0.0429418597542336,0.06739,0.6910397414819435,1,1,1,0.0989247311827957,0.1086021505376344,0.0354838709677419,False,False,False,False,True,False,False,False,False,False,0,0,0,0,0,0,37.9931713972556
12093,1.1520223152022318,1.1788540642045962,1.1742195367573014,helene,FL,2024-09-26,1,9.24589942546258,167.29583740234375,2024,6.0,19.6,0.1277579010137149,0.0485331891307286,0.032040016222793,0.047020000000000006,0.6223135909595399,1,1,1,0.0468140442132639,0.0351105331599479,0.0078023407022106,False,False,False,False,True,False,False,False,False,False,0,0,0,0,0,0,9.24589942546258
12095,1.1464106343609568,1.1522495666458104,1.1428782719113446,helene,FL,2024-09-26,1,11.5879363655772,142.77960205078125,2024,5.9,12.0,0.0862941600325815,0.0825134864462267,0.0508066620098802,0.06578400000000001,0.3716057256830509,1,1,1,0.7860310421286031,0.5,0.1297117516629711,False,False,False,False,True,False,False,False,False,False,0,0,0,0,0,0,11.5879363655772
12097,1.1716735305587826,1.1405368655761885,1.145341710082746,helene,FL,2024-09-26,1,10.6260779008973,158.87962341308594,2024,6.2,13.0,0.1133987354149012,0.1269381604270307,0.0464341479356548,0.058512999999999996,0.2916769585443168,1,1,1,0.1250941974378296,0.0844009042954031,0.0165787490580256,False,False,False,False,True,False,False,False,False,False,0,0,0,0,0,0,10.6260779008973
12099,1.1515670122028552,1.14595224138463,1.1323983272671827,helene,FL,2024-09-26,1,7.8108350292053,226.7203063964844,2024,5.0,23.8,0.0749154864057053,0.0717013210719319,0.059524813334274,0.06887399999999999,0.522559779545648,1,1,1,0.2856415478615071,0.2194501018329938,0.0661914460285132,False,False,False,False,True,False,False,False,False,False,0,0,0,0,0,0,7.8108350292053
12101,1.170837143260703,1.1459941207480933,1.1896068331485952,helene,FL,2024-09-26,1,17.4036590219467,258.3883972167969,2024,5.1,22.1,0.120186201849444,0.0225752123616083,0.0502259361856818,0.058084000000000004,0.6983115942415877,1,1,1,0.324396782841823,0.2479892761394102,0.0469168900804289,False,False,False,False,True,False,False,False,False,False,0,0,0,0,0,0,17.4036590219467
12103,1.1596161006281198,1.1333363476059142,1.2088160215242885,helene,FL,2024-09-26,1,19.1330406900704,352.71875,2024,4.2,24.8,0.1048388415318415,0.0280999687297043,0.0737088976018088,0.060451,0.7136461312450019,1,1,1,1.8974358974358976,1.2454212454212454,0.2637362637362637,False,False,False,False,True,False,False,False,False,False,0,0,0,0,0,0,19.1330406900704
12105,1.1457488924498067,1.1289230782087656,1.165314605611612,helene,FL,2024-09-26,1,12.4568870308863,196.94821166992188,2024,5.7,19.9,0.1108304563573385,0.0406946891120081,0.0525796080228139,0.055098999999999995,0.5415118489033799,1,1,1,0.2142459654980523,0.1613800779076238,0.030050083472454,False,False,False,False,True,False,False,False,False,False,0,0,0,0,0,0,12.4568870308863
12107,1.155503808659273,1.1540158221333414,1.0877028714107366,helene,FL,2024-09-26,1,12.8225141991752,158.45535278320312,2024,5.7,22.9,0.1393577963829911,0.0262219784739836,0.0789401521903064,0.039975000000000004,0.6893113841873406,1,1,0,0.0906593406593406,0.0576923076923076,0.0123626373626373,False,False,False,False,True,False,False,False,False,False,0,0,0,0,0,0,12.8225141991752
12109,1.1838279853637212,1.144369994876911,1.1541778702247476,helene,FL,2024-09-26,1,11.2457294090351,101.21634674072266,2024,4.9,20.1,0.0733550225719401,0.0109682141363446,0.0230029276453366,0.088794,0.7842296790710432,1,1,1,0.1866666666666666,0.1516666666666666,0.0466666666666666,False,False,False,False,True,False,False,False,False,False,0,0,0,0,0,0,11.2457294090351
12111,1.1636428384001205,1.1620798433590775,1.0959395304140789,helene,FL,2024-09-26,1,8.35815591321803,148.6875,2024,5.0,24.0,0.1056131566414561,0.0408721130080369,0.043540176452294,0.059807,0.5362061319579863,1,1,1,0.2241681260945709,0.2119089316987741,0.0402802101576182,False,False,False,False,True,False,False,False,False,False,0,0,0,0,0,0,8.35815591321803
12113,1.1730179360540682,1.1941166001090135,1.1996495609441715,helene,FL,2024-09-26,1,31.8984986382418,222.38438415527344,2024,5.5,16.0,0.1156336725254394,0.0068854206769923,0.0300441259217579,0.07726000000000001,0.7846702127659575,1,1,1,0.0602766798418972,0.0642292490118577,0.0138339920948616,False,False,False,False,True,False,False,False,False,False,0,0,0,0,0,0,31.8984986382418
12115,1.1703826923622205,1.1528797127092647,1.1171661195547578,helene,FL,2024-09-26,1,14.0496518392978,379.6062622070313,2024,3.4,36.5,0.0862174477390284,0.0257060792170088,0.0461574955007915,0.06949,0.805749229273328,1,1,1,0.3471223021582734,0.2356115107913669,0.1151079136690647,False,False,False,False,True,False,False,False,False,False,0,0,0,0,0,0,14.0496518392978
12117,1.1520137632890732,1.1461430213659969,1.2090359199569127,helene,FL,2024-09-26,1,11.333057443834,146.5124969482422,2024,5.2,15.6,0.0752349821644129,0.0303110713081358,0.036182010160815,0.073002,0.5608338855191396,1,1,1,0.7411003236245954,0.4207119741100323,0.1423948220064725,False,False,False,False,True,False,False,False,False,False,0,0,0,0,0,0,11.333057443834
12119,1.1522710273880223,1.1331285357990144,1.194088882496764,helene,FL,2024-09-26,1,15.6019915214861,170.0364532470703,2024,1.8,57.6,0.1090500671576119,0.0047362510375807,0.0368158070343907,0.063323,0.8417057155188359,1,1,1,0.0987432675044883,0.0897666068222621,0.0197486535008976,False,False,False,False,True,False,False,False,False,False,0,0,0,0,0,0,15.6019915214861
12121,1.297682229040551,1.2862278507536966,1.2129153018249883,helene,FL,2024-09-26,1,22.4872469749492,203.74107360839844,2024,5.1,20.3,0.1776992390231477,0.0089415816664458,0.0768313683931646,0.047218,0.7283433776510098,1,1,1,0.0566860465116279,0.0581395348837209,0.0116279069767441,False,False,False,False,True,False,False,False,False,False,0,0,0,0,0,0,22.4872469749492
12123,1.2602666516651666,1.2553068758652517,1.262686567164179,helene,FL,2024-09-26,1,40.9605719217562,217.375,2024,4.3,19.2,0.1975050422051243,0.0006877579092159,0.0596973865199449,0.043563000000000004,0.7170581758120756,1,1,1,0.0162991371045062,0.022051773729626,0.0047938638542665,False,False,False,False,True,False,False,False,False,False,0,0,0,0,0,0,40.9605719217562
12125,1.1661150623195549,1.2391155687257809,1.379179331306991,helene,FL,2024-09-26,1,15.9753427598671,131.34375,2024,5.1,15.5,0.1434926283680732,0.0,0.0514271653543307,0.055463,0.7174707375983155,1,1,1,0.0288065843621399,0.0246913580246913,0.0041152263374485,False,False,False,False,True,False,False,False,False,False,0,0,0,0,0,0,15.9753427598671
12127,1.1493050226830386,1.1588310110699422,1.1380740807906786,helene,FL,2024-09-26,1,11.1093600584215,105.60326385498048,2024,4.6,24.3,0.1255401845555089,0.0163364235745004,0.0558824687512304,0.056786,0.6856323718301921,1,1,1,0.2479564032697547,0.1834695731153496,0.0517711171662125,False,False,False,False,True,False,False,False,False,False,0,0,0,0,0,0,11.1093600584215
12129,1.236989055170873,1.2128508195923926,1.3017644940583362,helene,FL,2024-09-26,1,49.5575792903784,428.5069580078125,2024,4.8,15.1,0.099821063394683,0.0025741168116456,0.0249423042783596,0.072941,0.7696659163606208,1,1,1,0.0231023102310231,0.028052805280528,0.0033003300330033,False,False,False,False,True,False,False,False,False,False,0,0,0,0,0,0,49.5575792903784
12131,1.2049831937256577,1.1867891400611936,1.1453357684742904,helene,FL,2024-09-26,1,44.0826740283858,222.5437469482422,2024,5.8,19.5,0.1243735335523228,0.012060168312239,0.0413491484991054,0.068111,0.8053117322886927,1,1,1,0.0404624277456647,0.0472061657032755,0.01252408477842,False,False,False,False,True,False,False,False,False,False,0,0,0,0,0,0,44.0826740283858
12133,1.0886377156454492,1.3518906317910624,1.2723600692440855,helene,FL,2024-09-26,1,46.8767495072026,449.15625,2024,4.0,17.3,0.1466784765279008,0.005986671184909,0.0390827967920478,0.041805999999999996,0.7695710561655739,1,1,1,0.0136986301369863,0.0291095890410958,0.0017123287671232,False,False,False,False,True,False,False,False,False,False,0,0,0,0,0,0,46.8767495072026
37001,1.0306646287551149,1.0216776337727584,0.9870518576355,claudette,NC,2021-06-21,1,18.0331783883764,309.5416564941406,2021,5.8,16.7,0.0894940444335713,0.0230278535989504,0.0470208562681907,0.055078,0.5978881661464865,0,0,0,0.2174940898345153,0.2293144208037825,0.0520094562647754,False,True,False,False,False,False,False,False,False,False,0,1,0,0,0,0,18.0331783883764
37003,1.0173477175684318,1.0067444026632628,0.991098294884654,claudette,NC,2021-06-21,1,13.2584532863171,59.390625,2021,4.4,20.2,0.1226892024447295,0.0028156490812092,0.0297125074096028,0.055041,0.8476841180990012,0,0,0,0.0965250965250965,0.0733590733590733,0.0424710424710424,False,True,False,False,False,False,False,False,False,False,0,1,0,0,0,0,13.2584532863171
37005,1.060284762193275,1.0507084265473527,1.7588495575221237,claudette,NC,2021-06-21,1,11.3877225323992,12.958333015441896,2021,4.2,27.5,0.1632075471698113,0.0157166806370494,0.0569991617770326,0.03893,0.8436811168258633,1,0,1,0.0341880341880341,0.0512820512820512,0.0085470085470085,False,True,False,False,False,False,False,False,False,False,0,1,0,0,0,0,11.3877225323992
37007,1.0175979584241586,1.0243615854613817,1.0940643863179076,claudette,NC,2021-06-21,1,18.2114144930446,190.2578125,2021,5.0,18.7,0.1409587995930824,0.0090681302947142,0.0708745973034244,0.039862,0.4802992518703242,0,0,0,0.032015065913371,0.0489642184557438,0.0056497175141242,False,True,False,False,False,False,False,False,False,False,0,1,0,0,0,0,18.2114144930446
37009,1.1881286394917947,1.0289891818796484,0.9584070796460176,claudette,NC,2021-06-21,1,10.621458813897,17.91964340209961,2021,4.0,25.8,0.1173877989787691,0.0138189883135716,0.0511814381984133,0.043938000000000005,0.9040900026338564,0,0,0,0.0305164319248826,0.0539906103286385,0.0234741784037558,False,True,False,False,False,False,False,False,False,False,0,1,0,0,0,0,10.621458813897
37011,1.2108425118008868,1.1640959071472206,1.0769603097773477,claudette,NC,2021-06-21,1,10.3460434347668,33.8125,2021,3.5,21.8,0.1363348129359543,0.0064283474443399,0.0493885230479774,0.046383,0.873244973604403,1,1,1,0.048582995951417,0.0890688259109311,0.0445344129554655,False,True,False,False,False,False,False,False,False,False,0,1,0,0,0,0,10.3460434347668
37013,1.0817271209591746,1.0433293711439406,1.0420544931460485,claudette,NC,2021-06-21,1,19.3019293770934,278.6791687011719,2021,4.8,23.7,0.1122423407054695,0.0103342483449055,0.0718014963130416,0.051893999999999996,0.6591194123443519,0,1,0,0.0444711538461538,0.0372596153846153,0.0132211538461538,False,True,False,False,False,False,False,False,False,False,0,1,0,0,0,0,19.3019293770934
37015,1.057548070366835,1.0432349610285792,1.019417475728155,claudette,NC,2021-06-21,1,19.8624849792101,248.4134521484375,2021,4.2,23.3,0.1864364364364364,0.0,0.1001669449081803,0.037571,0.3511765361882458,0,0,0,0.0214592274678111,0.0257510729613733,0.0057224606580829,False,True,False,False,False,False,False,False,False,False,0,1,0,0,0,0,19.8624849792101
37017,1.0884059225907006,1.0535725688014814,1.0287891617273497,claudette,NC,2021-06-21,1,6.3902274375408,363.12109375,2021,5.1,22.0,0.112454044117647,0.0212321615036547,0.0884963452836756,0.039259,0.5346889144092414,1,0,0,0.0262857142857142,0.0445714285714285,0.0068571428571428,False,True,False,False,False,False,False,False,False,False,0,1,0,0,0,0,6.3902274375408
37019,1.0857790128289873,1.075663466967815,1.0366758532965867,claudette,NC,2021-06-21,1,5.94403977140816,178.125,2021,3.7,31.9,0.1218293665153089,0.0079222306787518,0.0248564311907562,0.0644,0.8099610075131864,1,1,0,0.068235294117647,0.0764705882352941,0.0376470588235294,False,True,False,False,False,False,False,False,False,False,0,1,0,0,0,0,5.94403977140816
37021,1.0460317850212475,1.0539643453261152,1.0763888888888888,claudette,NC,2021-06-21,1,9.4146661610175,92.81818389892578,2021,4.8,20.1,0.0971871890984735,0.0207868694182959,0.0555249818971759,0.059698999999999995,0.7974036191974823,1,1,1,0.2804878048780488,0.2134146341463414,0.1371951219512195,False,True,False,False,False,False,False,False,False,False,0,1,0,0,0,0,9.4146661610175
37023,1.034172886348319,1.0499132053636568,1.0416744533732014,claudette,NC,2021-06-21,1,11.6831437070258,65.61111450195312,2021,4.8,20.2,0.1600691147398079,0.0230393297649522,0.049685827321387,0.048142000000000004,0.7841041452552244,0,0,0,0.1007905138339921,0.1047430830039525,0.0415019762845849,False,True,False,False,False,False,False,False,False,False,0,1,0,0,0,0,11.6831437070258
37025,0.979871558773956,0.9919657898146949,0.9893359993335,claudette,NC,2021-06-21,1,17.6882802892602,432.96429443359375,2021,6.2,13.1,0.0776016889514426,0.0161537743273707,0.0394173436311977,0.075765,0.5924651467644506,0,0,0,0.2409972299168975,0.2437673130193905,0.1357340720221606,False,True,False,False,False,False,False,False,False,False,0,1,0,0,0,0,17.6882802892602
37027,1.030261500851915,1.0494110961876226,0.9655918878888003,claudette,NC,2021-06-21,1,11.7614953920783,21.212499618530273,2021,5.0,20.1,0.1540839516075128,0.008322864321608,0.0521670854271356,0.048549,0.8414918414918415,0,0,0,0.0912951167728237,0.1019108280254777,0.0403397027600849,False,True,False,False,False,False,False,False,False,False,0,1,0,0,0,0,11.7614953920783
37029,1.1686813186813187,1.1350396020161024,0.0,claudette,NC,2021-06-21,1,20.2462844196187,135.71249389648438,2021,5.4,15.7,0.128429081067782,0.0044831223628691,0.0229430379746835,0.06856,0.7918879768227909,1,1,0,0.025,0.0166666666666666,0.0,False,True,False,False,False,False,False,False,False,False,0,1,0,0,0,0,20.2462844196187
37031,1.092262036585906,1.1100577692193747,1.0437178772679423,claudette,NC,2021-06-21,1,14.2245174553816,90.60416412353516,2021,4.0,25.2,0.1223320410684616,0.0074162758987661,0.0411387142904652,0.061805,0.8500723931093579,0,1,0,0.0887573964497041,0.0927021696252465,0.0532544378698224,False,True,False,False,False,False,False,False,False,False,0,1,0,0,0,0,14.2245174553816
37033,1.0420260310490828,1.0142438914536651,1.0344827586206895,claudette,NC,2021-06-21,1,16.2374323404865,55.02777862548828,2021,4.5,21.7,0.1576706324358171,0.0079115764979639,0.0693426410703897,0.05327900000000001,0.6173469387755102,0,0,0,0.0447058823529411,0.0447058823529411,0.0023529411764705,False,True,False,False,False,False,False,False,False,False,0,1,0,0,0,0,16.2374323404865
37035,1.0415165955560486,1.0285378120241775,1.0156881119333052,claudette,NC,2021-06-21,1,13.994822707521,193.25892639160156,2021,5.5,17.7,0.1064027117753757,0.0224024232480358,0.0511153882560817,0.05784,0.722993586949754,0,0,0,0.2743142144638404,0.2593516209476309,0.1246882793017456,False,True,False,False,False,False,False,False,False,False,0,1,0,0,0,0,13.994822707521
37037,1.0084851857003756,1.0391690830441602,1.0231395630089497,claudette,NC,2021-06-21,1,18.5951004034789,458.03570556640625,2021,4.6,24.5,0.0878811896135265,0.025955921402018,0.034320233669676,0.076791,0.6959035196958773,0,1,0,0.0543318649045521,0.0616740088105726,0.0220264317180616,False,True,False,False,False,False,False,False,False,False,0,1,0,0,0,0,18.5951004034789
37039,0.9746164046220877,1.0145129779514377,1.1111598141492067,claudette,NC,2021-06-21,1,6.80240619843433,294.0178527832031,2021,3.7,30.0,0.1189662537377189,0.0029100315253415,0.0392854255921105,0.043319,0.8815597414332383,0,0,1,0.0461538461538461,0.0351648351648351,0.0329670329670329,False,True,False,False,False,False,False,False,False,False,0,1,0,0,0,0,6.80240619843433
37041,1.0734943858455257,1.070988920804267,1.1922141119221412,claudette,NC,2021-06-21,1,18.406842662861,200.453125,2021,5.4,26.0,0.1310762046274676,0.0167464114832535,0.1033492822966507,0.046287999999999996,0.6031514444120222,1,1,0,0.0465116279069767,0.0581395348837209,0.0174418604651162,False,True,False,False,False,False,False,False,False,False,0,1,0,0,0,0,18.406842662861
37043,1.1313047596495382,1.036507062924234,1.2978723404255317,claudette,NC,2021-06-21,1,7.26204910536523,425.5833435058594,2021,4.1,30.7,0.1092987592360239,0.0034937888198757,0.0807453416149068,0.047155,0.9057624673099468,1,0,1,0.02803738317757,0.0186915887850467,0.0233644859813084,False,True,False,False,False,False,False,False,False,False,0,1,0,0,0,0,7.26204910536523
37045,1.0298930071715366,1.017434346212017,0.9999643887325952,claudette,NC,2021-06-21,1,13.1357206663105,266.125,2021,5.7,18.3,0.1128886165649892,0.0042001909177689,0.0700122732851493,0.045646,0.7050211517398688,0,0,0,0.1336206896551724,0.1379310344827586,0.0495689655172413,False,True,False,False,False,False,False,False,False,False,0,1,0,0,0,0,13.1357206663105
37047,1.038966890759332,1.0611018297927026,1.0907912736698109,claudette,NC,2021-06-21,1,5.66454276852428,392.3020935058594,2021,5.3,19.8,0.1286573920724301,0.0179407176287051,0.0618824752990119,0.040562,0.5929913280524662,0,1,0,0.0426439232409381,0.0586353944562899,0.009594882729211,False,True,False,False,False,False,False,False,False,False,0,1,0,0,0,0,5.66454276852428
37049,1.019775179518027,1.0263419091582249,1.065656266650879,claudette,NC,2021-06-21,1,18.8088160099072,155.15625,2021,6.2,19.4,0.1171356834970901,0.0216724393864423,0.0599208312716477,0.056325,0.6446882446386021,0,0,0,0.0807365439093484,0.0609065155807365,0.0396600566572237,False,True,False,False,False,False,False,False,False,False,0,1,0,0,0,0,18.8088160099072
37051,1.0376455715094663,1.0406541460468055,1.081180811808118,claudette,NC,2021-06-21,1,12.0597463145026,251.3920440673828,2021,7.5,12.0,0.1352122544943417,0.0217245401812109,0.0681538535291391,0.050746,0.3979380272938027,1,1,1,0.2407975460122699,0.2070552147239263,0.0766871165644171,False,True,False,False,False,False,False,False,False,False,0,1,0,0,0,0,12.0597463145026
37053,1.137233688415446,1.140340853439551,1.1325273722627738,claudette,NC,2021-06-21,1,19.6438850537348,133.92857360839844,2021,5.2,16.5,0.0807058823529411,0.0071014763595589,0.0089702859278639,0.079416,0.8364768683274021,1,1,0,0.0766283524904214,0.0957854406130268,0.0306513409961685,False,True,False,False,False,False,False,False,False,False,0,1,0,0,0,0,19.6438850537348
37055,1.069311257774794,1.0803052530609942,1.0619796028969797,claudette,NC,2021-06-21,1,20.347207032234,109.96875,2021,4.1,21.9,0.0801509769094138,0.012822132390096,0.0237493683678625,0.0695,0.8647162400108357,1,1,0,0.1357702349869451,0.1227154046997389,0.0548302872062663,False,True,False,False,False,False,False,False,False,False,0,1,0,0,0,0,20.347207032234
37057,1.013652220582316,1.0040995938017148,1.0178375179643249,claudette,NC,2021-06-21,1,17.5630406637906,391.25,2021,5.4,18.1,0.1109875044067531,0.0126295046726181,0.0483832442599946,0.053083,0.7665127567631563,0,0,0,0.1735985533453888,0.1717902350813743,0.0542495479204339,False,True,False,False,False,False,False,False,False,False,0,1,0,0,0,0,17.5630406637906
37059,1.060939339488196,1.0127272266308345,1.0138210011798416,claudette,NC,2021-06-21,1,16.2460188553294,124.9124984741211,2021,4.9,20.8,0.1214884962501589,0.0095594092775292,0.044855689686868,0.06465699999999999,0.8149700318411688,0,0,0,0.0684410646387832,0.1406844106463878,0.0418250950570342,False,True,False,False,False,False,False,False,False,False,0,1,0,0,0,0,16.2460188553294
37061,1.0600008498703948,1.0819542053956022,1.062289997415353,claudette,NC,2021-06-21,1,9.98950035448845,213.46665954589844,2021,6.1,18.5,0.1296068796068796,0.0589600040349019,0.0490744943763554,0.045744,0.5120599404700811,1,1,0,0.0528255528255528,0.0638820638820638,0.0184275184275184,False,True,False,False,False,False,False,False,False,False,0,1,0,0,0,0,9.98950035448845
37063,1.020826259847731,1.0363958549715762,1.0304430327530731,claudette,NC,2021-06-21,1,18.6768696396256,294.8854064941406,2021,6.2,13.3,0.0703362228199867,0.0410207740166614,0.070449375574336,0.067,0.411805450800873,0,0,1,0.5909090909090909,0.465034965034965,0.1608391608391608,False,True,False,False,False,False,False,False,False,False,0,1,0,0,0,0,18.6768696396256
37065,1.1178607925513795,1.0643450515967692,1.0565924142083083,claudette,NC,2021-06-21,1,19.6389757669705,371.7986145019531,2021,5.6,19.8,0.129384170621284,0.0076847188327535,0.1026533049483358,0.041974,0.354601226993865,1,1,1,0.0732673267326732,0.0554455445544554,0.0079207920792079,False,True,False,False,False,False,False,False,False,False,0,1,0,0,0,0,19.6389757669705
37067,0.9938445323974928,1.000648098384496,0.9659087676983724,claudette,NC,2021-06-21,1,16.1496161695333,56.77083206176758,2021,5.8,16.0,0.0847808651688815,0.0246530059541589,0.0701156978712388,0.05683,0.5439922632583183,0,0,0,0.4398034398034398,0.4545454545454545,0.2088452088452088,False,True,False,False,False,False,False,False,False,False,0,1,0,0,0,0,16.1496161695333
37069,1.0213551908551266,1.0063111142320456,1.0104914411927113,claudette,NC,2021-06-21,1,19.1324836659673,414.125,2021,5.5,16.8,0.126745372956108,0.0183331370470694,0.0378439916774624,0.062332,0.616642118618115,0,0,0,0.0712830957230142,0.0692464358452138,0.0325865580448065,False,True,False,False,False,False,False,False,False,False,0,1,0,0,0,0,19.1324836659673
37071,1.0221387777490962,1.0363402549609306,1.00269667582845,claudette,NC,2021-06-21,1,15.333586855184,306.71527099609375,2021,5.8,16.0,0.1146803616570634,0.0158043061661593,0.0574343366024123,0.056819,0.6740851879636576,1,1,0,0.3971830985915493,0.2957746478873239,0.0845070422535211,False,True,False,False,False,False,False,False,False,False,0,1,0,0,0,0,15.333586855184
37073,1.0628812763960582,1.0951200914982844,0.9213759213759212,claudette,NC,2021-06-21,1,20.1506704956098,98.625,2021,3.5,20.8,0.1507996001999,0.0140130466296206,0.048079246194733,0.051599,0.6399121969841572,1,1,0,0.0147058823529411,0.0117647058823529,0.0029411764705882,False,True,False,False,False,False,False,False,False,False,0,1,0,0,0,0,20.1506704956098
37075,1.030689056166763,1.0342430841944306,1.0742705570291775,claudette,NC,2021-06-21,1,7.08113955198746,198.1666717529297,2021,4.5,23.7,0.134519081333103,0.0177777777777777,0.0682539682539682,0.041976999999999993,0.8574097135740971,0,0,0,0.0103092783505154,0.0343642611683848,0.0068728522336769,False,True,False,False,False,False,False,False,False,False,0,1,0,0,0,0,7.08113955198746
37077,1.0475944128297985,1.0394702674629968,1.1642949547218628,claudette,NC,2021-06-21,1,18.5835485102129,141.31875610351562,2021,5.0,17.1,0.1137403901701995,0.0121143289797463,0.0437724777588491,0.060606,0.5510558761804827,0,0,0,0.0772128060263653,0.0847457627118644,0.0112994350282485,False,True,False,False,False,False,False,False,False,False,0,1,0,0,0,0,18.5835485102129
37079,1.104820122256739,1.069180449271785,1.1851851851851851,claudette,NC,2021-06-21,1,13.9055726386847,272.7250061035156,2021,5.0,16.7,0.1701167538141967,0.0287653046172001,0.0668240153414957,0.045766,0.4715661825827588,1,0,1,0.0451127819548872,0.0526315789473684,0.0112781954887218,False,True,False,False,False,False,False,False,False,False,0,1,0,0,0,0,13.9055726386847
37081,0.9523873650643168,0.9995424610551494,0.8407101235118634,claudette,NC,2021-06-21,1,17.3721279958678,200.17410278320312,2021,5.8,15.2,0.0821494457298344,0.0236161868684459,0.0640404194616463,0.058646000000000004,0.4722713324798309,0,0,0,0.3968992248062015,0.3968992248062015,0.1922480620155038,False,True,False,False,False,False,False,False,False,False,0,1,0,0,0,0,17.3721279958678
37083,1.0187075538519228,1.1171284891178206,1.0507880910683012,claudette,NC,2021-06-21,1,19.4995263908299,167.78366088867188,2021,5.4,20.9,0.147818994853334,0.0056860691306299,0.1044441119257818,0.037832,0.392209287976636,0,1,1,0.0456431535269709,0.0636237897648686,0.0138312586445366,False,True,False,False,False,False,False,False,False,False,0,1,0,0,0,0,19.4995263908299
37085,1.044599937423557,1.0609969817933989,0.9473591960738488,claudette,NC,2021-06-21,1,18.8370691267491,294.69317626953125,2021,7.2,12.6,0.1241884961611051,0.0117684545937334,0.0467551779075942,0.059676,0.5830438428366076,0,1,0,0.1161616161616161,0.1296296296296296,0.0168350168350168,False,True,False,False,False,False,False,False,False,False,0,1,0,0,0,0,18.8370691267491
37087,1.0179284033269502,1.0318308855251064,1.0664180945057815,claudette,NC,2021-06-21,1,8.45000352273383,139.4479217529297,2021,4.5,24.5,0.1306915733809491,0.0057956740785635,0.0489791279972726,0.052063000000000005,0.89685773647506,0,0,1,0.0886075949367088,0.0687160940325497,0.0379746835443038,False,True,False,False,False,False,False,False,False,False,0,1,0,0,0,0,8.45000352273383
37089,1.0042629262926297,1.013859807434534,1.028472973868481,claudette,NC,2021-06-21,1,9.77126668044835,229.3645782470703,2021,4.7,25.7,0.0997432573906974,0.0202188833240586,0.0359240709825017,0.059927999999999995,0.7890111024156999,0,0,0,0.2069892473118279,0.1612903225806451,0.0994623655913978,False,True,False,False,False,False,False,False,False,False,0,1,0,0,0,0,9.77126668044835
37091,1.0912431108389469,1.0355733606433928,1.1686232657417288,claudette,NC,2021-06-21,1,19.9143820272783,110.375,2021,4.4,20.4,0.155568573846254,0.0043673419871406,0.1027538517530025,0.043523000000000006,0.3118504083147735,1,1,1,0.0566572237960339,0.0594900849858356,0.0283286118980169,False,True,False,False,False,False,False,False,False,False,0,1,0,0,0,0,19.9143820272783
37093,1.0232038020687726,1.0005634709812443,1.1384615384615386,claudette,NC,2021-06-21,1,17.092374470523,172.9107208251953,2021,8.2,10.4,0.1666581450046017,0.0214628635978537,0.0470488562552951,0.053456000000000004,0.3776160669713144,0,0,0,0.0666666666666666,0.0666666666666666,0.0051282051282051,False,True,False,False,False,False,False,False,False,False,0,1,0,0,0,0,17.092374470523
37095,1.1895448079658608,1.1449795081967211,1.186552406064601,claudette,NC,2021-06-21,1,19.5422666098802,176.92083740234375,2021,5.7,20.6,0.1151832460732984,0.029,0.016,0.048576999999999995,0.638047504903029,0,0,0,0.0065359477124183,0.0130718954248366,0.0049019607843137,False,True,False,False,False,False,False,False,False,False,0,1,0,0,0,0,19.5422666098802
37097,1.0190160159504265,1.028438401197561,1.0092471568352004,claudette,NC,2021-06-21,1,15.1833389542008,143.0208282470703,2021,5.4,15.8,0.0830321654261554,0.0171964786140912,0.0319868655702437,0.066824,0.7305737226355568,0,0,0,0.1550522648083623,0.1898954703832752,0.1045296167247386,False,True,False,False,False,False,False,False,False,False,0,1,0,0,0,0,15.1833389542008
37099,1.0551034991471115,1.05256804214223,1.0297994269340975,claudette,NC,2021-06-21,1,8.26653240150167,239.8828125,2021,4.0,19.9,0.0981288343558282,0.012070291698716,0.0435477190698775,0.047989,0.7608620009742745,1,0,0,0.0570264765784114,0.0570264765784114,0.0325865580448065,False,True,False,False,False,False,False,False,False,False,0,1,0,0,0,0,8.26653240150167
37101,1.054676648821793,1.0751702436314454,1.0578327129136418,claudette,NC,2021-06-21,1,18.846397836178,436.19195556640625,2021,6.1,13.3,0.1102254342768743,0.0182866751619132,0.0455590441533873,0.066026,0.6317807026884383,1,1,0,0.1275252525252525,0.1515151515151515,0.0454545454545454,False,True,False,False,False,False,False,False,False,False,0,1,0,0,0,0,18.846397836178
37103,1.2145748987854248,1.055413780532264,1.2980769230769234,claudette,NC,2021-06-21,1,15.8143845096794,132.2291717529297,2021,4.5,23.0,0.1704189652601759,0.0,0.0754167769251124,0.042401,0.6309419973833406,1,0,1,0.0127388535031847,0.0063694267515923,0.0021231422505307,False,True,False,False,False,False,False,False,False,False,0,1,0,0,0,0,15.8143845096794
37105,1.0390171940177026,0.9744809410554736,1.0644284882592665,claudette,NC,2021-06-21,1,18.6216017128897,296.4375,2021,6.3,16.4,0.144484462685317,0.0336809351610461,0.0404087124716171,0.057673999999999996,0.5697242632535356,1,0,0,0.1568627450980392,0.0941176470588235,0.0666666666666666,False,True,False,False,False,False,False,False,False,False,0,1,0,0,0,0,18.6216017128897
37107,1.0424448914248186,1.0850498648522695,1.0423875432525953,claudette,NC,2021-06-21,1,16.544392350182,183.7857208251953,2021,5.6,19.8,0.192228836795692,0.0187991391048447,0.0924583827469583,0.041092,0.4822393962483219,1,1,0,0.1052631578947368,0.1203007518796992,0.0476190476190476,False,True,False,False,False,False,False,False,False,False,0,1,0,0,0,0,16.544392350182
37109,1.0328446609070216,1.0338319971347496,1.002664652740175,claudette,NC,2021-06-21,1,14.5168134212641,312.875,2021,5.1,18.0,0.1091397275320752,0.0183090688952544,0.0333992853556979,0.065399,0.8254924547863149,0,1,0,0.1796610169491525,0.1898305084745762,0.0745762711864406,False,True,False,False,False,False,False,False,False,False,0,1,0,0,0,0,14.5168134212641
37111,1.0329460448830177,1.0344913959371789,0.9820065868744476,claudette,NC,2021-06-21,1,10.6570743474178,128.4140625,2021,5.1,20.4,0.1546331391944778,0.0103245647756603,0.0604096875171618,0.050615,0.8476827134460945,0,0,0,0.0546697038724373,0.0728929384965831,0.0250569476082004,False,True,False,False,False,False,False,False,False,False,0,1,0,0,0,0,10.6570743474178
37113,1.103443158207183,1.087254230656363,0.9462647444298818,claudette,NC,2021-06-21,1,7.7841614932689,362.0852355957031,2021,4.5,28.3,0.1218129155958063,0.0092651943359944,0.0656721636268282,0.048169,0.8519749284054682,1,1,0,0.0601941747572815,0.0485436893203883,0.033009708737864,False,True,False,False,False,False,False,False,False,False,0,1,0,0,0,0,7.7841614932689
37115,1.070169548430418,1.0881575786692288,1.0615477145148355,claudette,NC,2021-06-21,1,8.78144141323196,32.1796875,2021,4.6,22.3,0.1280558789289872,0.0002415458937198,0.0407004830917874,0.051396000000000004,0.9075166328504696,1,1,0,0.0267260579064587,0.0311804008908685,0.0111358574610244,False,True,False,False,False,False,False,False,False,False,0,1,0,0,0,0,8.78144141323196
37117,1.068187274909964,1.0199382348160586,0.987146529562982,claudette,NC,2021-06-21,1,17.3354464287787,354.2421875,2021,5.2,23.3,0.1460815837589054,0.004750593824228,0.084107104297128,0.041798,0.5232626753211383,1,0,0,0.043859649122807,0.0263157894736842,0.0175438596491228,False,True,False,False,False,False,False,False,False,False,0,1,0,0,0,0,17.3354464287787
37119,1.0188757695385675,1.0156592636529505,0.9841111303621112,claudette,NC,2021-06-21,1,17.2646323302362,350.5625,2021,6.5,11.3,0.0583063417100694,0.0476051629848333,0.0564351343781137,0.073124,0.4470560708285745,1,0,0,1.0210325047801148,0.7246653919694073,0.4474187380497132,False,True,False,False,False,False,False,False,False,False,0,1,0,0,0,0,17.2646323302362
37121,1.0519792083166732,1.152220803803319,1.1933174224343677,claudette,NC,2021-06-21,1,9.83220216418839,33.921875,2021,4.7,24.6,0.1242188979359969,0.0066790928859894,0.0712954333643988,0.04832,0.9067972891364154,1,1,0,0.0361990950226244,0.0678733031674208,0.0226244343891402,False,True,False,False,False,False,False,False,False,False,0,1,0,0,0,0,9.83220216418839
37123,1.0528937596232226,1.0717095773047167,1.22154779969651,claudette,NC,2021-06-21,1,18.2184010267692,284.15625,2021,5.2,20.3,0.1539250067439978,0.0150351185250219,0.0473002633889376,0.050618,0.6409071492369228,0,1,1,0.0366598778004073,0.0610997963340122,0.0162932790224032,False,True,False,False,False,False,False,False,False,False,0,1,0,0,0,0,18.2184010267692
37125,1.0221088964209084,0.986837184952509,1.0279573241959348,claudette,NC,2021-06-21,1,18.500232295485,258.4739685058594,2021,5.9,23.7,0.1057947900053163,0.0149772139426037,0.0456706490947161,0.06744,0.7559738084971973,0,0,0,0.0760401721664275,0.0803443328550932,0.0301291248206599,False,True,False,False,False,False,False,False,False,False,0,1,0,0,0,0,18.500232295485
37127,1.0575632668711656,1.0522490565031275,1.0412817067025029,claudette,NC,2021-06-21,1,19.3839259529669,496.9750061035156,2021,5.6,18.2,0.1190726490335421,0.0061637804520105,0.0664674333591269,0.052837,0.487701379382963,1,1,1,0.1648148148148148,0.1314814814814814,0.0388888888888888,False,True,False,False,False,False,False,False,False,False,0,1,0,0,0,0,19.3839259529669
37129,1.0344646445190575,1.05611760247912,1.0245376304706095,claudette,NC,2021-06-21,1,6.89347701299638,107.734375,2021,4.7,17.9,0.0887272220965243,0.0103421493684339,0.0652107264031394,0.062362,0.7405782846408095,0,1,0,0.5677083333333334,0.625,0.453125,False,True,False,False,False,False,False,False,False,False,0,1,0,0,0,0,6.89347701299638
37131,0.9866360409271248,1.0849032390534366,1.2706611570247932,claudette,NC,2021-06-21,1,19.6945687453157,88.3611068725586,2021,4.4,26.3,0.1248217431423538,0.004596458023523,0.0874678923888062,0.039764,0.3912197355617881,0,1,0,0.0186567164179104,0.0223880597014925,0.001865671641791,False,True,False,False,False,False,False,False,False,False,0,1,0,0,0,0,19.6945687453157
37133,1.0284202032359095,1.039408086027889,1.0135380701435583,claudette,NC,2021-06-21,1,10.151565470529,113.20536041259766,2021,8.4,9.3,0.1525094381523428,0.0109320393957773,0.0384570949946567,0.054731999999999996,0.6330116924761457,0,0,0,0.0931758530183727,0.0931758530183727,0.0328083989501312,False,True,False,False,False,False,False,False,False,False,0,1,0,0,0,0,10.151565470529
37135,0.9985751277589774,1.0222407389350328,0.9853805360470116,claudette,NC,2021-06-21,1,18.3812779168735,272.2395935058594,2021,4.3,14.4,0.0563545444646402,0.0211927057663873,0.0423306500191665,0.079205,0.6492239199440469,0,0,0,0.1435768261964735,0.1108312342569269,0.0377833753148614,False,True,False,False,False,False,False,False,False,False,0,1,0,0,0,0,18.3812779168735
37137,1.0424869517443458,1.0440900562851785,1.102514506769826,claudette,NC,2021-06-21,1,19.3232634260033,142.1041717529297,2021,3.1,29.8,0.1454853862212943,0.0140625,0.05390625,0.052124000000000004,0.7416096448354513,0,0,0,0.0297619047619047,0.0178571428571428,0.0089285714285714,False,True,False,False,False,False,False,False,False,False,0,1,0,0,0,0,19.3232634260033
37139,1.0146677714507342,1.0501782480760524,1.0429164743885555,claudette,NC,2021-06-21,1,18.9144493318303,152.125,2021,6.2,17.1,0.1150886470727821,0.0138769006042095,0.0679237766416572,0.05651,0.5318724117531058,0,1,0,0.1017699115044247,0.1371681415929203,0.0663716814159292,False,True,False,False,False,False,False,False,False,False,0,1,0,0,0,0,18.9144493318303
37141,1.0604109709850955,1.0841750079260837,1.0223342939481266,claudette,NC,2021-06-21,1,7.72574106950349,151.37890625,2021,5.5,17.7,0.1288633375671279,0.0121396724495651,0.0364190173486955,0.065681,0.73780376393203,0,1,0,0.0309988518943742,0.0355912743972445,0.0160734787600459,False,True,False,False,False,False,False,False,False,False,0,1,0,0,0,0,7.72574106950349
37143,1.0710616438356164,1.0692031004610163,1.2,claudette,NC,2021-06-21,1,19.6662843730462,174.78125,2021,4.4,27.5,0.142337426102774,0.0078492935635792,0.0411651840223268,0.053138,0.7176470588235294,0,1,0,0.0283400809716599,0.0283400809716599,0.0080971659919028,False,True,False,False,False,False,False,False,False,False,0,1,0,0,0,0,19.6662843730462
37145,1.0488385345087654,1.0153493957817312,1.0126348796458542,claudette,NC,2021-06-21,1,17.8156096305842,62.54166412353515,2021,5.6,19.9,0.1662060388309265,0.0031393231619262,0.0538079989954165,0.055759,0.6428114689106581,0,0,0,0.0663265306122449,0.0790816326530612,0.0229591836734693,False,True,False,False,False,False,False,False,False,False,0,1,0,0,0,0,17.8156096305842
37147,0.974462365591398,1.0187393351288008,1.017441860465116,claudette,NC,2021-06-21,1,18.2739519859959,312.84375,2021,5.7,13.4,0.1084719558352719,0.0184862372423876,0.0838417634323952,0.050421999999999995,0.5100767726132646,0,0,0,0.107361963190184,0.1165644171779141,0.0567484662576687,False,True,False,False,False,False,False,False,False,False,0,1,0,0,0,0,18.2739519859959
37149,1.0071122458283943,1.0129484536082474,1.0648148148148149,claudette,NC,2021-06-21,1,10.7466589859869,290.3125,2021,3.9,30.5,0.1410529639276975,0.0076779897626803,0.0416472778036296,0.055058,0.8648592715231788,0,0,0,0.080168776371308,0.0548523206751054,0.0126582278481012,False,True,False,False,False,False,False,False,False,False,0,1,0,0,0,0,10.7466589859869
37151,1.0313025685420008,1.0428604347492128,1.0379195253105875,claudette,NC,2021-06-21,1,18.1058867221962,552.6420288085938,2021,5.6,17.7,0.1446464683269872,0.0172355040622702,0.0403178076295353,0.051598,0.7515658488877791,1,1,0,0.0805626598465473,0.1253196930946291,0.0319693094629156,False,True,False,False,False,False,False,False,False,False,0,1,0,0,0,0,18.1058867221962
37153,1.053856811444774,1.049919756736211,1.064225432699185,claudette,NC,2021-06-21,1,18.4065564717452,163.74374389648438,2021,6.2,17.6,0.1253402584399737,0.0251043456911367,0.1014608396759145,0.038926,0.5497601639267918,1,1,0,0.080338266384778,0.1014799154334038,0.0169133192389006,False,True,False,False,False,False,False,False,False,False,0,1,0,0,0,0,18.4065564717452
37155,1.0730487917785392,1.108560150842484,1.0825707154742097,claudette,NC,2021-06-21,1,5.49215786139454,241.36328125,2021,6.6,15.2,0.1241932499646281,0.0173291352003977,0.0869534338675694,0.036736,0.2502274092508367,1,1,1,0.1140443505807814,0.1203801478352692,0.013727560718057,False,True,False,False,False,False,False,False,False,False,0,1,0,0,0,0,5.49215786139454
37157,1.0331094177309297,1.0090804353757994,0.9887573205659814,claudette,NC,2021-06-21,1,15.5219054526288,49.20624923706055,2021,5.0,20.4,0.1320925672865545,0.0084374835205399,0.0673943996203132,0.046993,0.7049486256257136,0,0,0,0.1415929203539823,0.127433628318584,0.0336283185840707,False,True,False,False,False,False,False,False,False,False,0,1,0,0,0,0,15.5219054526288
37159,1.0265561866838435,1.0071491976579805,1.0363448071801953,claudette,NC,2021-06-21,1,17.3444619380126,417.0763854980469,2021,5.6,17.4,0.1257499594616507,0.0234838244570604,0.0654771559881049,0.0536,0.6817702127659574,0,0,1,0.162426614481409,0.162426614481409,0.0371819960861056,False,True,False,False,False,False,False,False,False,False,0,1,0,0,0,0,17.3444619380126
37161,1.0240956203637843,0.9901209951511308,1.0534170214633718,claudette,NC,2021-06-21,1,11.4885249530399,257.38067626953125,2021,5.0,21.5,0.1588625915205176,0.0123818707810993,0.0605978784956605,0.0455,0.8073055676246043,0,0,1,0.0867256637168141,0.0778761061946902,0.0371681415929203,False,True,False,False,False,False,False,False,False,False,0,1,0,0,0,0,11.4885249530399
37163,1.0337208376463094,1.0209741869130515,1.024733220305176,claudette,NC,2021-06-21,1,7.56171968007306,344.3947448730469,2021,6.4,17.9,0.1107507994415169,0.0273483388938489,0.0504205629434707,0.045127,0.5035740903855275,1,1,0,0.0402116402116402,0.0592592592592592,0.0126984126984126,False,True,False,False,False,False,False,False,False,False,0,1,0,0,0,0,7.56171968007306
37165,0.9898349342534738,1.0298473599959663,1.109633748337967,claudette,NC,2021-06-21,1,9.95497916094869,154.1770782470703,2021,6.6,17.8,0.1150812811846129,0.0057311282135254,0.1103651547404617,0.039866,0.4168958857611049,0,0,1,0.1065830721003134,0.0815047021943573,0.0344827586206896,False,True,False,False,False,False,False,False,False,False,0,1,0,0,0,0,9.95497916094869
37167,1.0168341602001445,1.0247869456600698,1.0070592881473068,claudette,NC,2021-06-21,1,18.004374331833,304.6875,2021,5.2,19.0,0.1291557612857173,0.0052892142343333,0.0506072017941014,0.056462000000000005,0.7782701907077947,0,0,0,0.0860759493670886,0.1316455696202531,0.0455696202531645,False,True,False,False,False,False,False,False,False,False,0,1,0,0,0,0,18.004374331833
37169,1.058360565195379,1.0385919835560125,1.6515837104072402,claudette,NC,2021-06-21,1,14.2842311839747,32.13888931274414,2021,4.3,20.9,0.1554993678887484,0.0047930979389678,0.0270543750332854,0.052637,0.8896900269541779,0,1,1,0.0512249443207126,0.0757238307349666,0.0155902004454342,False,True,False,False,False,False,False,False,False,False,0,1,0,0,0,0,14.2842311839747
37171,1.0556030179201876,1.040088244056006,1.0127829970737718,claudette,NC,2021-06-21,1,12.9031459131961,19.212499618530273,2021,5.3,20.4,0.1440708433461371,0.0140195084431702,0.0547495018005104,0.050881,0.8095825333875194,1,1,0,0.0883458646616541,0.1090225563909774,0.0507518796992481,False,True,False,False,False,False,False,False,False,False,0,1,0,0,0,0,12.9031459131961
37173,1.1156079535456622,1.1058857218379663,1.015801354401806,claudette,NC,2021-06-21,1,7.55938231557657,138.03472900390625,2021,5.0,18.8,0.1430298521342881,0.0038147138964577,0.0781108083560399,0.048608,0.6050152298647021,1,1,0,0.0246679316888045,0.0360531309297912,0.0037950664136622,False,True,False,False,False,False,False,False,False,False,0,1,0,0,0,0,7.55938231557657
37175,1.0611195158850226,1.067996257866984,1.111980939414568,claudette,NC,2021-06-21,1,9.03812422068583,344.1696472167969,2021,4.1,30.1,0.0854498092845846,0.0068730957273435,0.0423722808757882,0.05783,0.8652761777723883,1,1,1,0.0582010582010582,0.0502645502645502,0.0396825396825396,False,True,False,False,False,False,False,False,False,False,0,1,0,0,0,0,9.03812422068583
37177,1.1236831837690204,1.0910380704658311,1.2121212121212122,claudette,NC,2021-06-21,1,20.0856334583818,213.15179443359375,2021,3.3,22.6,0.1007000538502961,0.0014134275618374,0.0692579505300353,0.040938,0.5790446841294299,1,1,0,0.0102564102564102,0.0153846153846153,0.0025641025641025,False,True,False,False,False,False,False,False,False,False,0,1,0,0,0,0,20.0856334583818
37179,1.0019883479440397,0.9980237966957716,0.9924991175432404,claudette,NC,2021-06-21,1,17.9706568307089,309.6761474609375,2021,5.5,12.6,0.0619650786717831,0.0176621258267174,0.0272705261682362,0.088465,0.6761867988433145,0,0,0,0.1518987341772152,0.1550632911392405,0.0696202531645569,False,True,False,False,False,False,False,False,False,False,0,1,0,0,0,0,17.9706568307089
37181,1.0765378454513657,1.0853243260608174,1.1040800906686814,claudette,NC,2021-06-21,1,18.7770489989534,125.796875,2021,6.3,18.4,0.1469788377981307,0.0034240179294029,0.0879038784784909,0.045243000000000005,0.3814880924421062,1,1,0,0.1944444444444444,0.1904761904761904,0.0357142857142857,False,True,False,False,False,False,False,False,False,False,0,1,0,0,0,0,18.7770489989534
37183,0.9934831978408978,1.010184151387346,0.9889877893264296,claudette,NC,2021-06-21,1,18.9909256501806,527.121337890625,2021,6.0,11.8,0.0627409763396553,0.0244229457246816,0.0388137697089144,0.08847100000000001,0.5711123506963813,0,0,0,0.5095923261390888,0.4916067146282973,0.2673860911270983,False,True,False,False,False,False,False,False,False,False,0,1,0,0,0,0,18.9909256501806
37185,1.1443335922098097,1.0941907997006162,1.0784994789857592,claudette,NC,2021-06-21,1,19.0801963165279,91.45833587646484,2021,4.3,25.6,0.1493924231593995,0.0069794493989918,0.0973245443970531,0.039588,0.3867074348245896,1,1,0,0.0396270396270396,0.0279720279720279,0.0139860139860139,False,True,False,False,False,False,False,False,False,False,0,1,0,0,0,0,19.0801963165279
37187,1.0439763488543976,1.0778443113772456,0.9810126582278482,claudette,NC,2021-06-21,1,19.8288230110593,327.4910888671875,2021,1.6,25.1,0.1530148593884318,0.0046577561765897,0.1719319562575941,0.032937,0.4506043806234663,0,1,0,0.0144508670520231,0.0260115606936416,0.0115606936416184,False,True,False,False,False,False,False,False,False,False,0,1,0,0,0,0,19.8288230110593
37189,1.0576045875146618,1.0665607154401464,1.0251359969986868,claudette,NC,2021-06-21,1,10.6239439970712,29.401784896850582,2021,3.1,16.2,0.0857037819953127,0.0043258832011535,0.0424417207402066,0.048786,0.8317494360832748,0,1,0,0.1025641025641025,0.0961538461538461,0.0705128205128205,False,True,False,False,False,False,False,False,False,False,0,1,0,0,0,0,10.6239439970712
37191,1.0419491525423727,1.004619339712974,0.9933997629041044,claudette,NC,2021-06-21,1,10.9781792233411,323.0,2021,6.4,16.4,0.1129877157231835,0.0310515172900494,0.0751480934967173,0.049488,0.5130611166508996,0,0,0,0.1229656419529837,0.1247739602169981,0.0596745027124773,False,True,False,False,False,False,False,False,False,False,0,1,0,0,0,0,10.9781792233411
37193,1.0809350323356637,1.0552625393000912,1.018695799076473,claudette,NC,2021-06-21,1,12.2787217105469,27.491071701049805,2021,4.9,21.6,0.1512514503563732,0.005574912891986,0.0447093343113882,0.046079,0.8536736952204823,0,0,0,0.0743691899070385,0.0690571049136786,0.0225763612217795,False,True,False,False,False,False,False,False,False,False,0,1,0,0,0,0,12.2787217105469
37195,1.0684676705048717,1.0870521617575055,1.0534501105017595,claudette,NC,2021-06-21,1,18.832039669562,421.6964416503906,2021,5.9,18.3,0.1156544025899571,0.0186366479049405,0.0917135709818636,0.047348,0.4582910235580829,1,1,0,0.1416893732970027,0.1335149863760218,0.0517711171662125,False,True,False,False,False,False,False,False,False,False,0,1,0,0,0,0,18.832039669562
37197,1.0247774837623285,1.0565150222509163,0.9317443120260024,claudette,NC,2021-06-21,1,14.2774406690673,49.21875,2021,4.9,19.7,0.1101470060953746,0.0190842268527884,0.0505091375008429,0.051348,0.8157413876498092,0,1,0,0.0538922155688622,0.0808383233532934,0.0239520958083832,False,True,False,False,False,False,False,False,False,False,0,1,0,0,0,0,14.2774406690673
37199,1.1081095538675512,1.057323263587966,1.1458017581085178,claudette,NC,2021-06-21,1,9.64013082799742,52.75,2021,4.6,25.9,0.1311346062805744,0.0105014439485429,0.0409556313993174,0.045323999999999996,0.9001082837033026,1,0,1,0.0256410256410256,0.032051282051282,0.0224358974358974,False,True,False,False,False,False,False,False,False,False,0,1,0,0,0,0,9.64013082799742
45001,1.0156772943456052,1.0002710761724043,1.8131868131868136,claudette,SC,2021-06-21,1,3.35712074547948,429.3999938964844,2021,5.0,21.7,0.1008341787848044,0.0047755491881566,0.0620821394460362,0.04571,0.6891953076764766,0,0,1,0.0346232179226069,0.0224032586558044,0.0020366598778004,False,True,False,False,False,False,False,False,False,False,0,0,0,0,1,0,3.35712074547948
45003,0.993461417713473,0.9903463441451348,1.008517228029423,claudette,SC,2021-06-21,1,3.52472612062781,295.66070556640625,2021,5.7,19.5,0.1070591069707677,0.0091818453269632,0.0555091071961779,0.057572000000000005,0.6392943462395148,0,0,0,0.1074766355140186,0.0813084112149532,0.025233644859813,False,True,False,False,False,False,False,False,False,False,0,0,0,0,1,0,3.52472612062781
45005,1.0239520958083832,1.054009819967267,1.1221945137157108,claudette,SC,2021-06-21,1,3.47653952500924,778.7767944335938,2021,4.3,20.0,0.2179746370152545,0.0,0.1588541666666666,0.0318,0.2469212588630426,0,0,0,0.0245098039215686,0.0196078431372549,0.0073529411764705,False,True,False,False,False,False,False,False,False,False,0,0,0,0,1,0,3.47653952500924
45007,1.0311064594628578,1.0232578482034254,1.0345773418668438,claudette,SC,2021-06-21,1,3.34018550829751,345.23077392578125,2021,5.7,17.9,0.1195356477363476,0.0082069105484803,0.0626997818255619,0.056796,0.7480733170362953,0,0,1,0.1514726507713885,0.1402524544179523,0.0659186535764375,False,True,False,False,False,False,False,False,False,False,0,0,0,0,1,0,3.34018550829751
45009,1.1833981248570773,1.1089137565116731,1.049618320610687,claudette,SC,2021-06-21,1,3.66058049447407,492.9583435058594,2021,4.9,21.7,0.1437994722955145,0.0013152126260412,0.1505918456817185,0.044408,0.3763804372323642,1,1,0,0.0254452926208651,0.0432569974554707,0.005089058524173,False,True,False,False,False,False,False,False,False,False,0,0,0,0,1,0,3.66058049447407
45011,1.0213342762847717,1.011246954403063,1.11328125,claudette,SC,2021-06-21,1,3.52698393041419,323.28125,2021,5.7,18.4,0.1788664745437079,0.0038773779231794,0.1361928995516781,0.038237,0.5027927534120161,0,0,0,0.0310218978102189,0.041970802919708,0.0127737226277372,False,True,False,False,False,False,False,False,False,False,0,0,0,0,1,0,3.52698393041419
45013,1.076171639263202,1.0566923713604366,0.9904184866845146,claudette,SC,2021-06-21,1,3.50656081845401,165.41477966308594,2021,5.0,27.4,0.0881227981882234,0.0178354718627705,0.0366390771370522,0.074199,0.6771378335479941,1,1,0,0.1267361111111111,0.125,0.0711805555555555,False,True,False,False,False,False,False,False,False,False,0,0,0,0,1,0,3.50656081845401
45015,1.0288101380598225,1.0491986955042918,1.0597360820463155,claudette,SC,2021-06-21,1,4.1421590857363,490.4553527832031,2021,6.3,14.0,0.101063829787234,0.0181126241303442,0.0363560682642564,0.070786,0.5996667551259239,0,1,0,0.0689029918404351,0.0761559383499546,0.0299184043517679,False,True,False,False,False,False,False,False,False,False,0,0,0,0,1,0,4.1421590857363
45017,1.0703928288953335,1.1016236224446876,1.3000000000000005,claudette,SC,2021-06-21,1,3.93055716647326,277.5520935058594,2021,4.9,22.9,0.11103515625,0.0025911210917256,0.045603731214372,0.052491,0.5512430058786033,0,1,1,0.0236220472440944,0.0341207349081364,0.0052493438320209,False,True,False,False,False,False,False,False,False,False,0,0,0,0,1,0,3.93055716647326
45019,1.0688781386777235,1.0881931052652765,1.0208537415530723,claudette,SC,2021-06-21,1,3.97842384807371,349.4264831542969,2021,5.7,16.5,0.0676280586429657,0.0176106474117233,0.0602074434177524,0.07080700000000001,0.6456085343000968,0,1,0,0.2191930207197382,0.1668484187568157,0.128680479825518,False,True,False,False,False,False,False,False,False,False,0,0,0,0,1,0,3.97842384807371
45021,1.0204676722929402,1.0587052103614116,0.9919309961046188,claudette,SC,2021-06-21,1,13.2077971885593,273.7578125,2021,5.8,16.5,0.1183570984312731,0.0119538921303543,0.0674066695128314,0.04133,0.7039988615340829,0,1,0,0.1020408163265306,0.1071428571428571,0.0306122448979591,False,True,False,False,False,False,False,False,False,False,0,0,0,0,1,0,13.2077971885593
45023,1.0679954763924226,1.035281178547654,0.9837850919651502,claudette,SC,2021-06-21,1,4.03605233922339,329.9930419921875,2021,5.6,18.4,0.1245897604200853,0.0018150252525252,0.0746527777777777,0.046441,0.5756796928221961,0,1,0,0.0310344827586206,0.0568965517241379,0.0068965517241379,False,True,False,False,False,False,False,False,False,False,0,0,0,0,1,0,4.03605233922339
45025,1.0146130285244943,1.0101069753315557,1.005961251862891,claudette,SC,2021-06-21,1,4.63400547742761,177.51666259765625,2021,5.5,18.5,0.1480595025297664,0.0107063889212149,0.0946700802979169,0.045046,0.5968848935826034,0,0,0,0.0538847117794486,0.0601503759398496,0.0100250626566416,False,True,False,False,False,False,False,False,False,False,0,0,0,0,1,0,4.63400547742761
45027,1.0343260626398212,1.1194614443084454,0.9339711417816812,claudette,SC,2021-06-21,1,4.2106964798724,509.4866027832031,2021,4.5,23.6,0.1676646706586826,0.0091497626240828,0.1101424255502805,0.045542,0.4915553557667608,0,1,0,0.0461285008237232,0.0708401976935749,0.0164744645799011,False,True,False,False,False,False,False,False,False,False,0,0,0,0,1,0,4.2106964798724
45029,1.0465901417960837,1.126435380064254,1.2616171003717471,claudette,SC,2021-06-21,1,3.69661256225304,514.3153076171875,2021,5.5,19.8,0.1218754363915654,0.0058436815193571,0.0879872501494123,0.041419,0.5651227852036058,0,1,1,0.0179924242424242,0.0397727272727272,0.0094696969696969,False,True,False,False,False,False,False,False,False,False,0,0,0,0,1,0,3.69661256225304
45031,1.0097455831690647,1.0045518083597846,1.0195109903679922,claudette,SC,2021-06-21,1,4.64940094270717,190.8812561035156,2021,5.6,19.1,0.1422045387562629,0.0060620468322833,0.0905741114941162,0.040704000000000004,0.5376520149431683,0,0,0,0.1,0.1053571428571428,0.0232142857142857,False,True,False,False,False,False,False,False,False,False,0,0,0,0,1,0,4.64940094270717
45033,1.067096541461875,1.1019997430736952,1.050999310820124,claudette,SC,2021-06-21,1,5.10781607375065,216.5416717529297,2021,7.1,16.4,0.1270259038648012,0.016193154271308,0.1241151944148162,0.03978,0.4590343560016966,1,1,0,0.0666666666666666,0.0839506172839506,0.0172839506172839,False,True,False,False,False,False,False,False,False,False,0,0,0,0,1,0,5.10781607375065
45035,1.0677744381978729,1.0489211249826158,1.033335014372888,claudette,SC,2021-06-21,1,3.88398787295552,562.1319580078125,2021,5.8,14.0,0.0996599342115717,0.0183590130743625,0.0304038982876359,0.06804600000000001,0.6137489166769841,1,1,0,0.0915492957746478,0.1197183098591549,0.0352112676056338,False,True,False,False,False,False,False,False,False,False,0,0,0,0,1,0,3.88398787295552
45037,1.074688796680498,1.0619123713255791,1.0619469026548674,claudette,SC,2021-06-21,1,3.45206371665905,222.09027099609375,2021,3.7,19.1,0.1079080638878067,0.025928367391782,0.075368050977807,0.055183,0.5803484429200608,0,0,0,0.022,0.028,0.01,False,True,False,False,False,False,False,False,False,False,0,0,0,0,1,0,3.45206371665905
45039,1.0205766169447557,1.0451106250224118,1.1089494163424127,claudette,SC,2021-06-21,1,3.98020285877361,241.92857360839844,2021,4.3,21.8,0.1289492310662119,0.0,0.0649691710436172,0.041755,0.4059098720641588,0,1,0,0.0160349854227405,0.0495626822157434,0.0087463556851311,False,True,False,False,False,False,False,False,False,False,0,0,0,0,1,0,3.98020285877361
45041,1.0140538089200268,1.0124229846759252,0.9569209039548022,claudette,SC,2021-06-21,1,4.67845749880455,370.1666564941406,2021,5.9,17.0,0.1012613540951072,0.007588190998436,0.0760749937247784,0.051902000000000004,0.5035860468849181,0,0,0,0.1325,0.15375,0.045,False,True,False,False,False,False,False,False,False,False,0,0,0,0,1,0,4.67845749880455
45043,1.0557479611216622,1.0901808375634516,1.1110672872130631,claudette,SC,2021-06-21,1,4.59406362022602,374.4411926269531,2021,4.3,28.0,0.1195785404488025,0.0035033086804203,0.0527831841183339,0.055719000000000005,0.6495804681092675,1,1,1,0.050430504305043,0.054120541205412,0.023370233702337,False,True,False,False,False,False,False,False,False,False,0,0,0,0,1,0,4.59406362022602
45045,1.0496381928016012,1.0349000677671218,1.0485123767033089,claudette,SC,2021-06-21,1,10.303193367739,372.54583740234375,2021,6.1,15.8,0.0905355005636586,0.0246775998832059,0.0558129349360066,0.065513,0.6543763105717232,1,0,0,0.286624203821656,0.2624203821656051,0.175796178343949,False,True,False,False,False,False,False,False,False,False,0,0,0,0,1,0,10.303193367739
45047,1.0219484620482633,1.014815109028081,1.0032069518439972,claudette,SC,2021-06-21,1,3.47157381611841,330.2321472167969,2021,5.9,18.5,0.0926760399945848,0.0058022844214137,0.0841878626427763,0.044513,0.5857882366512379,0,0,0,0.1208791208791208,0.0791208791208791,0.0395604395604395,False,True,False,False,False,False,False,False,False,False,0,0,0,0,1,0,3.47157381611841
45049,1.0120574653668546,1.076676373102884,1.0990247561890474,claudette,SC,2021-06-21,1,3.49113812316425,716.7556762695312,2021,5.6,18.8,0.1490642201834862,0.0117768290887678,0.0912704254379508,0.038298,0.4203437314799849,0,1,1,0.0268336314847942,0.0429338103756708,0.0125223613595706,False,True,False,False,False,False,False,False,False,False,0,0,0,0,1,0,3.49113812316425
45051,1.0729719345355018,1.085355196945084,1.0228574113335642,claudette,SC,2021-06-21,1,5.12000045486758,406.610107421875,2021,4.5,24.5,0.1342647475049941,0.0131417661523375,0.0442466699849192,0.054688,0.7570001338920715,1,1,0,0.1862312444836716,0.176522506619594,0.0803177405119152,False,True,False,False,False,False,False,False,False,False,0,0,0,0,1,0,5.12000045486758
45053,1.0474885660749904,1.1771120167419322,1.0907917383820998,claudette,SC,2021-06-21,1,3.42283440861364,247.30728149414065,2021,5.7,20.1,0.1224183796856106,0.0259833994947672,0.0419523637675929,0.047811,0.4534750442846723,0,1,0,0.0305343511450381,0.0595419847328244,0.0213740458015267,False,True,False,False,False,False,False,False,False,False,0,0,0,0,1,0,3.42283440861364
45055,1.0103665865384617,0.9865804253751956,1.0045905839649834,claudette,SC,2021-06-21,1,4.25385507082848,197.8791656494141,2021,5.3,18.4,0.1291184146142554,0.0042166981245733,0.0365447170796353,0.056449,0.6634405149610874,0,0,0,0.0550964187327823,0.0578512396694214,0.0206611570247933,False,True,False,False,False,False,False,False,False,False,0,0,0,0,1,0,4.25385507082848
45057,0.9978158446940204,0.994145130959074,0.9567344224924014,claudette,SC,2021-06-21,1,4.29416824300075,344.16876220703125,2021,5.7,20.9,0.0940924846965115,0.0062846681421974,0.0400032789572915,0.067407,0.6762102149641727,0,0,0,0.0965391621129326,0.116575591985428,0.0364298724954462,False,True,False,False,False,False,False,False,False,False,0,0,0,0,1,0,4.29416824300075
45059,1.0464799755010377,1.0557246185057774,0.9540840985983567,claudette,SC,2021-06-21,1,3.58564960788296,382.921875,2021,5.7,18.3,0.1310301284454353,0.0127363341507792,0.0605173641325844,0.046754,0.6567760849287079,1,1,0,0.0674157303370786,0.0674157303370786,0.0252808988764044,False,True,False,False,False,False,False,False,False,False,0,0,0,0,1,0,3.58564960788296
45061,1.0902450396311454,1.10640200633785,1.0749185667752443,claudette,SC,2021-06-21,1,4.38975037832543,257.765625,2021,5.0,18.8,0.1372821090972162,0.0028472002530844,0.1232204998418222,0.036195,0.3460770673280503,1,1,0,0.0390243902439024,0.0390243902439024,0.0024390243902439,False,True,False,False,False,False,False,False,False,False,0,0,0,0,1,0,4.38975037832543
45063,1.0202042678178054,1.008042572786069,1.0065379688121217,claudette,SC,2021-06-21,1,3.77234984585695,189.82142639160156,2021,5.7,15.9,0.1019105750261495,0.011486020020711,0.0445633413876423,0.065623,0.7104095023317041,1,0,0,0.2320916905444126,0.3108882521489971,0.1074498567335243,False,True,False,False,False,False,False,False,False,False,0,0,0,0,1,0,3.77234984585695
45065,0.9953464322647364,1.0743764977367534,0.935412026726058,claudette,SC,2021-06-21,1,3.3512479645413,313.6111145019531,2021,2.7,34.8,0.1392680514342235,0.0005307855626326,0.0528131634819532,0.053193,0.5411505353768633,0,0,0,0.0251396648044692,0.0195530726256983,0.0083798882681564,False,True,False,False,False,False,False,False,False,False,0,0,0,0,1,0,3.3512479645413
45067,1.0566056706213554,1.0469560469560468,1.1357210179076345,claudette,SC,2021-06-21,1,4.94550890115733,355.4437561035156,2021,5.8,19.9,0.1297796795338674,0.0060863150129103,0.1267982294356326,0.034465,0.3796730973511976,1,0,0,0.0552147239263803,0.0552147239263803,0.0204498977505112,False,True,False,False,False,False,False,False,False,False,0,0,0,0,1,0,4.94550890115733
45069,1.0013025073266033,0.9972687262074916,1.0668563300142249,claudette,SC,2021-06-21,1,4.97458068310094,147.50892639160156,2021,5.4,17.7,0.1741144414168937,0.0054656521273175,0.1401779016182617,0.032136000000000005,0.3958450519368507,0,0,0,0.0709812108559499,0.0647181628392484,0.0083507306889352,False,True,False,False,False,False,False,False,False,False,0,0,0,0,1,0,4.97458068310094
45071,1.0019299566936546,1.0180386781031203,0.977744247453791,claudette,SC,2021-06-21,1,3.72270520320523,262.5989685058594,2021,5.7,19.7,0.107195248488318,0.0196868600118913,0.0565501750677148,0.05095,0.6000954426151277,0,0,0,0.046031746031746,0.0619047619047619,0.0222222222222222,False,True,False,False,False,False,False,False,False,False,0,0,0,0,1,0,3.72270520320523
45073,1.016606595479503,0.9935001492658831,0.9970025363154252,claudette,SC,2021-06-21,1,8.52289768810889,330.60577392578125,2021,4.7,23.1,0.1662277637448272,0.0070033628482399,0.0565513837040693,0.052842,0.8230310277710636,0,0,0,0.0798722044728434,0.0766773162939297,0.0431309904153354,False,True,False,False,False,False,False,False,False,False,0,0,0,0,1,0,8.52289768810889
45075,1.0211622438696673,1.0323980253634768,1.0145743623716463,claudette,SC,2021-06-21,1,3.84161861130334,429.7156372070313,2021,5.4,19.8,0.0921056799822599,0.0071819425444596,0.0807424449695311,0.038052,0.3299217553399902,0,1,0,0.0596745027124773,0.0867992766726944,0.0126582278481012,False,True,False,False,False,False,False,False,False,False,0,0,0,0,1,0,3.84161861130334
45077,1.0302298123037223,1.0458325483758109,1.015018246467671,claudette,SC,2021-06-21,1,9.30731743601987,328.4453125,2021,4.9,16.6,0.1103542906782756,0.007423439459525,0.066345725959788,0.053188,0.8161623694864693,0,1,0,0.1129032258064516,0.1189516129032258,0.0685483870967741,False,True,False,False,False,False,False,False,False,False,0,0,0,0,1,0,9.30731743601987
45079,1.0072151670844354,1.0187964268178722,1.0228114201086065,claudette,SC,2021-06-21,1,3.98323539959455,167.71633911132812,2021,5.7,12.9,0.110750029212894,0.0140734314832959,0.0649999063851564,0.056137,0.4148630171549957,0,0,0,0.2589167767503302,0.2840158520475561,0.1017173051519154,False,True,False,False,False,False,False,False,False,False,0,0,0,0,1,0,3.98323539959455
45081,1.0203239838008098,1.0548346588530768,1.9565217391304353,claudette,SC,2021-06-21,1,3.60145563775364,236.58929443359375,2021,5.9,19.7,0.1041430192962542,0.0303030303030303,0.0575619205756192,0.046451,0.5971795143675114,0,0,0,0.0309734513274336,0.0243362831858407,0.0022123893805309,False,True,False,False,False,False,False,False,False,False,0,0,0,0,1,0,3.60145563775364
45083,1.0356072425685665,1.0465093172873932,1.042962664660188,claudette,SC,2021-06-21,1,11.6249663028165,379.8500061035156,2021,6.1,16.0,0.1143114637355209,0.0207302284422011,0.0516780833142145,0.057627000000000005,0.6537864675591545,1,1,0,0.2264851485148515,0.2648514851485148,0.1002475247524752,False,True,False,False,False,False,False,False,False,False,0,0,0,0,1,0,11.6249663028165
45085,1.0226332226133592,1.0353133060233652,1.0828947368421054,claudette,SC,2021-06-21,1,4.22052916149586,301.87017822265625,2021,6.6,16.4,0.1268766712319833,0.0023290593052048,0.0860035793964058,0.04904,0.4399749895789912,1,1,0,0.1037593984962406,0.0902255639097744,0.0240601503759398,False,True,False,False,False,False,False,False,False,False,0,0,0,0,1,0,4.22052916149586
45087,1.0699421378540253,1.028560296966483,1.0318791946308723,claudette,SC,2021-06-21,1,3.80154331133457,282.9930419921875,2021,5.6,20.0,0.1906800756745992,0.0016143497757847,0.0853811659192825,0.040048,0.6342313903978858,1,1,0,0.0292397660818713,0.0526315789473684,0.0058479532163742,False,True,False,False,False,False,False,False,False,False,0,0,0,0,1,0,3.80154331133457
45089,1.0731730677138205,1.0311221193194056,1.5217391304347827,claudette,SC,2021-06-21,1,4.46200732945747,578.9124755859375,2021,5.0,21.1,0.1552507225765013,0.0009142287234042,0.148188164893617,0.040124,0.3218590859279314,1,0,1,0.032119914346895,0.0289079229122055,0.0053533190578158,False,True,False,False,False,False,False,False,False,False,0,0,0,0,1,0,4.46200732945747
45091,0.9977934290729036,1.0204296626596487,1.0000535331905782,claudette,SC,2021-06-21,1,15.9671620551003,323.1822814941406,2021,5.8,14.4,0.0767218553609595,0.008501454443089,0.0365768978136436,0.07223399999999999,0.6665071431103549,0,0,0,0.2261380323054332,0.198237885462555,0.0837004405286343,False,True,False,False,False,False,False,False,False,False,0,0,0,0,1,0,15.9671620551003
48001,0.9970882341672732,0.9964955366381988,0.9561128526645768,beta,TX,2020-09-20,1,2.07367011733946,106.44078826904295,2020,5.2,14.5,0.1374666975558902,0.0182678885719487,0.0597802998118589,0.049735999999999995,0.5714236386865095,0,0,0,0.0310734463276836,0.0386064030131826,0.0160075329566855,True,False,False,False,False,False,False,False,False,False,0,0,0,0,0,1,2.07367011733946
48003,1.0132776675107795,1.0289517364657816,0.8919301557338367,beta,TX,2020-09-20,1,2.37045105606029,0.0,2020,8.4,9.7,0.1020367009477717,0.0849433178987705,0.0268242056522433,0.080518,0.3979043524986566,0,0,0,0.0033333333333333,0.008,0.0026666666666666,True,False,False,False,False,False,False,False,False,False,0,0,0,0,0,1,2.37045105606029
48005,1.0001508767014042,0.987856259125918,0.9465173326447616,beta,TX,2020-09-20,1,2.32703144309786,58.29043960571289,2020,6.6,16.2,0.1493842719832364,0.0221501717440852,0.0562421752110686,0.052377,0.5783899531222871,0,0,0,0.0577164366373902,0.0702634880803011,0.0288582183186951,True,False,False,False,False,False,False,False,False,False,0,0,0,0,0,1,2.32703144309786
48007,0.8904649330181246,0.9454233276100616,0.7359434795407713,beta,TX,2020-09-20,1,19.9564850840226,681.4642944335938,2020,4.6,27.3,0.1126432555003983,0.0384615384615384,0.053291236127057,0.051509,0.6637012169534201,0,0,0,0.0515873015873015,0.0873015873015873,0.0198412698412698,True,False,False,False,False,False,False,False,False,False,0,0,0,0,0,1,19.9564850840226
48009,0.916402356139556,0.9794609996438324,1.068702290076336,beta,TX,2020-09-20,1,2.93407065038889,0.2890625,2020,5.4,20.2,0.1292698213726104,0.0192821121328982,0.0341145060812815,0.067083,0.8593457943925233,0,0,0,0.0088593576965669,0.0088593576965669,0.0022148394241417,True,False,False,False,False,False,False,False,False,False,0,0,0,0,0,1,2.93407065038889
48011,1.102325581395349,1.0066718995290425,1.25,beta,TX,2020-09-20,1,2.04865018397993,0.0,2020,6.9,23.0,0.0504017531044558,0.0,0.0042372881355932,0.07113599999999999,0.862012987012987,0,0,0,0.0022002200220022,0.0022002200220022,0.0022002200220022,True,False,False,False,False,False,False,False,False,False,0,0,0,0,0,1,2.04865018397993
48013,0.9667812426321862,0.9507794873534752,0.9945636345985824,beta,TX,2020-09-20,1,7.80231715823881,69.125,2020,7.2,14.7,0.0762747576906869,0.0683061827787911,0.0506950122649223,0.063391,0.3280047365304914,0,0,0,0.0188679245283018,0.0254306808859721,0.0114848236259228,True,False,False,False,False,False,False,False,False,False,0,0,0,0,0,1,7.80231715823881
48015,1.0080584987315326,0.9592443589295084,1.093707250341997,beta,TX,2020-09-20,1,3.20980692094396,298.0909118652344,2020,5.5,19.6,0.1026314617747896,0.0165526560256735,0.0329364073980238,0.0684,0.6125899161335234,0,0,1,0.0294117647058823,0.0464396284829721,0.0139318885448916,True,False,False,False,False,False,False,False,False,False,0,0,0,0,0,1,3.20980692094396
48017,1.0065026858919988,1.0264278557114226,1.0239852398523983,beta,TX,2020-09-20,1,2.00772364239206,0.0,2020,6.1,13.4,0.1377223546671556,0.1004098360655737,0.1075819672131147,0.064044,0.31720741599073,0,0,0,0.0072639225181598,0.0060532687651331,0.0024213075060532,True,False,False,False,False,False,False,False,False,False,0,0,0,0,0,1,2.00772364239206
48019,0.9504408634843418,0.962220320332559,0.9723150357995228,beta,TX,2020-09-20,1,5.57454913437153,67.17613220214844,2020,3.8,27.3,0.1358992302309307,0.0280329237743051,0.013002505069784,0.06449500000000001,0.747925758956405,0,0,0,0.0126582278481012,0.0215189873417721,0.0075949367088607,True,False,False,False,False,False,False,False,False,False,0,0,0,0,0,1,5.57454913437153
48021,0.9943294260922516,0.9485022791404384,0.988791936211825,beta,TX,2020-09-20,1,9.67341678726472,250.96322631835935,2020,6.4,15.0,0.090506424584836,0.0230245275175082,0.0260624860094016,0.07833899999999999,0.4706118334430546,0,0,0,0.0551801801801801,0.0754504504504504,0.0225225225225225,True,False,False,False,False,False,False,False,False,False,0,0,0,0,0,1,9.67341678726472
48023,0.8863800144126831,0.8662420382165603,0.0,beta,TX,2020-09-20,1,2.83085298774636,0.53125,2020,4.4,24.0,0.2067442794058611,0.0053015241882041,0.0497017892644135,0.043705,0.8072150072150072,0,0,0,0.0034602076124567,0.0069204152249134,0.0,True,False,False,False,False,False,False,False,False,False,0,0,0,0,0,1,2.83085298774636
48025,1.032017028447263,0.9960803119070952,1.1501766784452294,beta,TX,2020-09-20,1,21.641543692061,169.48046875,2020,5.5,12.3,0.1102241662110442,0.0458985524302695,0.0561374602800988,0.048822000000000004,0.2769993880246078,1,0,0,0.0272727272727272,0.0181818181818181,0.0079545454545454,True,False,False,False,False,False,False,False,False,False,0,0,0,0,0,1,21.641543692061
48027,0.9844483382061706,0.9939483907646632,0.9962928637627432,beta,TX,2020-09-20,1,6.20325278320069,202.37152099609375,2020,8.1,10.9,0.1285203185683369,0.0263861541644001,0.0610696965285811,0.057932000000000004,0.4229900687176747,0,0,0,0.1519468186134852,0.1490978157644824,0.0465337132003798,True,False,False,False,False,False,False,False,False,False,0,0,0,0,0,1,6.20325278320069
48029,0.98224944507657,0.9982514526795028,0.9816695103374078,beta,TX,2020-09-20,1,7.45304615698889,60.35416412353515,2020,6.8,12.1,0.1145711818443498,0.0634590391619859,0.0648785984013922,0.062168999999999995,0.2666230035574153,0,0,0,0.6862903225806452,0.7048387096774194,0.232258064516129,True,False,False,False,False,False,False,False,False,False,0,0,0,0,0,1,7.45304615698889
48031,1.0239607622416982,1.010102321716096,0.9569198438907236,beta,TX,2020-09-20,1,6.51117497478539,244.2386474609375,2020,3.7,24.8,0.1010651473866732,0.0103179616761423,0.0191619288271214,0.07120099999999999,0.7655178477228768,0,0,0,0.0239774330042313,0.0253878702397743,0.005641748942172,True,False,False,False,False,False,False,False,False,False,0,0,0,0,0,1,6.51117497478539
48033,0.958904109589041,0.0,0.0,beta,TX,2020-09-20,1,2.59727250930976,0.00390625,2020,15.5,24.9,0.1067073170731707,0.0,0.0408163265306122,0.0685,0.8367670364500792,0,0,0,0.0011148272017837,0.0,0.0,True,False,False,False,False,False,False,False,False,False,0,0,0,0,0,1,2.59727250930976
48035,1.010945166334178,0.9714063579820318,1.1285409686262564,beta,TX,2020-09-20,1,4.62289482292266,32.34191131591797,2020,5.4,24.5,0.1327940945500235,0.0184737814409549,0.0308370044052863,0.059328000000000006,0.7469701124211681,0,0,1,0.020366598778004,0.0213849287169042,0.0122199592668024,True,False,False,False,False,False,False,False,False,False,0,0,0,0,0,1,4.62289482292266
48037,0.9946533387574824,0.984298413225887,1.1425456426934733,beta,TX,2020-09-20,1,1.43644331187929,227.125,2020,6.2,16.4,0.0870135288157816,0.0076214577877173,0.0630609422358238,0.054949,0.601283196796314,0,0,0,0.0520361990950226,0.083710407239819,0.0429864253393665,True,False,False,False,False,False,False,False,False,False,0,0,0,0,0,1,1.43644331187929
48039,1.0115553540086832,1.0173964685603372,0.982326826263356,beta,TX,2020-09-20,1,6.17545858497876,328.11749267578125,2020,6.7,11.8,0.0628664213781071,0.0338579382704129,0.0265440442856683,0.087958,0.434998696345197,0,0,0,0.0924431401320616,0.1298606016140865,0.0469552457813646,True,False,False,False,False,False,False,False,False,False,0,0,0,0,0,1,6.17545858497876
48041,0.997428525509384,0.9962918673410056,0.9556465226198516,beta,TX,2020-09-20,1,8.1868947179739,100.55682373046876,2020,5.9,9.4,0.0690392275447853,0.0486804500938692,0.0542288973656833,0.052658,0.5261301096006398,0,0,0,0.1996587030716723,0.1996587030716723,0.0853242320819112,True,False,False,False,False,False,False,False,False,False,0,0,0,0,0,1,8.1868947179739
48043,1.0343341473926158,1.1210147411724374,1.0930735930735933,beta,TX,2020-09-20,1,2.50046551446641,0.0005733944708481,2020,5.9,23.1,0.1106790308106491,0.0588610284742881,0.0633234169145771,0.048679,0.5183322857741463,0,0,0,0.002264273006631,0.002426006792819,0.0009704027171276,True,False,False,False,False,False,False,False,False,False,0,0,0,0,0,1,2.50046551446641
48045,1.3528748590755355,1.1222252671964923,0.0,beta,TX,2020-09-20,1,2.16960966273418,0.00390625,2020,3.6,24.5,0.1527472527472527,0.0089766606822262,0.0807899461400359,0.038469,0.7024390243902439,1,1,0,0.0033333333333333,0.0033333333333333,0.0,True,False,False,False,False,False,False,False,False,False,0,0,0,0,0,1,2.16960966273418
48047,1.03379137036839,1.0400866738894912,1.1797752808988764,beta,TX,2020-09-20,1,15.8454591730625,43.962501525878906,2020,3.9,18.9,0.1598201512364602,0.0758762886597938,0.1373195876288659,0.026827,0.1023176936122102,0,0,1,0.0106044538706256,0.0063626723223753,0.0021208907741251,True,False,False,False,False,False,False,False,False,False,0,0,0,0,0,1,15.8454591730625
48049,0.9284250688899878,0.9644861236891772,0.9616919393455708,beta,TX,2020-09-20,1,4.05022361937783,4.277777671813965,2020,5.0,19.8,0.1468292161266174,0.0193843423657088,0.0688690191795781,0.049232,0.7001443759023493,0,0,0,0.0264830508474576,0.0317796610169491,0.0180084745762711,True,False,False,False,False,False,False,False,False,False,0,0,0,0,0,1,4.05022361937783
48051,0.9956264471314636,1.0190947451504204,1.1462205700123915,beta,TX,2020-09-20,1,8.87659296436951,157.09091186523438,2020,5.4,20.7,0.1020972574325881,0.029674003900808,0.0532181666202284,0.064109,0.6381362657295091,0,0,1,0.0242792109256449,0.0364188163884673,0.007587253414264,True,False,False,False,False,False,False,False,False,False,0,0,0,0,0,1,8.87659296436951
48053,0.990957090276226,0.9729118706706996,0.9636102865147927,beta,TX,2020-09-20,1,5.93103628294071,139.70138549804688,2020,5.0,22.7,0.1292382721783558,0.0138230867844601,0.0329970458725823,0.065363,0.7085283940565845,0,0,0,0.0372233400402414,0.0432595573440643,0.0201207243460764,True,False,False,False,False,False,False,False,False,False,0,0,0,0,0,1,5.93103628294071
48055,1.007760216431724,0.9115050163159398,0.8226660781284484,beta,TX,2020-09-20,1,9.82572513831601,205.20001220703125,2020,6.1,14.5,0.1138147337709701,0.0645476772616136,0.0487600419140761,0.06338,0.3609179870540287,0,0,0,0.0386029411764705,0.0588235294117647,0.0128676470588235,True,False,False,False,False,False,False,False,False,False,0,0,0,0,0,1,9.82572513831601
48057,1.006076083127862,0.9834626593167376,1.094825539995253,beta,TX,2020-09-20,1,18.9289728441359,714.5875244140625,2020,6.6,17.7,0.1250325945241199,0.0738255033557047,0.0277490965410428,0.061887,0.4164925892768328,0,0,0,0.0296442687747035,0.0316205533596837,0.0158102766798418,True,False,False,False,False,False,False,False,False,False,0,0,0,0,0,1,18.9289728441359
48059,1.2427409988385605,0.9458074758262376,1.0273972602739727,beta,TX,2020-09-20,1,3.49371478669719,2.85546875,2020,5.1,20.3,0.1434702038427777,0.0066704783685915,0.0405946255002858,0.05582,0.8429384301138022,1,0,0,0.0122358175750834,0.0177975528364849,0.0044493882091212,True,False,False,False,False,False,False,False,False,False,0,0,0,0,0,1,3.49371478669719
48061,0.9782630011799196,0.9560698050070054,0.966101694915254,beta,TX,2020-09-20,1,15.8522603111572,83.5859375,2020,7.8,13.5,0.0887581659811275,0.1574867338306544,0.068561101284319,0.043057000000000005,0.0881365835583836,0,0,0,0.3209876543209876,0.1548821548821548,0.0561167227833894,True,False,False,False,False,False,False,False,False,False,0,0,0,0,0,1,15.8522603111572
48063,0.9936043855641846,1.063563210277405,1.3787991104521873,beta,TX,2020-09-20,1,1.58882957671296,107.296875,2020,7.0,17.9,0.1474099339160093,0.0180159635119726,0.0503990877993158,0.050947000000000006,0.5402759948652118,0,0,1,0.0205128205128205,0.0564102564102564,0.0051282051282051,True,False,False,False,False,False,False,False,False,False,0,0,0,0,0,1,1.58882957671296
48065,0.9437711106695807,0.9792582389758756,1.051682692307692,beta,TX,2020-09-20,1,1.95630724219565,0.0078125,2020,7.0,20.8,0.0518430439952437,0.0,0.0293602103418054,0.07678600000000001,0.8391596349233683,0,0,0,0.0065217391304347,0.0141304347826086,0.0010869565217391,True,False,False,False,False,False,False,False,False,False,0,0,0,0,0,1,1.95630724219565
48067,1.0140857897453022,0.979977766647528,1.4805583250249252,beta,TX,2020-09-20,1,1.53004269791196,176.09027099609375,2020,5.6,21.9,0.1567632850241546,0.0035177205171049,0.0756309911177556,0.049625999999999997,0.7390173613551697,0,0,1,0.0202991452991453,0.0277777777777777,0.0032051282051282,True,False,False,False,False,False,False,False,False,False,0,0,0,0,0,1,1.53004269791196
48069,1.3188277087033746,1.032140248356465,1.0970873786407769,beta,TX,2020-09-20,1,2.01141470498999,0.0,2020,7.8,15.7,0.0666431593794076,0.0926768721555647,0.0525444766239139,0.053551,0.3158323158323158,1,0,0,0.0033557046979865,0.0055928411633109,0.0044742729306487,True,False,False,False,False,False,False,False,False,False,0,0,0,0,0,1,2.01141470498999
48071,0.991385275394409,0.9089683718075268,0.8911782356471296,beta,TX,2020-09-20,1,3.90626158340324,176.77777099609375,2020,6.6,11.6,0.0808799565453557,0.0204629319020462,0.0239516940623951,0.093707,0.6411285993429388,0,0,0,0.050251256281407,0.0753768844221105,0.0150753768844221,True,False,False,False,False,False,False,False,False,False,0,0,0,0,0,1,3.90626158340324
48073,1.0054300380626464,1.0014582430142278,1.0035211267605633,beta,TX,2020-09-20,1,2.0473673055194,92.43014526367188,2020,7.0,17.3,0.0857675401991876,0.0419303362130633,0.0573928355252297,0.054222,0.5969808775688328,0,0,0,0.0370722433460076,0.0304182509505703,0.0123574144486692,True,False,False,False,False,False,False,False,False,False,0,0,0,0,0,1,2.0473673055194
48075,0.9383610572507396,0.9027852169255488,0.8825083670952968,beta,TX,2020-09-20,1,2.32124055991382,0.0,2020,5.3,13.6,0.0614926853458963,0.0144927536231884,0.0115942028985507,0.053092,0.578031212484994,0,0,0,0.0086206896551724,0.0114942528735632,0.0086206896551724,True,False,False,False,False,False,False,False,False,False,0,0,0,0,0,1,2.32124055991382
48077,0.9663666508763616,0.999771833518998,0.0,beta,TX,2020-09-20,1,2.92575622181344,0.9044117331504822,2020,4.3,22.2,0.1441549766199064,0.0,0.0310755037630492,0.069967,0.8750244666275201,0,0,0,0.0073529411764705,0.0147058823529411,0.0,True,False,False,False,False,False,False,False,False,False,0,0,0,0,0,1,2.92575622181344
48079,1.0107816711590296,1.0639248994188646,1.028225806451613,beta,TX,2020-09-20,1,2.08939546855955,0.0,2020,6.8,16.2,0.1197110423116615,0.0904419321685508,0.0750256937307297,0.038203,0.3580683156654888,0,0,0,0.0038709677419354,0.0090322580645161,0.0038709677419354,True,False,False,False,False,False,False,False,False,False,0,0,0,0,0,1,2.08939546855955
48081,0.7997823721436345,0.7594936708860759,0.9420289855072462,beta,TX,2020-09-20,1,3.20719446771258,0.091346152126789,2020,4.9,26.6,0.0961887477313974,0.0296242774566473,0.0310693641618497,0.042639,0.7528158295281583,0,0,0,0.0021953896816684,0.0032930845225027,0.0010976948408342,True,False,False,False,False,False,False,False,False,False,0,0,0,0,0,1,3.20719446771258
48083,0.9731640455922668,0.9121145719204882,0.9735256346932728,beta,TX,2020-09-20,1,3.79832807921267,3.0511362552642822,2020,5.4,26.4,0.1721817162086371,0.0077591558038485,0.0595903165735568,0.047216,0.7825351379489849,0,0,0,0.0079239302694136,0.0063391442155309,0.0047543581616481,True,False,False,False,False,False,False,False,False,False,0,0,0,0,0,1,3.79832807921267
48085,0.9708406808478678,0.9952414468127098,0.998661076471823,beta,TX,2020-09-20,1,3.48704181203282,31.833332061767575,2020,6.0,10.9,0.0508162398419746,0.0465614571143761,0.028228340484549,0.104327,0.5096193862644615,0,0,0,0.3531510107015457,0.4447086801426873,0.1843043995243757,True,False,False,False,False,False,False,False,False,False,0,0,0,0,0,1,3.48704181203282
48087,0.9404024767801856,0.941800020385282,2.3437500000000004,beta,TX,2020-09-20,1,2.18942723790692,0.0,2020,5.5,18.9,0.1094527363184079,0.0655270655270655,0.0835707502374169,0.042446,0.6097285067873304,0,0,0,0.0043572984749455,0.0054466230936819,0.0010893246187363,True,False,False,False,False,False,False,False,False,False,0,0,0,0,0,1,2.18942723790692
48089,0.9842770944534692,0.9735055439498634,1.1980470706059088,beta,TX,2020-09-20,1,17.9512063689975,457.3046875,2020,6.5,21.8,0.0702329712372754,0.0281468781254464,0.0577225317902557,0.055945,0.5721165539718831,0,0,0,0.0177083333333333,0.034375,0.0135416666666666,True,False,False,False,False,False,False,False,False,False,0,0,0,0,0,1,17.9512063689975
48091,0.9568463711162964,0.949603301071842,0.9806604188450976,beta,TX,2020-09-20,1,7.62680361394151,145.5625,2020,5.6,18.1,0.1139093996586857,0.0183812629706492,0.0254965905721909,0.085912,0.6516987510913245,0,0,0,0.1520572450805009,0.148479427549195,0.0894454382826475,True,False,False,False,False,False,False,False,False,False,0,0,0,0,0,1,7.62680361394151
48093,0.9496332289865906,0.9412045237770814,0.9954829742876998,beta,TX,2020-09-20,1,4.1336375753405,7.19444465637207,2020,5.6,23.5,0.1105855145590244,0.0278318411833398,0.0447644998053717,0.055743,0.6765484772693835,0,0,0,0.016008537886873,0.0138740661686232,0.0085378868729989,True,False,False,False,False,False,False,False,False,False,0,0,0,0,0,1,4.1336375753405
48095,0.959780621572212,0.9025400828679516,0.0,beta,TX,2020-09-20,1,3.840454913616,2.1940789222717285,2020,3.5,25.1,0.1417808219178082,0.0473225404732254,0.0361145703611457,0.046719000000000004,0.6348773841961853,0,0,0,0.0030518819938962,0.0071210579857578,0.0,True,False,False,False,False,False,False,False,False,False,0,0,0,0,0,1,3.840454913616
48097,0.9722903384011772,1.0302362519459756,1.0341953732700273,beta,TX,2020-09-20,1,3.12883941107167,8.287500381469727,2020,6.6,18.3,0.0912166558230318,0.0319135725816465,0.0380603501800571,0.063338,0.7056734184506096,0,0,0,0.0251716247139588,0.0560640732265446,0.0160183066361556,True,False,False,False,False,False,False,False,False,False,0,0,0,0,0,1,3.12883941107167
48099,0.965060662622492,1.0030518618338915,1.1315880124009643,beta,TX,2020-09-20,1,5.27165112107489,59.10416793823242,2020,6.6,10.3,0.1542461706561987,0.018285046338816,0.0469650162812056,0.058414,0.5561599653400406,0,0,0,0.0256653992395437,0.0285171102661596,0.0123574144486692,True,False,False,False,False,False,False,False,False,False,0,0,0,0,0,1,5.27165112107489
48101,0.9186602870813398,1.0403863037752414,0.0,beta,TX,2020-09-20,1,2.44948684583392,0.0,2020,8.2,17.9,0.1803989592367736,0.0076452599388379,0.0764525993883792,0.043654000000000005,0.6536231884057971,0,0,0,0.0022222222222222,0.0033333333333333,0.0,True,False,False,False,False,False,False,False,False,False,0,0,0,0,0,1,2.44948684583392
48103,0.9821622797476616,0.9906676238334532,1.4036697247706424,beta,TX,2020-09-20,1,2.56745298472884,0.0,2020,7.8,14.3,0.0440725244072524,0.1183395291201982,0.0923172242874845,0.067804,0.2870588235294117,0,0,1,0.0050955414012738,0.0050955414012738,0.0012738853503184,True,False,False,False,False,False,False,False,False,False,0,0,0,0,0,1,2.56745298472884
48105,0.8689024390243903,0.8393006779919251,0.7790055248618784,beta,TX,2020-09-20,1,3.17129429114443,0.0404411777853965,2020,3.0,21.5,0.0525124490719782,0.0,0.0177332305319969,0.052731,0.3486120077469335,0,0,0,0.0010687566797292,0.0042750267189169,0.0007125044531528,True,False,False,False,False,False,False,False,False,False,0,0,0,0,0,1,3.17129429114443
48107,0.9574468085106383,0.9560611323376174,0.983009708737864,beta,TX,2020-09-20,1,2.38754827662375,0.01953125,2020,6.3,18.3,0.1648463296926594,0.0604963805584281,0.0811789038262668,0.044304,0.4044418468731736,0,0,0,0.0055555555555555,0.0077777777777777,0.0011111111111111,True,False,False,False,False,False,False,False,False,False,0,0,0,0,0,1,2.38754827662375
48109,0.9922178988326849,0.989184573786822,1.0714285714285716,beta,TX,2020-09-20,1,2.02942109495622,0.0,2020,7.8,21.7,0.1399097356544165,0.2476340694006309,0.0930599369085173,0.034239,0.2033820840950639,0,0,0,0.0010493179433368,0.0020986358866736,0.0002623294858342,True,False,False,False,False,False,False,False,False,False,0,0,0,0,0,1,2.02942109495622
48111,1.1109123434704833,0.8865347777264019,0.9228362877997917,beta,TX,2020-09-20,1,1.67964905082819,0.0,2020,9.9,10.5,0.0527994330262225,0.1415293620616814,0.035487959442332,0.061069000000000005,0.4383696416022488,0,0,0,0.0033266799733865,0.008649367930805,0.0019960079840319,True,False,False,False,False,False,False,False,False,False,0,0,0,0,0,1,1.67964905082819
48113,1.000034179387095,1.0051366572169325,1.028478451989905,beta,TX,2020-09-20,1,3.83945048611001,35.609375,2020,7.2,10.8,0.0761227130007568,0.0927705729183165,0.0664339430186073,0.065011,0.2773966640635552,0,0,0,1.413516609392898,1.3264604810996563,0.6460481099656358,True,False,False,False,False,False,False,False,False,False,0,0,0,0,0,1,3.83945048611001
48115,0.9731187188495792,1.100650569248092,1.0543766578249338,beta,TX,2020-09-20,1,2.45854932033437,0.0,2020,7.0,14.3,0.1451793026430078,0.0662078785002373,0.0844803037494067,0.042778,0.3684971098265896,0,1,0,0.0055555555555555,0.01,0.0033333333333333,True,False,False,False,False,False,False,False,False,False,0,0,0,0,0,1,2.45854932033437
48117,1.0329771114123936,1.0102678250879586,1.151819322459222,beta,TX,2020-09-20,1,1.88595937569124,0.0,2020,8.6,12.6,0.0540151981926473,0.1098284960422163,0.0341358839050131,0.049610999999999995,0.2277888392616908,0,0,0,0.0086898395721925,0.0100267379679144,0.0033422459893048,True,False,False,False,False,False,False,False,False,False,0,0,0,0,0,1,1.88595937569124
48119,0.949738903394256,1.0122930255895637,1.1515151515151516,beta,TX,2020-09-20,1,1.48019200710156,125.0749969482422,2020,7.8,19.3,0.1341686243800574,0.0038891589693728,0.0379192999513855,0.058705,0.8009560229445507,0,0,0,0.01171875,0.0234375,0.00390625,True,False,False,False,False,False,False,False,False,False,0,0,0,0,0,1,1.48019200710156
48121,0.9838482808045912,0.9894296972454424,0.967853635442384,beta,TX,2020-09-20,1,3.43544268582613,18.53125,2020,6.0,10.4,0.0663762187149034,0.0331874305873129,0.0284805893351003,0.096265,0.5357835533559424,0,0,0,0.3041002277904328,0.3211845102505695,0.1321184510250569,True,False,False,False,False,False,False,False,False,False,0,0,0,0,0,1,3.43544268582613
48123,0.9925722425722427,0.999970876048462,1.0973947288700396,beta,TX,2020-09-20,1,15.7120671686661,310.53515625,2020,6.2,19.4,0.1116751269035533,0.0251134644478063,0.0670196671709531,0.057873,0.5475181598062954,0,0,0,0.0187224669603524,0.0187224669603524,0.0110132158590308,True,False,False,False,False,False,False,False,False,False,0,0,0,0,0,1,15.7120671686661
48125,0.9490827405466116,1.2171331636980494,0.0,beta,TX,2020-09-20,1,2.49733549944292,0.0,2020,7.1,24.9,0.1348314606741573,0.011023622047244,0.0755905511811023,0.042241,0.6655367231638418,0,0,0,0.0033296337402885,0.002219755826859,0.0,True,False,False,False,False,False,False,False,False,False,0,0,0,0,0,1,2.49733549944292
48127,1.0076392925350823,1.0066393282561998,1.2454873646209386,beta,TX,2020-09-20,1,8.01106835642439,42.79948043823242,2020,6.6,17.0,0.1528795811518324,0.1123363197794624,0.1667815299793246,0.025,0.1042367962855484,0,0,0,0.0135542168674698,0.009789156626506,0.0037650602409638,True,False,False,False,False,False,False,False,False,False,0,0,0,0,0,1,8.01106835642439
48129,0.8123425692695214,0.995791084752248,0.9173360974345688,beta,TX,2020-09-20,1,2.11960310992684,0.0,2020,4.6,22.7,0.0631355932203389,0.0,0.0284995808885163,0.052888,0.7786985880908532,0,0,0,0.0053995680345572,0.0064794816414686,0.0032397408207343,True,False,False,False,False,False,False,False,False,False,0,0,0,0,0,1,2.11960310992684
48131,0.9879835496722784,1.0320960431214017,1.0610932475884245,beta,TX,2020-09-20,1,15.2340360526433,46.564453125,2020,6.9,16.8,0.1640581330352152,0.0643912737508796,0.1133004926108374,0.043836,0.0953107517037941,0,0,0,0.007250418293363,0.0044617958728388,0.0005577244841048,True,False,False,False,False,False,False,False,False,False,0,0,0,0,0,1,15.2340360526433
48133,0.9428492226662664,0.9663207140099472,1.013215859030837,beta,TX,2020-09-20,1,3.6937027167213,7.393382072448731,2020,5.9,21.7,0.16109375,0.01627594445274,0.0616694042108406,0.043953000000000006,0.7702679830747532,0,0,0,0.0248380129589632,0.0323974082073434,0.0086393088552915,True,False,False,False,False,False,False,False,False,False,0,0,0,0,0,1,3.6937027167213
48135,1.0061258904911037,1.0207719252647809,1.0215605749486654,beta,TX,2020-09-20,1,2.47867728288893,0.0,2020,8.9,9.4,0.0681760852449492,0.0908520984767617,0.0499161287043155,0.06497499999999999,0.3089101597738102,0,0,0,0.0468227424749163,0.1103678929765886,0.0590858416945373,True,False,False,False,False,False,False,False,False,False,0,0,0,0,0,1,2.47867728288893
48137,0.7186544342507644,0.9075839204309988,0.0,beta,TX,2020-09-20,1,4.15313022076146,2.9739582538604736,2020,2.0,28.2,0.0926517571884984,0.0931899641577061,0.0,0.04,0.4578059071729958,0,0,0,0.0004723665564478,0.0018894662257912,0.0,True,False,False,False,False,False,False,False,False,False,0,0,0,0,0,1,4.15313022076146
48139,0.9851536450316308,0.9916877152698044,1.0184156215272266,beta,TX,2020-09-20,1,4.28030971295679,43.139705657958984,2020,6.5,12.7,0.085471217186931,0.0261210690820947,0.027731708872871,0.085272,0.5533501337975111,0,0,0,0.0705882352941176,0.1229946524064171,0.0385026737967914,True,False,False,False,False,False,False,False,False,False,0,0,0,0,0,1,4.28030971295679
48141,0.9837193162195432,0.9799235244868456,0.9706667150714274,beta,TX,2020-09-20,1,1.69709807443799,0.0,2020,7.2,12.2,0.0983517089798608,0.2168599446191001,0.0663182805549194,0.050919,0.1134617983797277,0,0,0,0.3000987166831194,0.2665350444225074,0.1322803553800592,True,False,False,False,False,False,False,False,False,False,0,0,0,0,0,1,1.69709807443799
48143,1.0104858974660058,1.0286646143247722,0.9926647748567756,beta,TX,2020-09-20,1,4.01444959081454,12.529605865478516,2020,6.0,13.9,0.1087813992111272,0.022712046094064,0.0477019965161463,0.056691000000000005,0.7052767657774122,0,0,0,0.0295475530932594,0.0267774699907663,0.012927054478301,True,False,False,False,False,False,False,False,False,False,0,0,0,0,0,1,4.01444959081454
48145,0.9594594594594594,0.9582606885425072,1.0555004955401386,beta,TX,2020-09-20,1,6.0691290378339,221.11056518554688,2020,5.8,18.4,0.1566660749156755,0.0169773020852555,0.1197637940579442,0.035317,0.5131423856671381,0,0,0,0.0183006535947712,0.0143790849673202,0.0065359477124183,True,False,False,False,False,False,False,False,False,False,0,0,0,0,0,1,6.0691290378339
48147,0.9844972765485824,0.999221367889768,0.9910277324632952,beta,TX,2020-09-20,1,1.11738031648005,39.764705657958984,2020,5.0,18.4,0.1172463826528555,0.0096230954290296,0.041299117882919,0.059686,0.7582861308956312,0,0,0,0.0258426966292134,0.0325842696629213,0.0089887640449438,True,False,False,False,False,False,False,False,False,False,0,0,0,0,0,1,1.11738031648005
48149,0.9797055254192684,0.966209081309398,1.0258124228712464,beta,TX,2020-09-20,1,12.6198424433818,285.83453369140625,2020,4.9,25.3,0.1089611232375671,0.0048165137614678,0.0455275229357798,0.06662399999999999,0.6974012686719869,0,0,0,0.0295047418335089,0.0368809272918862,0.0115911485774499,True,False,False,False,False,False,False,False,False,False,0,0,0,0,0,1,12.6198424433818
48151,1.1554524361948957,0.950017117425539,1.0824742268041236,beta,TX,2020-09-20,1,2.90237337228777,0.82421875,2020,7.0,22.8,0.0978051597997689,0.0306588388780169,0.0469667318982387,0.055862,0.6797385620915033,0,0,0,0.0044543429844097,0.0044543429844097,0.0011135857461024,True,False,False,False,False,False,False,False,False,False,0,0,0,0,0,1,2.90237337228777
48153,1.136518771331058,1.023917259211377,0.9908643710470836,beta,TX,2020-09-20,1,2.26728903708269,0.02734375,2020,6.3,18.5,0.0744964814365445,0.054910242872228,0.0839493136219641,0.054007,0.3848574601999259,1,0,0,0.0060483870967741,0.0060483870967741,0.003024193548387,True,False,False,False,False,False,False,False,False,False,0,0,0,0,0,1,2.26728903708269
48155,1.5242494226327945,1.1233480176211452,0.0,beta,TX,2020-09-20,1,2.57532754282765,0.4416666626930237,2020,6.2,34.9,0.165625,0.0573248407643312,0.1061571125265392,0.037679000000000004,0.771689497716895,1,0,0,0.0014204545454545,0.002840909090909,0.0,True,False,False,False,False,False,False,False,False,False,0,0,0,0,0,1,2.57532754282765
48157,0.994260941722769,1.011005264604951,1.0107556356136849,beta,TX,2020-09-20,1,4.83012943030371,342.63604736328125,2020,6.6,11.3,0.0487377183198752,0.0557956975137588,0.0286678039103687,0.10259,0.2962229225587916,0,0,0,0.2717770034843205,0.3414634146341463,0.1033681765389082,True,False,False,False,False,False,False,False,False,False,0,0,0,0,0,1,4.83012943030371
48159,1.00327868852459,0.945077554074094,1.152482269503546,beta,TX,2020-09-20,1,1.53467061702103,128.6875,2020,5.6,21.7,0.0810918774966711,0.0138183869148336,0.0208685843203609,0.061391,0.7603050487498794,0,0,0,0.0211267605633802,0.0316901408450704,0.0035211267605633,True,False,False,False,False,False,False,False,False,False,0,0,0,0,0,1,1.53467061702103
48161,1.0094847338413169,0.9353304716356146,0.984732824427481,beta,TX,2020-09-20,1,1.6270661883403,147.8671875,2020,5.7,19.5,0.1294845975982695,0.0123343992690726,0.0318257956448911,0.055909999999999994,0.6594803190120916,0,0,0,0.0136830102622576,0.0273660205245153,0.0079817559863169,True,False,False,False,False,False,False,False,False,False,0,0,0,0,0,1,1.6270661883403
48163,1.0358708799516176,1.0820773749480803,1.3391739674593242,beta,TX,2020-09-20,1,6.19977789378351,39.859375,2020,6.5,12.2,0.1008246874168661,0.1039260969976905,0.0858702498425362,0.058456,0.1660592874626054,0,1,1,0.0123565754633715,0.0176522506619594,0.0035304501323918,True,False,False,False,False,False,False,False,False,False,0,0,0,0,0,1,6.19977789378351
48165,1.047906739278421,1.096403913761701,1.0988074957410563,beta,TX,2020-09-20,1,2.2886951664282,0.0,2020,10.7,8.6,0.1016014548014313,0.1288560885608856,0.0459040590405904,0.067728,0.5812575238448004,0,1,1,0.007323568575233,0.0159786950732356,0.0046604527296937,True,False,False,False,False,False,False,False,False,False,0,0,0,0,0,1,2.2886951664282
48167,0.9929291679801442,1.0119580347041128,0.9596726734846436,beta,TX,2020-09-20,1,4.96753972992168,215.625,2020,6.1,14.4,0.0918970588235294,0.0277758820719306,0.0515404505713657,0.07932800000000001,0.5456738583674098,0,0,0,0.4591029023746701,0.5356200527704486,0.1873350923482849,True,False,False,False,False,False,False,False,False,False,0,0,0,0,0,1,4.96753972992168
48169,0.833418864826029,0.8981009726725335,0.6993339676498573,beta,TX,2020-09-20,1,2.50824588791046,0.0,2020,2.4,15.9,0.095667870036101,0.0498533724340175,0.0463343108504398,0.064871,0.3717331499312242,0,0,0,0.005599104143337,0.0067189249720044,0.0022396416573348,True,False,False,False,False,False,False,False,False,False,0,0,0,0,0,1,2.50824588791046
48171,1.0010507541926474,0.9918389861672938,0.9326665291812748,beta,TX,2020-09-20,1,5.53731266853374,62.380950927734375,2020,4.9,28.8,0.0867022484669543,0.0214190093708166,0.0431057563587684,0.06443800000000001,0.744022450888681,0,0,0,0.0198487712665406,0.0255198487712665,0.0094517958412098,True,False,False,False,False,False,False,False,False,False,0,0,0,0,0,1,5.53731266853374
48173,2.8235294117647056,1.225165562913907,0.0,beta,TX,2020-09-20,1,2.81604371701236,0.0234375,2020,7.9,11.7,0.0672782874617737,0.0940919037199124,0.0131291028446389,0.085417,0.6362007168458781,1,0,0,0.0011111111111111,0.0022222222222222,0.0,True,False,False,False,False,False,False,False,False,False,0,0,0,0,0,1,2.81604371701236
48175,1.0495892911469429,1.0656429294633818,3.620689655172414,beta,TX,2020-09-20,1,19.0585604806326,298.51470947265625,2020,3.4,23.0,0.0944562487927371,0.0445526020217147,0.0846125046798951,0.052335,0.605533371363377,0,0,1,0.0093896713615023,0.0070422535211267,0.0011737089201877,True,False,False,False,False,False,False,False,False,False,0,0,0,0,0,1,19.0585604806326
48177,0.9751708782104388,1.0115713443396228,1.172543135783946,beta,TX,2020-09-20,1,12.3463643193483,233.39930725097656,2020,7.0,16.7,0.1248995446021966,0.0949839914621131,0.0743062966915688,0.055698,0.4151529028647026,0,0,1,0.0150093808630394,0.0187617260787992,0.0075046904315197,True,False,False,False,False,False,False,False,False,False,0,0,0,0,0,1,12.3463643193483
48179,0.969002552105487,1.0099043522553623,1.025601857509471,beta,TX,2020-09-20,1,2.01786643423898,0.0,2020,6.7,15.6,0.0950942404938595,0.0418728587742672,0.0366704732901916,0.050635,0.6136053139869034,0,0,0,0.014054054054054,0.0205405405405405,0.0075675675675675,True,False,False,False,False,False,False,False,False,False,0,0,0,0,0,1,2.01786643423898
48181,1.0037563855828937,1.0057576550641192,1.034367204080873,beta,TX,2020-09-20,1,3.16999850059827,11.149999618530272,2020,6.2,17.6,0.1040247678018575,0.0173653985613766,0.0405519295976166,0.062078,0.702441291693411,0,0,0,0.0729613733905579,0.1105150214592274,0.0364806866952789,True,False,False,False,False,False,False,False,False,False,0,0,0,0,0,1,3.16999850059827
48183,1.0215571368773546,1.0055115654873843,1.03859231744678,beta,TX,2020-09-20,1,1.74857368479664,81.11250305175781,2020,7.0,15.3,0.1015085117141412,0.0216916020062588,0.0564581815064088,0.056566000000000005,0.5477346082953019,0,0,0,0.304029304029304,0.4102564102564102,0.1941391941391941,True,False,False,False,False,False,False,False,False,False,0,0,0,0,0,1,1.74857368479664
48185,1.0012672886577667,1.0052885196171863,0.971118433805001,beta,TX,2020-09-20,1,2.63553725660798,68.05288696289062,2020,5.6,17.7,0.0984800170068027,0.0259795120920899,0.0374907593198859,0.059086,0.577764110974443,0,0,0,0.0317662007623888,0.0381194409148665,0.0076238881829733,True,False,False,False,False,False,False,False,False,False,0,0,0,0,0,1,2.63553725660798
48187,0.9846068708404326,0.9821515261637984,0.9832239241429612,beta,TX,2020-09-20,1,9.29143712241079,168.6923065185547,2020,6.0,13.9,0.0999027237354085,0.0254282243022639,0.0257191259261794,0.080047,0.4867404722476347,0,0,0,0.1153305203938115,0.1082981715893108,0.0379746835443038,True,False,False,False,False,False,False,False,False,False,0,0,0,0,0,1,9.29143712241079
48189,0.981941309255079,1.0410180046026805,0.9909293171316108,beta,TX,2020-09-20,1,2.17560582892777,0.0036764706019312,2020,6.5,13.2,0.0804634566812332,0.0608852755194218,0.0399277326106594,0.048649,0.3287928171699157,0,1,0,0.0209163346613545,0.0189243027888446,0.0119521912350597,True,False,False,False,False,False,False,False,False,False,0,0,0,0,0,1,2.17560582892777
48191,0.9478591160220994,0.9485623685093147,1.0831062670299727,beta,TX,2020-09-20,1,2.24967208082742,0.0,2020,4.4,22.6,0.1169393647738209,0.0344522968197879,0.0344522968197879,0.041467,0.5624778761061947,0,0,0,0.0045300113250283,0.0056625141562853,0.0022650056625141,True,False,False,False,False,False,False,False,False,False,0,0,0,0,0,1,2.24967208082742
48193,0.9749558621591576,0.9043418686306416,1.0103054839896948,beta,TX,2020-09-20,1,4.63412462024134,20.77916717529297,2020,5.3,24.6,0.1586967945349448,0.002061855670103,0.0402061855670103,0.04403,0.8276575042568718,0,0,0,0.0095808383233532,0.0083832335329341,0.0047904191616766,True,False,False,False,False,False,False,False,False,False,0,0,0,0,0,1,4.63412462024134
48195,1.0154705129696406,1.1265822784810124,1.1452513966480449,beta,TX,2020-09-20,1,1.78968161715897,0.0,2020,7.7,16.1,0.070935960591133,0.1207482993197278,0.0521541950113378,0.0475,0.482876064333018,0,0,0,0.0043525571273122,0.0076169749727965,0.0054406964091403,True,False,False,False,False,False,False,False,False,False,0,0,0,0,0,1,1.78968161715897
48197,0.9630188080311086,0.9442519088103104,0.0,beta,TX,2020-09-20,1,2.4684955595762,0.0397727265954017,2020,7.3,20.1,0.1804103755323267,0.0703764320785597,0.041734860883797,0.0564,0.6877993801070724,0,0,0,0.0057553956834532,0.0115107913669064,0.0,True,False,False,False,False,False,False,False,False,False,0,0,0,0,0,1,2.4684955595762
48199,0.9711858311606582,0.9906055770460656,1.0523820810618632,beta,TX,2020-09-20,1,3.01395176536051,21.552885055541992,2020,6.2,16.9,0.1304499153073299,0.0075845974329054,0.051098794243485,0.06534699999999999,0.8346641532250894,0,0,0,0.0314606741573033,0.048314606741573,0.0089887640449438,True,False,False,False,False,False,False,False,False,False,0,0,0,0,0,1,3.01395176536051
48201,1.005482938427142,1.0106671656287876,0.9924853694561248,beta,TX,2020-09-20,1,4.09370258498151,156.2916717529297,2020,7.3,10.6,0.0739481630317017,0.1144924067065299,0.0643357292691059,0.065788,0.2768025499112794,0,0,0,1.3417350527549825,1.38042203985932,0.5433763188745604,True,False,False,False,False,False,False,False,False,False,0,0,0,0,0,1,4.09370258498151
48203,0.9879228652222024,0.9479226318595604,1.0218923600740697,beta,TX,2020-09-20,1,1.69602749762408,91.44407653808594,2020,6.1,17.2,0.1353275809407452,0.0101746580985335,0.0610479485912011,0.057996,0.6106858031057976,0,0,0,0.0388888888888888,0.0566666666666666,0.0288888888888888,True,False,False,False,False,False,False,False,False,False,0,0,0,0,0,1,1.69602749762408
48205,0.9818333102204966,1.0709169054441263,1.0135135135135136,beta,TX,2020-09-20,1,1.7451217554713,0.0,2020,5.9,14.4,0.0896666666666666,0.0134976525821596,0.0146713615023474,0.061196,0.6322928279450019,0,0,0,0.0027378507871321,0.0041067761806981,0.002053388090349,True,False,False,False,False,False,False,False,False,False,0,0,0,0,0,1,1.7451217554713
48207,0.9538608654076024,0.9695213684738396,0.9207779886148006,beta,TX,2020-09-20,1,2.91014815659863,3.92578125,2020,2.7,22.4,0.1769048246770366,0.0522167487684729,0.047783251231527,0.048432,0.6698670605612999,0,0,0,0.0066445182724252,0.0121816168327796,0.0055370985603543,True,False,False,False,False,False,False,False,False,False,0,0,0,0,0,1,2.91014815659863
48209,0.999982886089814,0.9833541733287632,0.9879903173605448,beta,TX,2020-09-20,1,7.76064383567006,234.9772796630859,2020,6.0,11.1,0.0815275880624198,0.0346309641561867,0.0306038340162969,0.07106100000000001,0.5042913380927294,0,0,0,0.1538461538461538,0.1819526627218935,0.0621301775147929,True,False,False,False,False,False,False,False,False,False,0,0,0,0,0,1,7.76064383567006
48211,1.0120240480961924,0.9729187562688064,0.9382239382239383,beta,TX,2020-09-20,1,1.97440872893438,0.0,2020,5.8,16.9,0.1588257433195333,0.0468637346791636,0.0519105984138428,0.054867,0.6179775280898876,0,0,0,0.0033112582781456,0.0066225165562913,0.0033112582781456,True,False,False,False,False,False,False,False,False,False,0,0,0,0,0,1,1.97440872893438
48213,0.9863374422776016,0.9791326419157194,1.0037444720617197,beta,TX,2020-09-20,1,1.72695227955481,80.39337921142578,2020,5.5,22.1,0.1438191520193668,0.0166629353631624,0.0512041449451498,0.051963,0.7529397443700547,0,0,0,0.0618556701030927,0.0767468499427262,0.0240549828178694,True,False,False,False,False,False,False,False,False,False,0,0,0,0,0,1,1.72695227955481
48215,0.9922487841716676,0.9650592826258394,0.9625233770519857,beta,TX,2020-09-20,1,14.2346655472018,58.49536895751953,2020,8.6,11.0,0.0932271066465112,0.1962916210165293,0.0602184855269216,0.044666,0.0612530590355095,0,0,0,0.4146496815286624,0.1477707006369426,0.0828025477707006,True,False,False,False,False,False,False,False,False,False,0,0,0,0,0,1,14.2346655472018
48217,0.9941705740717272,0.978665498795633,1.173513986013986,beta,TX,2020-09-20,1,4.6743878069517,49.61111068725586,2020,5.9,20.2,0.1317030165970332,0.019627386337499,0.0582688031894502,0.0578,0.6724368623515639,0,0,0,0.0323590814196242,0.0480167014613778,0.0083507306889352,True,False,False,False,False,False,False,False,False,False,0,0,0,0,0,1,4.6743878069517
48219,0.9524430533820204,0.9456410256410256,1.0638808837656095,beta,TX,2020-09-20,1,2.17964316713967,0.0078125,2020,6.8,14.4,0.0925817070303315,0.0501575299306868,0.0661625708884688,0.049241,0.4528021544319078,0,0,0,0.0088105726872246,0.0154185022026431,0.0099118942731277,True,False,False,False,False,False,False,False,False,False,0,0,0,0,0,1,2.17964316713967
48221,0.9693916761568072,0.9631774169749208,0.9566608028146488,beta,TX,2020-09-20,1,3.96348286765243,17.828125,2020,5.3,24.8,0.0773154106487439,0.0111593304401735,0.023269270510436,0.075851,0.8087113217961622,0,0,0,0.0785714285714285,0.0880952380952381,0.0428571428571428,True,False,False,False,False,False,False,False,False,False,0,0,0,0,0,1,3.96348286765243
48223,1.025537520183564,0.9657004830917876,1.02163492348312,beta,TX,2020-09-20,1,1.54659300687524,130.9759521484375,2020,6.2,18.1,0.0961447621816067,0.0141131965662738,0.0310635821329841,0.057745,0.70611900943268,1,0,0,0.0365058670143415,0.0417209908735332,0.0156453715775749,True,False,False,False,False,False,False,False,False,False,0,0,0,0,0,1,1.54659300687524
48225,0.9465536830145804,0.9631557869443332,1.1124213836477987,beta,TX,2020-09-20,1,2.3673227514405,100.90625,2020,4.9,21.6,0.1757661410294555,0.0199918400652794,0.0864953080375357,0.043643999999999995,0.5871929665548808,0,0,0,0.0113728675873273,0.0162469536961819,0.0048740861088545,True,False,False,False,False,False,False,False,False,False,0,0,0,0,0,1,2.3673227514405
48227,0.9667781577661696,0.9568624159793696,0.933520122261844,beta,TX,2020-09-20,1,2.72125780798832,0.01171875,2020,6.1,12.7,0.1314765263926052,0.0203117227657104,0.0504062344553142,0.06026,0.4495697074010327,0,0,0,0.0155555555555555,0.0411111111111111,0.0111111111111111,True,False,False,False,False,False,False,False,False,False,0,0,0,0,0,1,2.72125780798832
48229,1.2430939226519335,0.9549461312438784,0.0,beta,TX,2020-09-20,1,1.85657253594151,0.0,2020,6.0,14.1,0.2868080094228504,0.3624856156501726,0.1231300345224395,0.032404,0.3416614615865084,1,0,0,0.0006564551422319,0.0008752735229759,0.0,True,False,False,False,False,False,False,False,False,False,0,0,0,0,0,1,1.85657253594151
48231,0.990732198272247,0.9888455420043936,0.9799935592947429,beta,TX,2020-09-20,1,1.22296481195803,67.70588684082031,2020,6.3,15.8,0.1079057735272214,0.0229052466718872,0.0516276988477458,0.061052999999999996,0.6562687582536316,0,0,0,0.0571428571428571,0.0773809523809523,0.0309523809523809,True,False,False,False,False,False,False,False,False,False,0,0,0,0,0,1,1.22296481195803
48233,0.9412506924355266,0.9393486016802854,1.0566647919010124,beta,TX,2020-09-20,1,1.87012762963307,0.0036764706019312,2020,6.2,16.8,0.1281263712154453,0.0177299811073971,0.0388024996366807,0.057288,0.6685259737110152,0,0,0,0.0157835400225479,0.0169109357384441,0.0101465614430665,True,False,False,False,False,False,False,False,False,False,0,0,0,0,0,1,1.87012762963307
48235,1.3953488372093026,0.9639830508474576,0.9090909090909092,beta,TX,2020-09-20,1,3.2189702081096,0.0714285746216774,2020,3.3,17.4,0.1021241830065359,0.0059084194977843,0.0576070901033973,0.03977,0.7349636483807006,1,0,0,0.0009514747859181,0.005708848715509,0.0009514747859181,True,False,False,False,False,False,False,False,False,False,0,0,0,0,0,1,3.2189702081096
48237,0.9548825710754018,0.994350873522335,1.1567926455566906,beta,TX,2020-09-20,1,3.25193384368005,8.539473533630371,2020,5.1,17.3,0.1016645784857705,0.0312285518188057,0.1190803019903912,0.056915999999999994,0.7504721435316336,0,0,0,0.0054945054945054,0.0109890109890109,0.0032967032967032,True,False,False,False,False,False,False,False,False,False,0,0,0,0,0,1,3.25193384368005
48239,1.043106651802304,1.0061267252767276,1.0925417809927664,beta,TX,2020-09-20,1,17.5585388664393,650.1919555664062,2020,6.8,18.0,0.1258847773496998,0.0300678952473326,0.0548981571290009,0.060807,0.5677875633840406,1,0,1,0.0180940892641737,0.0265379975874547,0.0048250904704463,True,False,False,False,False,False,False,False,False,False,0,0,0,0,0,1,17.5585388664393
48241,0.9230085036993114,0.9321188643792954,0.9396144516787948,beta,TX,2020-09-20,1,2.53665009769035,9.849265098571776,2020,5.8,20.1,0.1062380596395049,0.0066530995616781,0.0569818409517845,0.044356,0.7214978775015161,0,0,0,0.0287846481876332,0.0373134328358208,0.0170575692963752,True,False,False,False,False,False,False,False,False,False,0,0,0,0,0,1,2.53665009769035
48243,1.0659898477157357,0.9878355704697984,1.4583333333333333,beta,TX,2020-09-20,1,2.17584668420171,0.0,2020,4.3,36.9,0.0605794556628621,0.1287128712871287,0.0336633663366336,0.038659,0.6422845691382766,0,0,0,0.0013250883392226,0.0008833922261484,0.0008833922261484,True,False,False,False,False,False,False,False,False,False,0,0,0,0,0,1,2.17584668420171
48245,0.9565388343071232,0.955151288082204,0.9600539997923084,beta,TX,2020-09-20,1,3.37761771569928,57.64453125,2020,6.8,14.3,0.1107134598810199,0.0477946329419628,0.0731312869942103,0.053613,0.3744142893897694,0,0,0,0.1940639269406392,0.2340182648401826,0.0970319634703196,True,False,False,False,False,False,False,False,False,False,0,0,0,0,0,1,3.37761771569928
48247,1.0079575596816976,1.041035990581904,1.6406249999999998,beta,TX,2020-09-20,1,13.6125292077163,51.72321319580078,2020,14.8,12.9,0.1345767575322812,0.0983836964160224,0.0695713281799016,0.037342,0.0855725506407606,0,0,0,0.0070422535211267,0.0035211267605633,0.0026408450704225,True,False,False,False,False,False,False,False,False,False,0,0,0,0,0,1,13.6125292077163
48249,0.974265152804454,0.9912283884544912,1.0167723994090554,beta,TX,2020-09-20,1,17.9009604189826,37.55803680419922,2020,7.0,15.5,0.1228679095596985,0.0798597584729255,0.0719906505648617,0.047629,0.1790388521765961,0,0,0,0.0473988439306358,0.0335260115606936,0.0161849710982658,True,False,False,False,False,False,False,False,False,False,0,0,0,0,0,1,17.9009604189826
48251,0.9851431043072254,1.0267129878690984,1.008277589419347,beta,TX,2020-09-20,1,4.14127406522346,24.798076629638672,2020,6.4,13.9,0.0722466517215612,0.0323401461052286,0.0234260855290158,0.070767,0.6626354021353105,0,1,0,0.0939226519337016,0.1270718232044199,0.0662983425414364,True,False,False,False,False,False,False,False,False,False,0,0,0,0,0,1,4.14127406522346
48253,0.8234895429899304,0.8715682587438887,0.9238249594813616,beta,TX,2020-09-20,1,3.06967012854152,0.1796875,2020,4.3,15.4,0.1151154288101953,0.0395372928176795,0.0374654696132596,0.055575,0.5840919493464883,0,0,0,0.0086206896551724,0.011853448275862,0.0032327586206896,True,False,False,False,False,False,False,False,False,False,0,0,0,0,0,1,3.06967012854152
48255,1.0429432694208345,1.0271655184249884,1.1538461538461535,beta,TX,2020-09-20,1,11.1038781408357,140.515625,2020,5.5,14.1,0.0739741427768409,0.0753780185059806,0.0674791243511622,0.049526,0.366281441196465,1,0,0,0.0187416331994645,0.0187416331994645,0.0053547523427041,True,False,False,False,False,False,False,False,False,False,0,0,0,0,0,1,11.1038781408357
48257,0.9936006399360064,0.972719768881552,0.9870215534915232,beta,TX,2020-09-20,1,1.22866424915671,62.87132263183594,2020,7.1,11.5,0.092813975031982,0.0215202753902444,0.0277771763839875,0.075187,0.5410914596380153,0,0,0,0.0807692307692307,0.0961538461538461,0.032051282051282,True,False,False,False,False,False,False,False,False,False,0,0,0,0,0,1,1.22866424915671
48259,0.9817562528523246,1.0277986615231027,1.0171913272248934,beta,TX,2020-09-20,1,6.37484150455803,158.19886779785156,2020,4.6,18.8,0.0642748137287172,0.0165426480536252,0.0204784453600639,0.100706,0.7174281261997787,0,0,0,0.0332326283987915,0.0347432024169184,0.0196374622356495,True,False,False,False,False,False,False,False,False,False,0,0,0,0,0,1,6.37484150455803
48261,0.0,0.0,0.0,beta,TX,2020-09-20,1,18.7397088794316,61.31534194946289,2020,26.0,29.0,0.0,0.5625,0.0,0.042778,0.2085714285714285,0,0,0,0.0,0.0,0.0,True,False,False,False,False,False,False,False,False,False,0,0,0,0,0,1,18.7397088794316
48263,1.2989690721649485,1.47887323943662,0.0,beta,TX,2020-09-20,1,2.63730031552742,0.09375,2020,2.8,33.9,0.0594315245478036,0.037037037037037,0.0329218106995884,0.063994,0.8725099601593626,1,0,0,0.0011086474501108,0.0011086474501108,0.0,True,False,False,False,False,False,False,False,False,False,0,0,0,0,0,1,2.63730031552742
48265,0.9762432469871174,0.9891079184764452,0.9561502856017332,beta,TX,2020-09-20,1,5.19499653002567,22.575000762939453,2020,5.1,27.2,0.1106132815844296,0.0109422214082959,0.0420749015657906,0.062204,0.6804631354804365,0,0,0,0.0380779691749773,0.0290117860380779,0.0235720761559383,True,False,False,False,False,False,False,False,False,False,0,0,0,0,0,1,5.19499653002567
48267,0.9217769811803864,0.8636748518204912,1.260720411663808,beta,TX,2020-09-20,1,4.44679664472041,5.463068008422852,2020,5.4,28.4,0.1372479660417403,0.0278241513633834,0.0417362270450751,0.055677,0.7316845543630425,0,0,1,0.0048,0.0112,0.0024,True,False,False,False,False,False,False,False,False,False,0,0,0,0,0,1,4.44679664472041
48269,0.0,1.651376146788991,0.0,beta,TX,2020-09-20,1,2.61005475242757,0.4044117629528045,2020,7.0,7.4,0.1122448979591836,0.0,0.0,0.042125,0.8679245283018868,0,1,0,0.0,0.001098901098901,0.0,True,False,False,False,False,False,False,False,False,False,0,0,0,0,0,1,2.61005475242757
48271,0.974025974025974,0.9616754523436388,0.0,beta,TX,2020-09-20,1,4.20237703825191,1.2244317531585691,2020,5.3,24.9,0.2952286282306163,0.0173243503368623,0.053897978825794,0.058925,0.4758708852668584,0,0,0,0.0036764705882352,0.000735294117647,0.0,True,False,False,False,False,False,False,False,False,False,0,0,0,0,0,1,4.20237703825191
48273,0.9402343452788556,0.9942018115732992,1.031849912739965,beta,TX,2020-09-20,1,20.4492280434784,70.36249542236328,2020,6.5,13.0,0.1059497035371089,0.0434293624015918,0.0566658015399256,0.049985999999999996,0.2167525773195876,0,0,0,0.0238365493757094,0.0204313280363223,0.0090805902383654,True,False,False,False,False,False,False,False,False,False,0,0,0,0,0,1,20.4492280434784
48275,0.951094682968439,0.9053528708133972,0.913978494623656,beta,TX,2020-09-20,1,2.72486182494571,2.76953125,2020,6.1,18.4,0.1795788637266587,0.0959232613908872,0.023181454836131,0.050163,0.5770951386817775,0,0,0,0.0058823529411764,0.0070588235294117,0.0023529411764705,True,False,False,False,False,False,False,False,False,False,0,0,0,0,0,1,2.72486182494571
48277,1.0000362792047597,0.9732863710175425,0.9670811164537514,beta,TX,2020-09-20,1,1.40779241349938,85.77734375,2020,6.3,19.0,0.1317187626419267,0.010235825388861,0.0688911189162067,0.051561,0.7058377256029388,0,0,0,0.0452039691289966,0.0496141124586549,0.0165380374862183,True,False,False,False,False,False,False,False,False,False,0,0,0,0,0,1,1.40779241349938
48279,0.9933197792622712,1.0299255658514357,1.295556665002496,beta,TX,2020-09-20,1,2.08636911292913,0.0,2020,7.1,16.9,0.0977594695066814,0.0349695916594265,0.0575586446568201,0.050040999999999995,0.3818321195860483,0,0,1,0.0068897637795275,0.0098425196850393,0.0029527559055118,True,False,False,False,False,False,False,False,False,False,0,0,0,0,0,1,2.08636911292913
48281,0.9934351554126476,0.9850503374443575,1.21242738065168,beta,TX,2020-09-20,1,5.21839158259741,35.99519348144531,2020,5.2,20.2,0.1783876500857633,0.0071897073662966,0.0486881937436932,0.066506,0.6996809543626022,0,0,1,0.0168539325842696,0.0224719101123595,0.0098314606741573,True,False,False,False,False,False,False,False,False,False,0,0,0,0,0,1,5.21839158259741
48283,1.0474860335195535,1.0626590698750575,1.2409638554216866,beta,TX,2020-09-20,1,10.7446680535206,34.493751525878906,2020,3.8,15.0,0.060695468914647,0.0663811563169164,0.0208779443254818,0.061042,0.2201380552220888,0,1,1,0.0067294751009421,0.0074024226110363,0.0020188425302826,True,False,False,False,False,False,False,False,False,False,0,0,0,0,0,1,10.7446680535206
48285,1.021289502570917,1.0125318938434034,1.0458132139912852,beta,TX,2020-09-20,1,18.1665648442815,489.0,2020,6.1,23.4,0.0937587854933933,0.0198452321517723,0.042561158262606,0.057601999999999993,0.7161331563160741,0,0,0,0.0103199174406604,0.0216718266253869,0.0165118679050567,True,False,False,False,False,False,False,False,False,False,0,0,0,0,0,1,18.1665648442815
48287,0.9629282655246256,0.9195891650258102,1.088631984585742,beta,TX,2020-09-20,1,9.40967459063038,230.765625,2020,6.3,19.5,0.0967078189300411,0.0434287573194534,0.0479830839297332,0.06075,0.6071632909943929,0,0,0,0.0254372019077901,0.0349761526232114,0.0095389507154213,True,False,False,False,False,False,False,False,False,False,0,0,0,0,0,1,9.40967459063038
48289,0.9161105815061964,0.9341280729726724,0.9311466522092712,beta,TX,2020-09-20,1,2.02070355431703,175.11512756347656,2020,6.3,24.2,0.1336120705326304,0.0285202086049543,0.0309647979139504,0.048676000000000004,0.7417138494815192,0,0,0,0.0111835973904939,0.02143522833178,0.0065237651444548,True,False,False,False,False,False,False,False,False,False,0,0,0,0,0,1,2.02070355431703
48291,1.024504026016445,1.008092931072451,1.0409859355022022,beta,TX,2020-09-20,1,3.39974081167668,52.9765625,2020,7.2,12.6,0.1221008619775492,0.0461932967350476,0.0462294134643166,0.053871,0.5461649277513424,0,0,0,0.0518134715025906,0.0587219343696027,0.0112262521588946,True,False,False,False,False,False,False,False,False,False,0,0,0,0,0,1,3.39974081167668
48293,0.954035275253875,0.9763560500695412,1.0850855212986164,beta,TX,2020-09-20,1,5.54002132198046,155.05859375,2020,5.9,19.2,0.1200761998402261,0.0409866699887878,0.043602840413604,0.049506999999999995,0.565790661970559,0,0,0,0.0143646408839779,0.0232044198895027,0.0088397790055248,True,False,False,False,False,False,False,False,False,False,0,0,0,0,0,1,5.54002132198046
48295,0.9688449848024316,1.0023744911804613,0.0,beta,TX,2020-09-20,1,1.8792271521268,0.0,2020,7.7,15.9,0.1410632063624947,0.0559440559440559,0.0367132867132867,0.06625,0.5838509316770186,0,0,0,0.0032188841201716,0.0053648068669527,0.0010729613733905,True,False,False,False,False,False,False,False,False,False,0,0,0,0,0,1,1.8792271521268
48297,1.0744260402326924,0.9468908782966368,1.0063897763578271,beta,TX,2020-09-20,1,17.2697391863946,103.2236785888672,2020,5.6,19.3,0.1180973209404046,0.0466683951257453,0.0412237490277417,0.05287,0.5265108072342303,0,0,0,0.0144369586140519,0.0202117420596727,0.0009624639076034,True,False,False,False,False,False,False,False,False,False,0,0,0,0,0,1,17.2697391863946
48299,0.9173662971380864,0.9823889080261796,0.9572008966096944,beta,TX,2020-09-20,1,5.42793211626996,67.5257339477539,2020,4.0,36.4,0.149309414192729,0.0035791757049891,0.0311279826464208,0.06283899999999999,0.8252130113449136,0,0,0,0.0149892933618843,0.0235546038543897,0.0074946466809421,True,False,False,False,False,False,False,False,False,False,0,0,0,0,0,1,5.42793211626996
48303,0.9818313820752136,0.9809452345590692,0.9867934391304778,beta,TX,2020-09-20,1,2.2818635726251,0.0078125,2020,6.5,12.4,0.0959937912050155,0.0268651435503437,0.0575380779080738,0.056529,0.4989521599026523,0,0,0,0.0927374301675977,0.147486033519553,0.0927374301675977,True,False,False,False,False,False,False,False,False,False,0,0,0,0,0,1,2.2818635726251
48305,0.984375,0.9786149862166904,1.3322759714512291,beta,TX,2020-09-20,1,2.38618724351174,0.015625,2020,6.5,15.9,0.1512958206864347,0.0346958174904942,0.0475285171102661,0.049747,0.5289492494639028,0,0,1,0.0044893378226711,0.0044893378226711,0.0022446689113355,True,False,False,False,False,False,False,False,False,False,0,0,0,0,0,1,2.38618724351174
48307,1.0595358224016145,0.968494749124854,0.9959467284308048,beta,TX,2020-09-20,1,4.28957568009421,2.007352828979492,2020,4.5,22.0,0.1784565916398713,0.0156150414276609,0.0621414913957935,0.046551999999999996,0.6427260812581913,0,0,0,0.0056338028169014,0.0075117370892018,0.0065727699530516,True,False,False,False,False,False,False,False,False,False,0,0,0,0,0,1,4.28957568009421
48309,0.9699306134087768,0.9767397574580938,0.9671664709601664,beta,TX,2020-09-20,1,5.33882936327906,98.2467041015625,2020,6.7,14.4,0.0972311462426968,0.0623606599146442,0.0562243879652631,0.053723,0.5360869448420632,0,0,0,0.1283783783783783,0.1225868725868725,0.0637065637065637,True,False,False,False,False,False,False,False,False,False,0,0,0,0,0,1,5.33882936327906
48311,1.267361111111111,1.1543110394842868,0.0,beta,TX,2020-09-20,1,13.4551893598542,68.12109375,2020,6.9,13.0,0.1438356164383561,0.0,0.0483870967741935,0.063056,0.5883333333333334,0,0,0,0.0008779631255487,0.0043898156277436,0.0,True,False,False,False,False,False,False,False,False,False,0,0,0,0,0,1,13.4551893598542
48313,0.9191729323308272,0.8211352951950668,1.0984481086323958,beta,TX,2020-09-20,1,2.34539501210012,106.46527862548828,2020,6.1,15.1,0.1380346820809248,0.0306148055207026,0.0664993726474278,0.059923000000000004,0.5190635451505017,0,0,0,0.0128755364806866,0.0343347639484978,0.0085836909871244,True,False,False,False,False,False,False,False,False,False,0,0,0,0,0,1,2.34539501210012
48315,0.9686009942173076,0.9227509150452708,1.2599318955732122,beta,TX,2020-09-20,1,1.61343126819733,105.91666412353516,2020,5.0,26.3,0.169438202247191,0.015609514370664,0.0626858275520317,0.043153,0.7063239074550128,0,0,0,0.031578947368421,0.0157894736842105,0.0026315789473684,True,False,False,False,False,False,False,False,False,False,0,0,0,0,0,1,1.61343126819733
48317,1.4267352185089976,1.231314922726121,1.1526398327234708,beta,TX,2020-09-20,1,2.56186949602641,0.0,2020,6.4,11.6,0.0500705218617771,0.0620985010706638,0.0,0.069194,0.5308382661829292,1,0,0,0.0010940919037199,0.0065645514223194,0.0010940919037199,True,False,False,False,False,False,False,False,False,False,0,0,0,0,0,1,2.56186949602641
48319,0.9147180192572216,0.9132870034228816,0.9183673469387754,beta,TX,2020-09-20,1,4.80245569215541,4.8125,2020,7.1,29.5,0.0725160256410256,0.0496644295302013,0.0355704697986577,0.073186,0.7457627118644068,0,0,0,0.0043103448275862,0.0053879310344827,0.0010775862068965,True,False,False,False,False,False,False,False,False,False,0,0,0,0,0,1,4.80245569215541
48321,0.9823194558348208,0.9805694796134568,0.9617689357622246,beta,TX,2020-09-20,1,8.71373461264216,482.1275939941406,2020,7.4,16.8,0.1227575602255253,0.0691217302352769,0.0635686102586584,0.048566000000000005,0.4235277892704454,0,0,0,0.0192307692307692,0.0302197802197802,0.0137362637362637,True,False,False,False,False,False,False,False,False,False,0,0,0,0,0,1,8.71373461264216
48323,0.9878602539153,1.0122364135093431,1.0386965376782074,beta,TX,2020-09-20,1,4.66735107999411,0.9375,2020,9.0,11.6,0.0839455960815184,0.267495760316563,0.065799886941775,0.044502,0.0271909064211308,0,0,0,0.0258014073494917,0.0195465207193119,0.0054730258014073,True,False,False,False,False,False,False,False,False,False,0,0,0,0,0,1,4.66735107999411
48325,0.9563637159809952,0.9526864077349162,1.00052758516732,beta,TX,2020-09-20,1,6.06038096169467,63.05989456176758,2020,5.8,16.8,0.1413991011965997,0.0329257381449448,0.0437816880405606,0.06718,0.4398991093245054,0,0,0,0.020377358490566,0.0256603773584905,0.0090566037735849,True,False,False,False,False,False,False,False,False,False,0,0,0,0,0,1,6.06038096169467
48327,0.8643815201192252,0.9497756193520625,0.8419497784342688,beta,TX,2020-09-20,1,4.13561144074977,3.3348214626312256,2020,2.9,34.2,0.1499189627228525,0.0973451327433628,0.0265486725663716,0.040341,0.627420998980632,0,0,0,0.0033259423503325,0.0044345898004434,0.0011086474501108,True,False,False,False,False,False,False,False,False,False,0,0,0,0,0,1,4.13561144074977
48329,1.0135026214583442,1.055941890619154,1.1008878915016098,beta,TX,2020-09-20,1,2.63878276622662,0.0,2020,8.6,10.1,0.0709269819141757,0.0472711239882845,0.0402166724403993,0.08821,0.4499685262643911,0,0,0,0.0488888888888888,0.1488888888888888,0.0522222222222222,True,False,False,False,False,False,False,False,False,False,0,0,0,0,0,1,2.63878276622662
48331,0.9340468413371328,0.972173852476144,0.9054325955734406,beta,TX,2020-09-20,1,7.35853627166136,254.49264526367188,2020,5.7,20.7,0.1034654286188028,0.0452772073921971,0.0490759753593429,0.05281,0.6207885594247394,0,0,0,0.0177165354330708,0.0177165354330708,0.0049212598425196,True,False,False,False,False,False,False,False,False,False,0,0,0,0,0,1,7.35853627166136
48333,1.1510962821734985,0.9614762058918748,0.9209157127991678,beta,TX,2020-09-20,1,4.56819368140549,9.776785850524902,2020,2.5,27.3,0.0992292870905587,0.007669616519174,0.0100294985250737,0.053482999999999996,0.7850089766606823,0,0,0,0.0013368983957219,0.0080213903743315,0.0066844919786096,True,False,False,False,False,False,False,False,False,False,0,0,0,0,0,1,4.56819368140549
48335,1.0713339807539508,0.99558693733451,1.3237822349570203,beta,TX,2020-09-20,1,2.894100781887,0.1171875,2020,7.1,15.9,0.1101346297681376,0.095659875996457,0.0279007971656333,0.050144,0.4814238042269188,0,0,0,0.0076838638858397,0.0120746432491767,0.0021953896816684,True,False,False,False,False,False,False,False,False,False,0,0,0,0,0,1,2.894100781887
48337,0.9572860524857704,0.9965034965034966,1.1959502214722637,beta,TX,2020-09-20,1,3.05251836069693,3.506944417953491,2020,5.5,21.3,0.1202106284209797,0.0121250797702616,0.0386726228462029,0.059127,0.8185324317555722,0,0,1,0.0150537634408602,0.0268817204301075,0.0075268817204301,True,False,False,False,False,False,False,False,False,False,0,0,0,0,0,1,3.05251836069693
48339,1.005925774041419,1.004310996476986,0.9858834933809942,beta,TX,2020-09-20,1,3.36489141102481,60.58333587646485,2020,6.5,13.1,0.0695937811997978,0.0318530476652607,0.0326182300026128,0.088597,0.5986093807166815,0,0,0,0.2322456813819577,0.354126679462572,0.1170825335892514,True,False,False,False,False,False,False,False,False,False,0,0,0,0,0,1,3.36489141102481
48341,0.985527709142252,1.0113807531380754,1.1769950958537672,beta,TX,2020-09-20,1,1.81686293282267,0.0,2020,9.4,11.2,0.0598964462226406,0.1723487596111997,0.0784854199912955,0.055543,0.3042887910853076,0,0,0,0.0266963292547274,0.0244716351501668,0.0077864293659621,True,False,False,False,False,False,False,False,False,False,0,0,0,0,0,1,1.81686293282267
48343,0.9912690874552494,1.0303649889067734,1.0568513119533527,beta,TX,2020-09-20,1,1.53821361476445,157.59375,2020,4.9,21.4,0.1408915169433705,0.0,0.0591555183946488,0.046468,0.6444500125281885,0,0,0,0.0278884462151394,0.0358565737051792,0.0199203187250996,True,False,False,False,False,False,False,False,False,False,0,0,0,0,0,1,1.53821361476445
48345,0.9090909090909094,1.1020531400966185,1.1627906976744184,beta,TX,2020-09-20,1,2.36063255907106,0.0,2020,5.6,27.4,0.1023529411764705,0.0152838427947598,0.0305676855895196,0.059286,0.8071495766698025,0,0,0,0.0020222446916076,0.0020222446916076,0.0010111223458038,True,False,False,False,False,False,False,False,False,False,0,0,0,0,0,1,2.36063255907106
48347,0.9785735690740184,0.9704029058529958,0.9566472414356516,beta,TX,2020-09-20,1,2.11691672148025,94.78308868408205,2020,6.2,14.8,0.1504041854335897,0.0252698622771826,0.0622440961164647,0.047306,0.5747297109182868,0,0,0,0.040169133192389,0.0496828752642706,0.0190274841437632,True,False,False,False,False,False,False,False,False,False,0,0,0,0,0,1,2.11691672148025
48349,0.9543680901799264,0.9717387796500772,1.0424458554405498,beta,TX,2020-09-20,1,4.70294505223291,80.4506607055664,2020,7.0,16.8,0.1348455400981996,0.0511305533462106,0.0507896829905692,0.050466000000000004,0.5129978716935238,0,0,0,0.0267591674925668,0.0396432111000991,0.0138751238850346,True,False,False,False,False,False,False,False,False,False,0,0,0,0,0,1,4.70294505223291
48351,0.8873825296564474,0.8993566315280755,0.0,beta,TX,2020-09-20,1,2.42006766631471,12.15865421295166,2020,4.7,20.8,0.0970569140878597,0.0,0.0835448392554991,0.038116,0.757059834656626,0,0,0,0.007502679528403,0.0096463022508038,0.0,True,False,False,False,False,False,False,False,False,False,0,0,0,0,0,1,2.42006766631471
48353,0.911596199869461,0.9310064446184424,1.1481844946025517,beta,TX,2020-09-20,1,3.08199259304804,0.3611111044883728,2020,7.0,18.3,0.1665600730927364,0.0495674116798846,0.0789473684210526,0.044700000000000004,0.5521780431537522,0,0,1,0.0076838638858397,0.0219538968166849,0.0065861690450054,True,False,False,False,False,False,False,False,False,False,0,0,0,0,0,1,3.08199259304804
48355,0.975472755728598,0.9848206960633092,1.0028968264231954,beta,TX,2020-09-20,1,22.7848373747762,141.1985321044922,2020,6.5,14.5,0.0901898043778634,0.0432361661981593,0.0683584273556933,0.059476999999999995,0.3005991313162201,0,0,0,0.3551847437425506,0.2097735399284863,0.0965435041716328,True,False,False,False,False,False,False,False,False,False,0,0,0,0,0,1,22.7848373747762
48357,1.036579187354342,1.040999582347209,0.9723698193411262,beta,TX,2020-09-20,1,1.83519795085019,0.0,2020,8.0,10.5,0.0979337327301626,0.0821081830790568,0.0294036061026352,0.057413,0.4238642036944583,1,0,0,0.0098146128680479,0.0109051254089422,0.0054525627044711,True,False,False,False,False,False,False,False,False,False,0,0,0,0,0,1,1.83519795085019
48359,1.156670746634027,0.9733049357953724,0.0,beta,TX,2020-09-20,1,1.8136535014424,0.0,2020,6.1,12.2,0.0446043165467625,0.0108024691358024,0.0293209876543209,0.068077,0.7536973833902162,1,0,0,0.002,0.008,0.0,True,False,False,False,False,False,False,False,False,False,0,0,0,0,0,1,1.8136535014424
48361,0.9696842810484884,0.9758088669898513,0.8700797436550997,beta,TX,2020-09-20,1,2.97268514918051,16.7421875,2020,6.6,15.6,0.1255816782748867,0.0086825956391173,0.0503655829742786,0.068756,0.7656706914442034,0,0,0,0.1561561561561561,0.2312312312312312,0.054054054054054,True,False,False,False,False,False,False,False,False,False,0,0,0,0,0,1,2.97268514918051
48363,0.963838873211298,0.9507458011036412,1.1389788465513675,beta,TX,2020-09-20,1,3.55083071665572,6.609375,2020,6.0,19.6,0.1212872467222884,0.0266782240200327,0.0492150630838871,0.059796,0.7313879404414094,0,0,0,0.0283613445378151,0.042016806722689,0.0126050420168067,True,False,False,False,False,False,False,False,False,False,0,0,0,0,0,1,3.55083071665572
48365,1.0608799048751485,0.980196459526186,0.9882943143812708,beta,TX,2020-09-20,1,1.83271035950862,74.24553680419922,2020,5.8,19.7,0.1219934347955834,0.0111165404348888,0.0420229660395797,0.054853,0.7157529678538082,0,0,0,0.0221948212083847,0.0258939580764488,0.0086313193588162,True,False,False,False,False,False,False,False,False,False,0,0,0,0,0,1,1.83271035950862
48367,0.9877402099469722,1.0062867751790256,0.9945041328337976,beta,TX,2020-09-20,1,3.66221606050849,9.149999618530272,2020,6.0,15.4,0.0824742268041237,0.0175735511167962,0.0250910164321558,0.088535,0.7943962434726289,0,0,0,0.0586932447397563,0.0963455149501661,0.0420819490586932,True,False,False,False,False,False,False,False,False,False,0,0,0,0,0,1,3.66221606050849
48369,0.8799454297407914,1.014551101397596,1.17519042437432,beta,TX,2020-09-20,1,1.93554435456946,0.0,2020,7.8,14.5,0.07454878367774,0.1024590163934426,0.0252206809583858,0.062885,0.322930388083899,0,0,0,0.0068181818181818,0.0170454545454545,0.0034090909090909,True,False,False,False,False,False,False,False,False,False,0,0,0,0,0,1,1.93554435456946
48371,1.0284035259549462,0.948948982687144,1.178996036988111,beta,TX,2020-09-20,1,2.59685946306008,0.0,2020,6.8,12.6,0.0497369204804924,0.0808808808808808,0.0942942942942943,0.055652,0.2285921147897057,0,0,1,0.0031492756665966,0.0050388410665546,0.0012597102666386,True,False,False,False,False,False,False,False,False,False,0,0,0,0,0,1,2.59685946306008
48373,0.9607398374677028,0.9744089247044624,0.9463783574129736,beta,TX,2020-09-20,1,2.71068471512655,24.865625381469727,2020,5.2,18.5,0.1847481101044492,0.0142118863049095,0.0443974630021141,0.052826,0.6944516489435988,0,0,0,0.0236518448438978,0.0416272469252601,0.0085146641438032,True,False,False,False,False,False,False,False,False,False,0,0,0,0,0,1,2.71068471512655
48375,0.9577215125148072,0.9733582591735608,0.986866356301282,beta,TX,2020-09-20,1,1.89508571467347,0.0069444444961845,2020,7.4,12.6,0.0888142425260329,0.0673735006844071,0.0863280978122172,0.045096,0.4231427968782957,0,0,0,0.0462555066079295,0.0848017621145374,0.0429515418502202,True,False,False,False,False,False,False,False,False,False,0,0,0,0,0,1,1.89508571467347
48377,0.9716060337178352,0.9983844911147012,1.311787072243346,beta,TX,2020-09-20,1,2.19120297440065,0.0,2020,7.0,21.4,0.0907886017229953,0.2861047835990888,0.0997722095671981,0.026395,0.1567444136356222,0,0,0,0.0010376134889753,0.0018158236057068,0.0007782101167315,True,False,False,False,False,False,False,False,False,False,0,0,0,0,0,1,2.19120297440065
48379,0.983498639515492,1.056733167082294,0.9330143540669856,beta,TX,2020-09-20,1,1.49406990001242,112.078125,2020,4.3,23.8,0.1321303841676367,0.0340239912758996,0.0370774263904034,0.055758,0.832785268003946,0,0,0,0.0218340611353711,0.0393013100436681,0.0043668122270742,True,False,False,False,False,False,False,False,False,False,0,0,0,0,0,1,1.49406990001242
48381,0.9600598691899208,0.976022871239902,1.0665071375526034,beta,TX,2020-09-20,1,1.97767215674277,0.0,2020,6.2,15.1,0.0738257499219309,0.0190161527165932,0.0294236417033773,0.070544,0.6781880315162021,0,0,0,0.0416666666666666,0.0548245614035087,0.0307017543859649,True,False,False,False,False,False,False,False,False,False,0,0,0,0,0,1,1.97767215674277
48383,1.0893032384690873,1.036850537880522,0.972972972972973,beta,TX,2020-09-20,1,2.9529155205566,0.0218749996274709,2020,9.5,9.9,0.0214497041420118,0.0748362956033676,0.0112254443405051,0.062829,0.2859675036927622,0,0,0,0.0017021276595744,0.0042553191489361,0.0008510638297872,True,False,False,False,False,False,False,False,False,False,0,0,0,0,0,1,2.9529155205566
48385,0.9595986838556556,0.9629792860290876,1.0899653979238757,beta,TX,2020-09-20,1,4.71852034774331,7.293269157409668,2020,5.4,32.2,0.1685912240184757,0.0145576707726763,0.0593505039193729,0.044083,0.7034082668600435,0,0,0,0.0114449213161659,0.0071530758226037,0.0014306151645207,True,False,False,False,False,False,False,False,False,False,0,0,0,0,0,1,4.71852034774331
48387,1.0810810810810814,1.0786724031960664,1.0818083961248657,beta,TX,2020-09-20,1,1.41281430414213,102.53125,2020,5.5,24.7,0.1372791301124428,0.0106730559790895,0.0326726203441516,0.040674,0.7334944334167601,0,0,0,0.0086289549376797,0.0153403643336529,0.0076701821668264,True,False,False,False,False,False,False,False,False,False,0,0,0,0,0,1,1.41281430414213
48389,1.0886039055668897,1.0712426240888582,1.1154446177847113,beta,TX,2020-09-20,1,2.23651817676995,0.0,2020,5.3,12.2,0.0669516965341581,0.1675675675675675,0.0594594594594594,0.053548,0.1150664496880933,0,0,0,0.0041745730550284,0.010246679316888,0.0015180265654648,True,False,False,False,False,False,False,False,False,False,0,0,0,0,0,1,2.23651817676995
48391,0.9504800404244566,0.9398044577015494,1.104868913857678,beta,TX,2020-09-20,1,18.7503292143485,559.1822509765625,2020,6.6,22.3,0.1645330535152151,0.0301507537688442,0.0991320237551393,0.050745,0.4248627800029669,0,0,0,0.0129870129870129,0.0181818181818181,0.0012987012987012,True,False,False,False,False,False,False,False,False,False,0,0,0,0,0,1,18.7503292143485
48393,1.4716981132075475,1.0140845070422535,0.0,beta,TX,2020-09-20,1,1.92325908700312,0.01171875,2020,1.2,24.6,0.068901303538175,0.0,0.0677419354838709,0.062717,0.8669891172914147,1,0,0,0.001082251082251,0.0021645021645021,0.0,True,False,False,False,False,False,False,False,False,False,0,0,0,0,0,1,1.92325908700312
48395,0.9514263685427912,0.9769167353668592,1.153590425531915,beta,TX,2020-09-20,1,6.82393290182744,211.92578125,2020,6.3,19.9,0.1485292926018961,0.0226624405705229,0.079080824088748,0.055709,0.5672256370472042,0,0,1,0.0210526315789473,0.0210526315789473,0.0070175438596491,True,False,False,False,False,False,False,False,False,False,0,0,0,0,0,1,6.82393290182744
48397,0.9840512223515716,1.0094601152393756,0.9531230825868204,beta,TX,2020-09-20,1,3.73611458127277,46.171875,2020,6.1,12.2,0.0639077562262213,0.0155433172122669,0.0147326046238573,0.111595,0.6510726309834074,0,0,0,0.2125984251968504,0.3700787401574803,0.1574803149606299,True,False,False,False,False,False,False,False,False,False,0,0,0,0,0,1,3.73611458127277
48399,1.0730804810360777,0.936914753416106,0.8641654926966709,beta,TX,2020-09-20,1,3.49206029591672,1.921875,2020,5.7,20.7,0.1293725707940033,0.0133475707421249,0.0234917245061398,0.052103000000000003,0.6123232323232323,0,0,0,0.0066603235014272,0.0161750713606089,0.0047573739295908,True,False,False,False,False,False,False,False,False,False,0,0,0,0,0,1,3.49206029591672
48401,0.990172147995889,0.9927391403344548,0.9203102961918194,beta,TX,2020-09-20,1,1.89440611167328,75.38888549804688,2020,5.6,16.3,0.1141450554180566,0.0282623470774807,0.0381739918441323,0.06033,0.6132837936185698,0,0,0,0.0303030303030303,0.0346320346320346,0.014069264069264,True,False,False,False,False,False,False,False,False,False,0,0,0,0,0,1,1.89440611167328
48403,0.971832808523487,0.946827597455554,0.985182218662395,beta,TX,2020-09-20,1,2.13569339053735,21.4375,2020,4.9,30.2,0.2036836403033586,0.0006949270326615,0.0484132499420894,0.041308,0.8395997574287447,0,0,0,0.0224032586558044,0.010183299389002,0.010183299389002,True,False,False,False,False,False,False,False,False,False,0,0,0,0,0,1,2.13569339053735
48405,0.9952055277444828,0.9270978357169976,1.2689225289403387,beta,TX,2020-09-20,1,2.17007551677793,50.36805725097656,2020,4.4,27.5,0.1956359567325624,0.0031575623618566,0.0975686769813703,0.04313,0.665572114170245,0,0,1,0.0188679245283018,0.020754716981132,0.0056603773584905,True,False,False,False,False,False,False,False,False,False,0,0,0,0,0,1,2.17007551677793
48407,0.9434466181478268,1.002759312680296,0.0,beta,TX,2020-09-20,1,2.97919859538834,36.265625,2020,4.9,21.7,0.1703711103341491,0.023807004549783,0.0250767114591048,0.046678,0.6995839719728487,0,0,0,0.031634446397188,0.0369068541300527,0.0017574692442882,True,False,False,False,False,False,False,False,False,False,0,0,0,0,0,1,2.97919859538834
48409,0.9988721370285564,1.0341318155261123,1.1108685210252829,beta,TX,2020-09-20,1,23.1489269042444,275.6785583496094,2020,6.9,14.8,0.1331115121437702,0.0232274865591397,0.0626680107526881,0.059531999999999995,0.3870700312704531,0,0,1,0.0909090909090909,0.0764790764790764,0.0173160173160173,True,False,False,False,False,False,False,False,False,False,0,0,0,0,0,1,23.1489269042444
48411,1.0447491880187658,0.9402407076958124,1.0551330798479086,beta,TX,2020-09-20,1,4.76257136068727,8.22282600402832,2020,5.0,23.5,0.1361556064073226,0.035204081632653,0.0331632653061224,0.046926999999999996,0.643979057591623,0,0,0,0.0070484581497797,0.0096916299559471,0.0052863436123348,True,False,False,False,False,False,False,False,False,False,0,0,0,0,0,1,4.76257136068727
48413,0.8283313325330133,1.140939597315436,0.0,beta,TX,2020-09-20,1,3.61948688438013,0.9017857313156128,2020,7.7,22.7,0.0366762177650429,0.0226500566251415,0.0283125707814269,0.061094,0.4496124031007752,0,1,0,0.0022900763358778,0.0015267175572519,0.0,True,False,False,False,False,False,False,False,False,False,0,0,0,0,0,1,3.61948688438013
48415,0.9531645569620254,0.9856163078681652,0.9595407326407874,beta,TX,2020-09-20,1,2.74468808652074,0.2265625,2020,6.4,15.0,0.0920579127960498,0.0185836263184329,0.0294659300184162,0.053376,0.510099220411056,0,0,0,0.0077348066298342,0.0154696132596685,0.005524861878453,True,False,False,False,False,False,False,False,False,False,0,0,0,0,0,1,2.74468808652074
48417,0.9715171544410752,0.9134760325595416,1.023238380809595,beta,TX,2020-09-20,1,3.2415185805762,0.671875,2020,5.4,19.8,0.1352865144334338,0.0,0.0527974783293932,0.054896,0.8412238325281803,0,0,0,0.0076586433260393,0.0065645514223194,0.0054704595185995,True,False,False,False,False,False,False,False,False,False,0,0,0,0,0,1,3.2415185805762
48419,0.9549861495844876,0.9420656252494878,1.0284104249823902,beta,TX,2020-09-20,1,1.9703838050088,74.20703125,2020,7.1,17.3,0.1281140734265734,0.0297819734771858,0.0687795010114632,0.044503999999999995,0.6001165598201649,0,0,0,0.0213836477987421,0.0238993710691823,0.0113207547169811,True,False,False,False,False,False,False,False,False,False,0,0,0,0,0,1,1.9703838050088
48421,0.9833857207004938,1.0389308541545612,1.299212598425197,beta,TX,2020-09-20,1,1.7425817639927,0.0,2020,5.3,16.5,0.0959128065395095,0.0851851851851851,0.0271604938271604,0.055667,0.4895758447160316,0,0,0,0.0010845986984815,0.0032537960954446,0.0010845986984815,True,False,False,False,False,False,False,False,False,False,0,0,0,0,0,1,1.7425817639927
48423,1.015029430441177,0.9952455853204396,1.0251779578530131,beta,TX,2020-09-20,1,1.80803787537113,78.4598159790039,2020,6.6,16.5,0.0898142790692397,0.0363984909741081,0.0387578799906607,0.062518,0.5758633538776506,0,0,0,0.1476655808903366,0.1748099891422367,0.0792616720955483,True,False,False,False,False,False,False,False,False,False,0,0,0,0,0,1,1.80803787537113
48425,0.9754202962880762,0.9738797123211888,1.1009982384028183,beta,TX,2020-09-20,1,4.19143295285712,27.020832061767575,2020,5.2,18.8,0.0720564922899553,0.0037186241090796,0.0269600247908273,0.089253,0.7616512764801738,0,0,1,0.0483870967741935,0.043010752688172,0.0268817204301075,True,False,False,False,False,False,False,False,False,False,0,0,0,0,0,1,4.19143295285712
48427,0.9779277822230544,0.9579922797879268,0.9932485068813294,beta,TX,2020-09-20,1,12.6217635712134,41.31547546386719,2020,9.7,11.4,0.1206317597907149,0.2929189741383945,0.1073175977203075,0.033334,0.0177639563106796,0,0,0,0.0564186426819296,0.0196238757154538,0.0098119378577269,True,False,False,False,False,False,False,False,False,False,0,0,0,0,0,1,12.6217635712134
48429,0.9806399724248868,1.0095363367313384,1.0154946364719903,beta,TX,2020-09-20,1,3.40690687054102,2.7977943420410156,2020,5.1,19.2,0.1476979182495061,0.0153618906942392,0.0809453471196454,0.046537,0.6873969893418306,0,0,0,0.0066964285714285,0.0089285714285714,0.0033482142857142,True,False,False,False,False,False,False,False,False,False,0,0,0,0,0,1,3.40690687054102
48431,1.0742018981880934,0.9373683471422553,0.9577400091869545,beta,TX,2020-09-20,1,3.01034901924319,0.0789473727345466,2020,7.2,11.6,0.0419268510258697,0.0151133501259445,0.0100755667506297,0.055481,0.6319241982507289,0,0,0,0.0021668472372697,0.0043336944745395,0.0010834236186348,True,False,False,False,False,False,False,False,False,False,0,0,0,0,0,1,3.01034901924319
48433,1.2886100386100383,1.0059171597633136,0.0,beta,TX,2020-09-20,1,2.77300755632541,4.6139702796936035,2020,10.5,18.9,0.1118143459915611,0.0296610169491525,0.0466101694915254,0.062273,0.7694779116465863,1,0,0,0.0021834061135371,0.0021834061135371,0.0,True,False,False,False,False,False,False,False,False,False,0,0,0,0,0,1,2.77300755632541
48435,1.0864933958244567,0.965451374470559,1.1612903225806452,beta,TX,2020-09-20,1,3.77561155978364,1.2165178060531616,2020,10.1,16.9,0.0613645538958417,0.0969750889679715,0.0364768683274021,0.061537999999999995,0.3558718861209964,0,0,0,0.0027529249827942,0.0068823124569855,0.0013764624913971,True,False,False,False,False,False,False,False,False,False,0,0,0,0,0,1,3.77561155978364
48437,0.9456906729634004,1.0810569142039608,1.1494252873563218,beta,TX,2020-09-20,1,2.08981215726664,0.0,2020,4.6,18.3,0.0973705834018077,0.0710536939846588,0.0884134033104562,0.039685000000000005,0.4617701907904174,0,0,0,0.0044943820224719,0.0101123595505617,0.0011235955056179,True,False,False,False,False,False,False,False,False,False,0,0,0,0,0,1,2.08981215726664
48439,0.9829332643061588,0.9961956087496592,0.9987251974953104,beta,TX,2020-09-20,1,3.76974060733135,19.87109375,2020,6.8,11.4,0.0747385981813482,0.0569975290752685,0.0430438332315045,0.073545,0.428724936512148,0,0,0,1.0867052023121386,1.069364161849711,0.446242774566474,True,False,False,False,False,False,False,False,False,False,0,0,0,0,0,1,3.76974060733135
48441,0.9631262336193672,0.9830697623778546,1.0286808720962162,beta,TX,2020-09-20,1,3.28251721779517,0.90234375,2020,7.2,14.4,0.1045838393538001,0.0245440216167529,0.0465360654507243,0.057811,0.6097145410870901,0,0,1,0.0633879781420765,0.1147540983606557,0.0448087431693989,True,False,False,False,False,False,False,False,False,False,0,0,0,0,0,1,3.28251721779517
48443,5.000000000000001,1.4788732394366202,0.9767441860465116,beta,TX,2020-09-20,1,2.93709939078272,0.0,2020,3.0,29.1,0.193984962406015,0.0164319248826291,0.0,0.047012,0.4631578947368421,1,0,0,0.0004242681374628,0.0004242681374628,0.0004242681374628,True,False,False,False,False,False,False,False,False,False,0,0,0,0,0,1,2.93709939078272
48445,1.0654205607476637,1.0491343574737868,1.1068702290076335,beta,TX,2020-09-20,1,2.27037155417518,0.0,2020,7.7,14.8,0.108634772462077,0.0970112689857912,0.0543851053405193,0.047734,0.3887245372326938,0,0,0,0.009009009009009,0.0123873873873873,0.0022522522522522,True,False,False,False,False,False,False,False,False,False,0,0,0,0,0,1,2.27037155417518
48447,0.8074162679425837,1.0906040268456374,2.3741007194244608,beta,TX,2020-09-20,1,3.04443055350768,1.07421875,2020,8.8,25.1,0.1208907741251325,0.0194174757281553,0.0372168284789644,0.0475,0.8666666666666667,0,0,1,0.0032894736842105,0.0032894736842105,0.0010964912280701,True,False,False,False,False,False,False,False,False,False,0,0,0,0,0,1,3.04443055350768
48449,0.9768843540486242,0.940763559718076,0.9339469409853818,beta,TX,2020-09-20,1,1.51682006347315,151.08523559570312,2020,7.6,14.0,0.0951080309824704,0.0692697578374319,0.0467430073211939,0.053818,0.4291611994751496,0,0,0,0.0492610837438423,0.0763546798029556,0.022167487684729,True,False,False,False,False,False,False,False,False,False,0,0,0,0,0,1,1.51682006347315
48451,0.9987050825509876,0.9887376412706896,1.0486510071994766,beta,TX,2020-09-20,1,3.44899074513892,0.8189655542373657,2020,6.6,15.4,0.0995026000452181,0.0319766144508412,0.0546704154951577,0.062052,0.5199036690749398,0,0,0,0.0321944809461235,0.026281208935611,0.0170827858081471,True,False,False,False,False,False,False,False,False,False,0,0,0,0,0,1,3.44899074513892
48453,0.9843377465501048,0.9948510761601452,1.0007786586845722,beta,TX,2020-09-20,1,7.60497939402723,281.140625,2020,6.0,10.0,0.0668008993717041,0.0522162391317453,0.05311078570359,0.08504300000000001,0.4749881412631337,0,0,0,0.5492957746478874,0.5845070422535211,0.2484909456740442,True,False,False,False,False,False,False,False,False,False,0,0,0,0,0,1,7.60497939402723
48455,0.96736747065652,0.9622408105560792,0.951339529797704,beta,TX,2020-09-20,1,2.51322484342647,55.653846740722656,2020,4.9,25.9,0.1859083191850594,0.0340193910529001,0.1058003061745194,0.045392,0.77437141596824,0,0,0,0.0144300144300144,0.0173160173160173,0.0043290043290043,True,False,False,False,False,False,False,False,False,False,0,0,0,0,0,1,2.51322484342647
48457,1.0021900876035044,0.9422443702901592,0.9811300752676771,beta,TX,2020-09-20,1,2.62005462428379,14.113969802856444,2020,4.3,21.8,0.1933818352499413,0.0093486590038314,0.0591570881226053,0.04913,0.7729063541771897,0,0,0,0.0194805194805194,0.0227272727272727,0.0097402597402597,True,False,False,False,False,False,False,False,False,False,0,0,0,0,0,1,2.62005462428379
48459,1.0226141078838171,1.0051272755522178,0.8728864475152348,beta,TX,2020-09-20,1,1.66389854409936,82.6937484741211,2020,5.7,18.1,0.1431256887275555,0.0076838638858397,0.0430159165751921,0.055046,0.7651129805340898,0,0,0,0.0292096219931271,0.0378006872852233,0.0103092783505154,True,False,False,False,False,False,False,False,False,False,0,0,0,0,0,1,1.66389854409936
48461,0.9606912910877669,0.908304498269896,0.0,beta,TX,2020-09-20,1,2.74515491431607,0.0,2020,3.0,14.8,0.0664942741041743,0.0759493670886076,0.0794655414908579,0.058332999999999996,0.3984280532043531,0,0,0,0.0032232070910556,0.0032232070910556,0.0,True,False,False,False,False,False,False,False,False,False,0,0,0,0,0,1,2.74515491431607
48463,0.9529236594915532,0.9097932599213724,0.98530427063813,beta,TX,2020-09-20,1,4.966609895061,12.606249809265137,2020,7.2,16.2,0.1505748350010645,0.0945458913983661,0.0762854396924555,0.051601999999999995,0.2692151115453509,0,0,0,0.0161186331399097,0.0135396518375241,0.0064474532559638,True,False,False,False,False,False,False,False,False,False,0,0,0,0,0,1,4.966609895061
48465,0.97562358276644,0.9355043999209988,1.0420405024352732,beta,TX,2020-09-20,1,3.5084538281871,0.1816037744283676,2020,8.2,13.9,0.1197679841436399,0.1298773690078037,0.0455840455840455,0.051948999999999995,0.1646702811751355,0,0,0,0.010178117048346,0.005089058524173,0.0022264631043256,True,False,False,False,False,False,False,False,False,False,0,0,0,0,0,1,3.5084538281871
48467,0.9352535224767564,0.9421754450775072,1.1130319148936172,beta,TX,2020-09-20,1,1.59435155163623,75.796875,2020,5.7,20.1,0.1248588482013228,0.0126547829636685,0.0288474622397605,0.061121,0.805932046824877,0,0,1,0.0451306413301662,0.0546318289786223,0.0201900237529691,True,False,False,False,False,False,False,False,False,False,0,0,0,0,0,1,1.59435155163623
48469,1.0018950317211832,0.9910287325785754,1.0849896868554283,beta,TX,2020-09-20,1,18.495939608353,607.9264526367188,2020,6.8,16.0,0.1112032364587651,0.0237587305298226,0.0613109675911043,0.060598,0.4306880276831765,0,0,0,0.0544217687074829,0.0793650793650793,0.0340136054421768,True,False,False,False,False,False,False,False,False,False,0,0,0,0,0,1,18.495939608353
48471,0.9709262585639572,0.980135604204614,0.9518935516888432,beta,TX,2020-09-20,1,2.85225931588134,42.92856979370117,2020,4.1,13.2,0.072695104405646,0.0193019343986543,0.0653490328006728,0.044104,0.5212434554973822,0,0,0,0.0408163265306122,0.0650510204081632,0.0127551020408163,True,False,False,False,False,False,False,False,False,False,0,0,0,0,0,1,2.85225931588134
48473,1.042796423860472,0.9769578992224603,1.0147213459516298,beta,TX,2020-09-20,1,3.35873980341293,136.47500610351562,2020,6.4,11.7,0.0844125758411472,0.0627097072775656,0.0312970033553164,0.065379,0.4136704581469874,0,0,0,0.0448343079922027,0.0935672514619883,0.0175438596491228,True,False,False,False,False,False,False,False,False,False,0,0,0,0,0,1,3.35873980341293
48475,1.0364085279824424,1.030201276770201,1.0304114490161005,beta,TX,2020-09-20,1,2.37417012124685,0.0,2020,7.6,13.6,0.0767847105115233,0.0555943242614561,0.043963712491277,0.066216,0.3869804190999656,0,0,0,0.0119760479041916,0.0239520958083832,0.0059880239520958,True,False,False,False,False,False,False,False,False,False,0,0,0,0,0,1,2.37417012124685
48477,0.9766676108199972,1.0089562001559786,0.9683090655006088,beta,TX,2020-09-20,1,10.7332249767653,174.6458282470703,2020,5.5,21.6,0.0839243498817966,0.0227959154321875,0.0509132748453904,0.065913,0.6150816925010474,0,0,0,0.0513245033112582,0.0513245033112582,0.0231788079470198,True,False,False,False,False,False,False,False,False,False,0,0,0,0,0,1,10.7332249767653
48479,1.0297605728350858,1.0306536323902369,1.0153139952540875,beta,TX,2020-09-20,1,11.8472450744987,57.22881317138672,2020,8.9,9.4,0.0950330957582924,0.2565381132966788,0.0589184720563727,0.054618,0.0355466205440373,0,0,0,0.0431419220470098,0.0309431716750966,0.0119012198750371,True,False,False,False,False,False,False,False,False,False,0,0,0,0,0,1,11.8472450744987
48481,1.0201068407775638,0.965356930786276,1.0201262011795271,beta,TX,2020-09-20,1,5.17407701893742,577.8968505859375,2020,6.9,16.9,0.1018503824546926,0.0367553865652724,0.0727769995330531,0.053963000000000004,0.4361318258359394,0,0,0,0.0331491712707182,0.0377532228360957,0.0174953959484346,True,False,False,False,False,False,False,False,False,False,0,0,0,0,0,1,5.17407701893742
48483,0.9655741570384344,0.9494062527624716,0.8631132646880678,beta,TX,2020-09-20,1,2.07721716088791,0.0,2020,6.3,19.7,0.1099546303709634,0.0428940568475452,0.0677002583979328,0.052138,0.6951903807615231,0,0,0,0.0076586433260393,0.0109409190371991,0.0032822757111597,True,False,False,False,False,False,False,False,False,False,0,0,0,0,0,1,2.07721716088791
48485,0.9865831991099748,0.9794080570754212,0.9715818910135284,beta,TX,2020-09-20,1,2.75222335690164,0.6079545021057129,2020,6.3,14.6,0.1199221385358948,0.0285637182654183,0.0676104872023747,0.053272,0.6161113258600696,0,0,0,0.1004784688995215,0.149920255183413,0.0574162679425837,True,False,False,False,False,False,False,False,False,False,0,0,0,0,0,1,2.75222335690164
48487,0.9461966604823746,0.9715648339782236,1.0697911360163015,beta,TX,2020-09-20,1,2.62740785969842,0.569444477558136,2020,6.4,17.8,0.2094531004914775,0.0327082424771042,0.0381596162232882,0.045262000000000004,0.5441142236362225,0,0,0,0.0051546391752577,0.0103092783505154,0.0061855670103092,True,False,False,False,False,False,False,False,False,False,0,0,0,0,0,1,2.62740785969842
48489,0.9638149865755428,0.9328199941270514,1.1826042726347916,beta,TX,2020-09-20,1,16.8348758479031,59.6761360168457,2020,6.3,13.8,0.0972714154532336,0.1317944899478778,0.0491437081161578,0.039401000000000005,0.0895159690537591,0,0,1,0.0338983050847457,0.0101694915254237,0.0033898305084745,True,False,False,False,False,False,False,False,False,False,0,0,0,0,0,1,16.8348758479031
48491,0.9929381175009588,0.9898303061468108,0.972806311565536,beta,TX,2020-09-20,1,7.04098448251215,318.6136474609375,2020,6.2,12.2,0.0762831250715303,0.0299476535953714,0.0234089448066856,0.094705,0.5523819532131287,0,0,0,0.1730941704035874,0.2349775784753363,0.0977578475336322,True,False,False,False,False,False,False,False,False,False,0,0,0,0,0,1,7.04098448251215
48493,1.011006339909246,1.0220623588217683,1.213235294117647,beta,TX,2020-09-20,1,9.47243610283418,122.20982360839844,2020,5.8,15.8,0.0941893158388003,0.0248392235530119,0.0248982240840167,0.084042,0.5603079211303841,0,0,1,0.0273972602739726,0.037359900373599,0.0074719800747198,True,False,False,False,False,False,False,False,False,False,0,0,0,0,0,1,9.47243610283418
48495,0.961575593743966,1.047561233108108,1.0299295774647887,beta,TX,2020-09-20,1,2.33868044876902,0.0,2020,7.2,12.0,0.0540184453227931,0.0598604480352552,0.0297466030113845,0.06790399999999999,0.3468104222821204,0,0,0,0.0071343638525564,0.0142687277051129,0.0059453032104637,True,False,False,False,False,False,False,False,False,False,0,0,0,0,0,1,2.33868044876902
48497,0.9934864179262236,0.9960008203445446,0.9952427459752368,beta,TX,2020-09-20,1,3.35704804823839,9.3515625,2020,6.1,15.0,0.1202173420873896,0.0282271798365122,0.0197121934604904,0.075482,0.7357355169600186,0,0,0,0.0420353982300885,0.0597345132743362,0.0199115044247787,True,False,False,False,False,False,False,False,False,False,0,0,0,0,0,1,3.35704804823839
48499,1.0228961231933005,1.0187067284377354,1.063529921942758,beta,TX,2020-09-20,1,1.65922662132238,92.21666717529295,2020,4.7,26.5,0.1365770806274353,0.0082461328480436,0.0487943585077343,0.058418,0.8007046807751489,0,0,0,0.0372093023255813,0.0434108527131782,0.0263565891472868,True,False,False,False,False,False,False,False,False,False,0,0,0,0,0,1,1.65922662132238
48501,1.0862901371752625,1.107717934480844,1.209677419354839,beta,TX,2020-09-20,1,2.16653010015675,0.0,2020,9.1,9.0,0.0645314729665451,0.1308724832214765,0.0111856823266219,0.073102,0.3233688588510527,1,1,1,0.013767209011264,0.013767209011264,0.0050062578222778,True,False,False,False,False,False,False,False,False,False,0,0,0,0,0,1,2.16653010015675
48503,0.9926887684356486,0.963100323928454,1.1014555724527482,beta,TX,2020-09-20,1,3.17412672174286,3.20703125,2020,5.6,20.4,0.0880455407969639,0.0383317586718855,0.0465649885274665,0.052073999999999995,0.7504897296692226,0,0,1,0.0131291028446389,0.0175054704595186,0.0054704595185995,True,False,False,False,False,False,False,False,False,False,0,0,0,0,0,1,3.17412672174286
48505,0.9355670103092784,1.0420952682386455,1.1116193961573653,beta,TX,2020-09-20,1,11.8733569257635,61.92013931274414,2020,8.7,13.3,0.1352892485974432,0.2674259681093394,0.0970387243735763,0.034406,0.0573115415076679,0,0,1,0.0090180360721442,0.0120240480961923,0.0040080160320641,True,False,False,False,False,False,False,False,False,False,0,0,0,0,0,1,11.8733569257635
48507,1.0509461426491993,1.065743944636678,0.0,beta,TX,2020-09-20,1,5.03889064704431,22.5546875,2020,7.3,14.8,0.1168046248850348,0.1337654684737772,0.0374189746611667,0.044573,0.0591520165460186,0,1,0,0.007710100231303,0.0061680801850424,0.0,True,False,False,False,False,False,False,False,False,False,0,0,0,0,0,1,5.03889064704431
34001,0.9853374035321284,1.0061630322817188,0.9300466051357033,henri,NJ,2021-08-22,1,11.9518177128677,86.3062515258789,2021,5.3,18.2,0.1044938907493982,0.0501439060763509,0.1300473987670621,0.066473,0.5422206356953966,0,0,0,0.2810810810810811,0.1585585585585585,0.1243243243243243,False,False,False,False,False,True,False,False,False,False,0,0,1,0,0,0,11.9518177128677
34003,1.0339558216002025,1.0332967287231112,1.0013943930720683,henri,NJ,2021-08-22,1,15.0070647015772,27.712499618530273,2021,5.2,17.2,0.0470830678290107,0.0882658299729833,0.0798883771087032,0.109497,0.5356302812922451,0,1,0,1.6163793103448276,1.896551724137931,0.8491379310344828,False,False,False,False,False,True,False,False,False,False,0,0,1,0,0,0,15.0070647015772
34005,0.9939093849741544,1.0088862627877608,0.9877282250823106,henri,NJ,2021-08-22,1,12.1230165677826,52.17916488647461,2021,5.1,17.0,0.0813240347392382,0.0203074245939675,0.0453770301624129,0.095935,0.6376607630017754,0,0,0,0.2240300375469336,0.195244055068836,0.0826032540675844,False,False,False,False,False,True,False,False,False,False,0,0,1,0,0,0,12.1230165677826
34007,1.0006941001487355,1.0206733978638185,1.0035505430242273,henri,NJ,2021-08-22,1,11.2129930084484,108.09375,2021,6.0,15.6,0.1064609616831304,0.0458669943485038,0.1049258907580519,0.075485,0.5334899758350287,0,0,0,1.2669683257918551,0.6515837104072398,0.3529411764705882,False,False,False,False,False,True,False,False,False,False,0,0,1,0,0,0,11.2129930084484
34009,0.9094512351045876,0.9556992867585168,0.9471592581689728,henri,NJ,2021-08-22,1,11.288716154258,195.3984375,2021,4.4,26.8,0.1082496591049956,0.0147244525982225,0.0655452574396607,0.076237,0.8402002876247862,0,0,0,0.2669322709163346,0.147410358565737,0.147410358565737,False,False,False,False,False,True,False,False,False,False,0,0,1,0,0,0,11.288716154258
34011,0.9718806941815415,0.9874310010443084,1.0345735345735343,henri,NJ,2021-08-22,1,10.6264722708911,212.75694274902344,2021,6.2,15.2,0.1145794946925641,0.0684170955988664,0.1019991132188228,0.058397,0.4269033162073797,0,0,0,0.1718426501035196,0.0910973084886128,0.0559006211180124,False,False,False,False,False,True,False,False,False,False,0,0,1,0,0,0,10.6264722708911
34013,1.0025107809814078,1.0009908065579658,0.98937627932942,henri,NJ,2021-08-22,1,14.1370114694081,25.21875,2021,6.5,13.6,0.0878531426125419,0.1025184241238179,0.2205986092915449,0.067826,0.2722211159068595,0,0,0,3.4682539682539684,1.9285714285714288,0.8412698412698413,False,False,False,False,False,True,False,False,False,False,0,0,1,0,0,0,14.1370114694081
34015,1.0197789492519236,1.016781681304893,0.9997327173103724,henri,NJ,2021-08-22,1,10.6215305744774,162.76040649414062,2021,5.1,15.9,0.0878044662079446,0.0127550553573062,0.0504986732546436,0.093208,0.7454828742879448,0,0,0,0.3385093167701863,0.2360248447204969,0.1770186335403726,False,False,False,False,False,True,False,False,False,False,0,0,1,0,0,0,10.6215305744774
34017,0.999644888501008,1.0048000043218943,1.0,henri,NJ,2021-08-22,1,15.012402915887,58.3125,2021,6.8,11.9,0.0599294376684957,0.1378769021892855,0.3237575663291282,0.079795,0.2849263437878525,0,0,0,8.73913043478261,3.3260869565217392,1.7173913043478262,False,False,False,False,False,True,False,False,False,False,0,0,1,0,0,0,15.012402915887
34019,1.0180831490326536,0.9641617468181682,0.9785060540848868,henri,NJ,2021-08-22,1,11.6297193761614,31.22916603088379,2021,4.2,18.8,0.0565014266453453,0.0124961715160796,0.0291781521184277,0.12337300000000001,0.8117055844649352,0,0,0,0.1077283372365339,0.1522248243559719,0.0843091334894613,False,False,False,False,False,True,False,False,False,False,0,0,1,0,0,0,11.6297193761614
34021,1.0185224330180205,0.9988912279267496,1.0264340598269948,henri,NJ,2021-08-22,1,12.2402435433683,34.57500076293945,2021,5.5,15.3,0.0756518996796521,0.0684977464008051,0.1118850008022521,0.085687,0.4352248670418753,1,0,0,0.71875,0.6205357142857143,0.2455357142857142,False,False,False,False,False,True,False,False,False,False,0,0,1,0,0,0,12.2402435433683
34023,1.011337912028557,1.003228953000064,0.9965607755977928,henri,NJ,2021-08-22,1,13.4528308589789,51.76041793823242,2021,5.6,15.1,0.0634051778354901,0.0783323036850278,0.0812275634068557,0.096883,0.3859738959778118,0,0,0,1.168284789644013,0.9449838187702264,0.4627831715210356,False,False,False,False,False,True,False,False,False,False,0,0,1,0,0,0,13.4528308589789
34025,0.988463879974823,0.9930428875332222,0.9959508626423068,henri,NJ,2021-08-22,1,14.1560168638617,47.8359375,2021,4.9,17.7,0.0687721679553368,0.0318321938029637,0.0653421238022714,0.110356,0.715994810562215,0,0,0,0.5747863247863247,0.4594017094017094,0.2756410256410256,False,False,False,False,False,True,False,False,False,False,0,0,1,0,0,0,14.1560168638617
34027,1.0170964937699216,1.027436804482264,1.0986623160052842,henri,NJ,2021-08-22,1,12.8168060228142,16.912500381469727,2021,5.0,17.0,0.0519120560619803,0.0444379234914368,0.0490369738035533,0.123727,0.6699097754695308,0,0,1,0.3630434782608696,0.5434782608695652,0.2782608695652174,False,False,False,False,False,True,False,False,False,False,0,0,1,0,0,0,12.8168060228142
34029,0.958661144770995,0.9997184941090752,0.9559142114384752,henri,NJ,2021-08-22,1,13.5913961456292,40.53125,2021,7.1,22.2,0.0774825395750826,0.0168763592157456,0.0599968872119093,0.076644,0.8169402208625157,0,0,0,0.3455414012738853,0.2277070063694267,0.1719745222929936,False,False,False,False,False,True,False,False,False,False,0,0,1,0,0,0,13.5913961456292
34031,1.0023193505818373,1.0227170015968183,0.9999354797083684,henri,NJ,2021-08-22,1,13.8410119709907,22.16666603088379,2021,6.6,14.6,0.0567889534017435,0.1320862868396111,0.1523697099368342,0.078386,0.3883514781022594,0,0,0,1.6666666666666667,1.086021505376344,0.521505376344086,False,False,False,False,False,True,False,False,False,False,0,0,1,0,0,0,13.8410119709907
34033,1.0005345092536917,0.9508548937476304,1.0089728904161894,henri,NJ,2021-08-22,1,10.1109675679928,308.3046875,2021,5.4,18.5,0.1214684033993867,0.0254110612855007,0.0956651718983557,0.067898,0.6983512500578374,0,0,0,0.0876132930513595,0.0906344410876132,0.0332326283987915,False,False,False,False,False,True,False,False,False,False,0,0,1,0,0,0,10.1109675679928
34035,1.0111484959574149,1.024570471583249,1.018107601395448,henri,NJ,2021-08-22,1,12.6205484969318,37.03125,2021,5.0,15.8,0.0482602738208235,0.0506369502963394,0.0453323548415401,0.121695,0.5136972617058672,0,0,0,0.4119601328903654,0.4119601328903654,0.1827242524916943,False,False,False,False,False,True,False,False,False,False,0,0,1,0,0,0,12.6205484969318
34037,1.0008099039685294,0.9608664307609336,0.954845112355568,henri,NJ,2021-08-22,1,12.1702731638114,19.193750381469727,2021,4.5,17.6,0.0786380472131732,0.013501561343658,0.0353242721250518,0.101645,0.8199014013215828,0,0,0,0.0926640926640926,0.1409266409266409,0.0598455598455598,False,False,False,False,False,True,False,False,False,False,0,0,1,0,0,0,12.1702731638114
34039,1.0049039038698937,1.0061785746209833,1.0183260393873084,henri,NJ,2021-08-22,1,13.8637984089278,39.0,2021,6.2,14.3,0.0607284586761885,0.1165909342790646,0.1068632686165657,0.087369,0.3671623113088668,0,0,0,2.627450980392157,2.0980392156862746,0.9705882352941176,False,False,False,False,False,True,False,False,False,False,0,0,1,0,0,0,13.8637984089278
34041,1.0121571725705811,1.0035095086687864,1.01172867434657,henri,NJ,2021-08-22,1,11.264251136247,27.625,2021,4.5,18.3,0.0825164854749599,0.0250976272579871,0.0613624426225764,0.085163,0.7685256129597198,0,0,0,0.095505617977528,0.2162921348314606,0.1039325842696629,False,False,False,False,False,True,False,False,False,False,0,0,1,0,0,0,11.264251136247
22001,1.049284910144686,0.9925272679238636,1.0495121069750633,zeta,LA,2020-10-28,2,14.5802707135972,50.52840805053711,2020,6.8,15.3,0.1595664341877304,0.0123869171885873,0.0819763395963813,0.042368,0.7662046686119216,1,0,0,0.0671755725190839,0.0702290076335877,0.0229007633587786,False,False,False,False,False,False,False,False,False,True,1,0,0,0,0,0,29.1605414271944
22003,1.050798449102977,0.9920432520656944,1.1319148936170214,zeta,LA,2020-10-28,2,11.9415980427908,43.36538314819336,2020,6.0,14.2,0.1575384615384615,0.0023416157148432,0.0803954728762846,0.047659999999999994,0.6657582417582417,0,0,0,0.0183727034120734,0.0262467191601049,0.0104986876640419,False,False,False,False,False,False,False,False,False,True,1,0,0,0,0,0,23.8831960855816
22005,1.0312260557671595,1.0298519709351266,1.0082080924855492,zeta,LA,2020-10-28,2,28.169203602202,58.01249694824219,2020,6.8,11.9,0.1040222325516995,0.0170594092266843,0.0331231330899435,0.086256,0.629604743083004,0,0,0,0.1591695501730103,0.2179930795847751,0.1557093425605536,False,False,False,False,False,False,False,False,False,True,1,0,0,0,0,0,56.338407204404
22007,1.028885630498534,1.1094040302986996,1.1386522075910146,zeta,LA,2020-10-28,2,29.7367213892009,78.015625,2020,5.3,18.8,0.1317149081854964,0.0071178670527204,0.0960308843044999,0.042831,0.6454679404914683,0,1,1,0.0494186046511627,0.0319767441860465,0.005813953488372,False,False,False,False,False,False,False,False,False,True,1,0,0,0,0,0,59.4734427784018
22009,1.0316634626258057,1.0533864998995954,1.030989272943981,zeta,LA,2020-10-28,2,13.1157663475948,77.82083129882812,2020,6.5,16.5,0.2292312126233878,0.0091374775024228,0.0909594351377544,0.037903,0.6357796084952007,0,1,0,0.0312876052948255,0.0373044524669073,0.01323706377858,False,False,False,False,False,False,False,False,False,True,1,0,0,0,0,0,26.2315326951896
22011,1.049300466355763,0.9805038870120882,1.16497999529301,zeta,LA,2020-10-28,2,10.7169281635269,103.22825622558594,2020,6.7,15.6,0.1551278368284975,0.0042690233672858,0.0641851408028759,0.05713,0.7945224219540891,0,0,0,0.0121002592912705,0.0164217804667242,0.0060501296456352,False,False,False,False,False,False,False,False,False,True,1,0,0,0,0,0,21.4338563270538
22013,1.0311193683232698,1.0875431778929183,0.8883116883116883,zeta,LA,2020-10-28,2,8.03481094833715,176.70416259765625,2020,5.8,20.4,0.1556653352953542,0.0022918258212375,0.1048510313216195,0.032328,0.5316231415145212,0,0,0,0.0123304562268803,0.0234278668310727,0.002466091245376,False,False,False,False,False,False,False,False,False,True,1,0,0,0,0,0,16.0696218966743
22015,1.037430197820429,1.0083189958936525,0.9221880941933596,zeta,LA,2020-10-28,2,7.06293279879235,180.33035278320312,2020,6.7,14.1,0.1032954545454545,0.0172835377959831,0.0530627599322869,0.058289,0.6134714864927843,1,0,0,0.066746126340882,0.067938021454112,0.0381406436233611,False,False,False,False,False,False,False,False,False,True,1,0,0,0,0,0,14.1258655975847
22017,1.0253017096025914,1.0085159973244893,1.0596971311686747,zeta,LA,2020-10-28,2,6.94759400892111,137.4326934814453,2020,6.5,17.2,0.1282720916435173,0.0056409114525346,0.1004760844440203,0.043153,0.4276975211059163,0,0,0,0.1308304891922639,0.1626848691695108,0.0637087599544937,False,False,False,False,False,False,False,False,False,True,1,0,0,0,0,0,13.89518801784222
22019,1.0329581388345128,1.036160015877834,1.0125762124065405,zeta,LA,2020-10-28,2,11.7170792499433,85.90937805175781,2020,7.1,14.8,0.1083426447726389,0.0143044943966471,0.0555128922672428,0.05947,0.6324699587148558,0,0,0,0.1033834586466165,0.2030075187969924,0.0789473684210526,False,False,False,False,False,False,False,False,False,True,1,0,0,0,0,0,23.4341584998866
22021,1.0368080921607197,1.611717765644687,1.072214076246334,zeta,LA,2020-10-28,2,9.93757227731943,33.284088134765625,2020,6.0,18.2,0.1284851968956596,0.0005767012687427,0.0908304498269896,0.041860999999999995,0.7828926905132193,0,1,0,0.0207939508506616,0.0207939508506616,0.0037807183364839,False,False,False,False,False,False,False,False,False,True,1,0,0,0,0,0,19.87514455463886
22023,1.1890061740689104,1.059009483667018,0.0,zeta,LA,2020-10-28,2,13.1872991961351,76.61492156982422,2020,6.8,15.9,0.1107784431137724,0.0482851985559566,0.0117328519855595,0.064525,0.9211322770162008,1,0,0,0.0046728971962616,0.0062305295950155,0.0,False,False,False,False,False,False,False,False,False,True,1,0,0,0,0,0,26.3745983922702
22025,1.0429696122433962,0.9722158013961444,1.7091836734693877,zeta,LA,2020-10-28,2,11.6796634474159,56.31875228881836,2020,5.7,16.4,0.1247408431237042,0.0,0.0909983633387888,0.042232,0.6442847518526836,0,0,1,0.0098870056497175,0.0098870056497175,0.001412429378531,False,False,False,False,False,False,False,False,False,True,1,0,0,0,0,0,23.3593268948318
22027,0.9595607460345128,1.199017869322057,1.47887323943662,zeta,LA,2020-10-28,2,7.4347834034138,185.5892791748047,2020,4.7,19.1,0.1093682388576373,0.0059500198333994,0.1025386751289171,0.029574000000000003,0.4985179957657022,0,1,1,0.0106100795755968,0.0145888594164456,0.0013262599469496,False,False,False,False,False,False,False,False,False,True,1,0,0,0,0,0,14.8695668068276
22029,1.0643816581750811,1.0068955811989866,1.087769784172662,zeta,LA,2020-10-28,2,13.0712772500389,105.42308044433594,2020,6.1,17.6,0.185,0.0019129603060736,0.1194006057707635,0.036156999999999995,0.543532937336116,0,0,1,0.0272596843615494,0.0258249641319942,0.0114777618364418,False,False,False,False,False,False,False,False,False,True,1,0,0,0,0,0,26.1425545000778
22031,0.9828933785577344,1.0015755277320766,0.827416712179137,zeta,LA,2020-10-28,2,7.71127513288351,186.3194580078125,2020,6.2,17.7,0.1644681586878118,0.0068843430369787,0.1022816679779701,0.045363999999999995,0.5640011934954497,0,0,0,0.0159817351598173,0.026255707762557,0.0045662100456621,False,False,False,False,False,False,False,False,False,True,1,0,0,0,0,0,15.42255026576702
22033,0.9966680195954426,1.0452869645758034,0.983640487422062,zeta,LA,2020-10-28,2,21.580156997896,74.875,2020,6.4,14.4,0.1142875454915314,0.0209630636887288,0.0804731863039761,0.058167,0.418920664388405,0,0,0,0.5076923076923077,0.4505494505494505,0.3142857142857143,False,False,False,False,False,False,False,False,False,True,1,0,0,0,0,0,43.160313995792
22035,0.8383561643835615,0.9489688919958056,0.9677419354838712,zeta,LA,2020-10-28,2,10.2737964343239,66.19444274902344,2020,4.9,15.8,0.1151919866444073,0.0,0.1450519656574785,0.025049,0.2726907092103499,0,0,0,0.0142857142857142,0.0142857142857142,0.0023809523809523,False,False,False,False,False,False,False,False,False,True,1,0,0,0,0,0,20.5475928686478
22037,1.0605490786009777,1.077592254805669,0.6067961165048543,zeta,LA,2020-10-28,2,19.5697667342746,132.79861450195312,2020,4.7,18.3,0.1126737396167448,0.0,0.086963190184049,0.058125,0.5840114642509852,0,1,0,0.0154525386313465,0.0419426048565121,0.0066225165562913,False,False,False,False,False,False,False,False,False,True,1,0,0,0,0,0,39.1395334685492
22039,0.9689367376166724,1.0416174036415229,1.04542626011201,zeta,LA,2020-10-28,2,12.9417909979089,46.94270706176758,2020,6.8,15.2,0.2088710012032695,0.0172242464392182,0.1063265982113282,0.032465,0.6541576506955178,0,0,0,0.0422960725075528,0.0287009063444108,0.0075528700906344,False,False,False,False,False,False,False,False,False,True,1,0,0,0,0,0,25.8835819958178
22041,1.1609208699676077,1.0389019121607224,1.0769548174128325,zeta,LA,2020-10-28,2,10.8077521058315,29.19318199157715,2020,6.7,18.0,0.1032180152021027,0.0020607226267344,0.0449237532628108,0.03825,0.6286032163446951,1,0,1,0.0224358974358974,0.0336538461538461,0.0080128205128205,False,False,False,False,False,False,False,False,False,True,1,0,0,0,0,0,21.615504211663
22043,1.0253148454395116,1.052087827251879,1.0256410256410255,zeta,LA,2020-10-28,2,10.148843824769,69.46875,2020,5.6,14.6,0.1413355182302335,0.0003040900106431,0.0776949977193249,0.052779000000000006,0.7523117867292165,0,0,0,0.0217729393468118,0.0186625194401244,0.0015552099533437,False,False,False,False,False,False,False,False,False,True,1,0,0,0,0,0,20.297687649538
22045,1.09337412222763,1.0311600761945934,1.0492369186046513,zeta,LA,2020-10-28,2,20.9188275142169,48.537498474121094,2020,6.9,15.2,0.1376856890719223,0.0141963516499981,0.1030827433794059,0.052278,0.5515880392970013,1,0,0,0.0994764397905759,0.0820244328097731,0.0349040139616055,False,False,False,False,False,False,False,False,False,True,1,0,0,0,0,0,41.8376550284338
22047,0.9539433710049824,1.0458393019924468,0.959680106631123,zeta,LA,2020-10-28,2,21.4702054711643,83.03645324707031,2020,5.3,15.9,0.1237355916254998,0.0083234244946492,0.0845147717918229,0.052994,0.4838464336496809,0,0,0,0.0404530744336569,0.0323624595469255,0.0161812297734627,False,False,False,False,False,False,False,False,False,True,1,0,0,0,0,0,42.9404109423286
22049,1.1037723866378764,1.0858219115911774,0.590256089943785,zeta,LA,2020-10-28,2,8.75392476416931,121.28845977783205,2020,5.3,20.3,0.1612189963468563,0.0096942580164056,0.1070096942580164,0.041298,0.6583726964273834,1,1,0,0.0193321616871704,0.0140597539543057,0.0035149384885764,False,False,False,False,False,False,False,False,False,True,1,0,0,0,0,0,17.50784952833862
22051,1.0160671183877628,1.0625203611707248,1.031925268182518,zeta,LA,2020-10-28,2,27.0240231509395,138.578125,2020,6.4,17.3,0.1162736154001124,0.0509791145100997,0.0720818043600032,0.058637999999999996,0.472763118192481,0,0,0,0.6233333333333333,0.6633333333333333,0.4433333333333333,False,False,False,False,False,False,False,False,False,True,1,0,0,0,0,0,54.048046301879
22053,0.9741136465921024,0.9213748469476998,1.0123828647925035,zeta,LA,2020-10-28,2,13.14305323032,38.46875,2020,6.8,16.1,0.1392768938013684,0.0030834287727953,0.0608756937714738,0.045578,0.7706976744186047,0,0,0,0.0337941628264208,0.0522273425499231,0.0076804915514592,False,False,False,False,False,False,False,False,False,True,1,0,0,0,0,0,26.28610646064
22055,1.040674155719682,1.0420043713275586,1.019795320232547,zeta,LA,2020-10-28,2,16.5542194285611,34.5625,2020,6.6,13.4,0.0836350735132991,0.0203436986831508,0.0703818758040729,0.063311,0.6224328136569143,1,0,0,0.5708955223880597,0.6417910447761194,0.373134328358209,False,False,False,False,False,False,False,False,False,True,1,0,0,0,0,0,33.1084388571222
22057,1.1292736807333388,1.1022769137127388,1.1050295857988164,zeta,LA,2020-10-28,2,31.0255258642215,174.79061889648438,2020,6.2,15.6,0.1341665788641871,0.0151323739426562,0.0752499176095792,0.058747,0.7249300408991667,1,0,1,0.0459231490159325,0.0674789128397375,0.0290534208059981,False,False,False,False,False,False,False,False,False,True,1,0,0,0,0,0,62.051051728443
22059,0.9975516146109054,1.0591870601026188,1.1067503924646782,zeta,LA,2020-10-28,2,10.8072668166196,50.403846740722656,2020,5.8,16.8,0.1025491906561985,0.0019854401058901,0.0472093536289433,0.052205,0.7614765735920492,0,1,0,0.016025641025641,0.0256410256410256,0.0064102564102564,False,False,False,False,False,False,False,False,False,True,1,0,0,0,0,0,21.6145336332392
22061,1.0497124518060612,1.1127366817401398,0.9974541751527498,zeta,LA,2020-10-28,2,8.12275768100002,189.38392639160156,2020,5.4,13.6,0.1076498219171011,0.0222234756613458,0.0892887359693158,0.038458,0.5304570625671543,0,1,0,0.0467091295116772,0.0658174097664543,0.0297239915074309,False,False,False,False,False,False,False,False,False,True,1,0,0,0,0,0,16.24551536200004
22063,1.017501946151988,1.0345969283472318,0.937129593046227,zeta,LA,2020-10-28,2,27.4859287332686,59.8125,2020,6.5,13.2,0.0962076025994836,0.010046622931881,0.0403515286545364,0.071547,0.8073825220337078,0,0,0,0.1018518518518518,0.1157407407407407,0.0293209876543209,False,False,False,False,False,False,False,False,False,True,1,0,0,0,0,0,54.9718574665372
22065,2.184278350515464,0.9818421437985064,0.8394160583941606,zeta,LA,2020-10-28,2,11.2709281902863,52.28125,2020,6.7,14.4,0.1730887792848335,0.0032509752925877,0.1274382314694408,0.036875,0.3408206049715483,1,0,0,0.0032051282051282,0.0256410256410256,0.0032051282051282,False,False,False,False,False,False,False,False,False,True,1,0,0,0,0,0,22.5418563805726
22067,1.0864554114477738,1.075954714430551,1.0995418575593503,zeta,LA,2020-10-28,2,8.96354122748763,52.57954406738281,2020,6.6,19.0,0.1212997162892778,0.0048701298701298,0.1069264069264069,0.033758,0.4768036208982013,1,1,0,0.0277078085642317,0.017632241813602,0.008816120906801,False,False,False,False,False,False,False,False,False,True,1,0,0,0,0,0,17.92708245497526
22069,0.9896896333309873,1.0141105733723752,1.4022589052997394,zeta,LA,2020-10-28,2,8.99120649332579,114.31510162353516,2020,6.2,16.6,0.1075261299681896,0.001961496549219,0.0944424264438794,0.033965,0.503745168599227,0,0,1,0.0255387071029529,0.0239425379090183,0.0063846767757382,False,False,False,False,False,False,False,False,False,True,1,0,0,0,0,0,17.98241298665158
22071,1.1162540724754817,1.1394625528738491,1.006026714023918,zeta,LA,2020-10-28,2,30.1988017779987,101.69791412353516,2020,5.7,15.2,0.1074037928061016,0.0162275043745928,0.1777745136857701,0.045594,0.3161092404367742,1,1,0,1.242603550295858,0.9171597633136096,0.3727810650887574,False,False,False,False,False,False,False,False,False,True,1,0,0,0,0,0,60.3976035559974
22073,1.0172489804915683,0.9966429649481956,1.032267275842376,zeta,LA,2020-10-28,2,9.04763191647292,60.83124923706055,2020,6.6,14.9,0.0960643977857119,0.0049236660797018,0.0892756398201494,0.046021,0.5451586351391798,0,0,0,0.1557377049180328,0.1475409836065573,0.0704918032786885,False,False,False,False,False,False,False,False,False,True,1,0,0,0,0,0,18.09526383294584
22075,0.9918378576669112,1.081777455524769,1.1624026696329253,zeta,LA,2020-10-28,2,28.8386094173155,248.3409118652344,2020,5.9,13.5,0.118204627822693,0.0263714392337355,0.0643114815275531,0.06997,0.5853285137146502,0,0,0,0.0153846153846153,0.0243589743589743,0.0153846153846153,False,False,False,False,False,False,False,False,False,True,1,0,0,0,0,0,57.677218834631
22077,1.0607651038021926,1.0550596129650711,1.369500496195832,zeta,LA,2020-10-28,2,16.5591641837241,78.625,2020,5.4,20.8,0.2157891328281847,0.0101363581513213,0.0605768070471823,0.050431,0.5898930532806629,1,0,1,0.0323741007194244,0.0341726618705036,0.014388489208633,False,False,False,False,False,False,False,False,False,True,1,0,0,0,0,0,33.1183283674482
22079,1.0079637419478031,1.0303465656452155,0.9612285524694284,zeta,LA,2020-10-28,2,11.1762804097888,90.65760803222656,2020,6.7,16.0,0.1380755679747296,0.0111611272121847,0.094571540153337,0.049639,0.5869961468355599,0,0,0,0.0628787878787878,0.075,0.028030303030303,False,False,False,False,False,False,False,False,False,True,1,0,0,0,0,0,22.3525608195776
22081,0.9924700654240216,0.9940526762956668,0.8161553211888785,zeta,LA,2020-10-28,2,8.08143917049236,180.8645782470703,2020,6.4,18.7,0.1622890937554357,0.0,0.0653571428571428,0.041227,0.5446194225721784,0,0,0,0.0257731958762886,0.0206185567010309,0.0103092783505154,False,False,False,False,False,False,False,False,False,True,1,0,0,0,0,0,16.16287834098472
22083,1.043893885400758,1.0726313180645255,0.9793187347931872,zeta,LA,2020-10-28,2,9.90656227485441,32.17499923706055,2020,6.3,17.4,0.1248621830209481,0.0072202166064981,0.0623437933907248,0.042956,0.5820984882502619,0,1,0,0.0234234234234234,0.0342342342342342,0.0108108108108108,False,False,False,False,False,False,False,False,False,True,1,0,0,0,0,0,19.81312454970882
22085,1.0035619260149344,1.0044544878151875,1.056447436561367,zeta,LA,2020-10-28,2,8.63215842996183,185.99012756347656,2020,5.8,20.6,0.1391027991688057,0.0059801459155603,0.0771438823107283,0.039975000000000004,0.6702775897088693,0,0,0,0.0196304849884526,0.0207852193995381,0.0046189376443418,False,False,False,False,False,False,False,False,False,True,1,0,0,0,0,0,17.26431685992366
22087,1.0642422004799703,1.01993397913269,1.170922809053976,zeta,LA,2020-10-28,2,27.8856833446244,227.0249938964844,2020,7.0,11.6,0.1582112306258999,0.0085961737331954,0.0712254395036194,0.052537999999999994,0.5293163330591354,0,0,0,0.0371352785145888,0.0822281167108753,0.0371352785145888,False,False,False,False,False,False,False,False,False,True,1,0,0,0,0,0,55.7713666892488
22089,1.1128965730588114,1.0824508891515958,0.8763693270735523,zeta,LA,2020-10-28,2,35.6918044154083,84.66667175292969,2020,5.5,13.7,0.1187711022245636,0.0130901287553648,0.034763948497854,0.072088,0.6224285904584292,1,0,0,0.1155234657039711,0.1191335740072202,0.0469314079422382,False,False,False,False,False,False,False,False,False,True,1,0,0,0,0,0,71.3836088308166
22091,1.057123542335643,1.0580731026423424,0.0,zeta,LA,2020-10-28,2,23.1425048995895,132.48959350585938,2020,5.4,19.5,0.2169542013156261,0.0072663492858932,0.0959659233274868,0.040857,0.4115384615384615,0,0,0,0.0245098039215686,0.0318627450980392,0.0,False,False,False,False,False,False,False,False,False,True,1,0,0,0,0,0,46.285009799179
22093,1.0010291705528578,1.0383753973605627,1.144156752974108,zeta,LA,2020-10-28,2,33.8122825677915,73.96875,2020,5.8,17.6,0.0830371567043618,0.0042872454448017,0.0870846730975348,0.056207,0.4911351030110935,0,0,1,0.0675105485232067,0.0675105485232067,0.0168776371308016,False,False,False,False,False,False,False,False,False,True,1,0,0,0,0,0,67.624565135583
22095,1.0606200832947708,1.1735493386182425,1.1559515844535,zeta,LA,2020-10-28,2,34.1953857546782,76.73958587646484,2020,6.3,14.5,0.1083847028547489,0.012442914818982,0.0352108015090343,0.060743000000000005,0.3142406478800292,0,1,0,0.102803738317757,0.1214953271028037,0.0327102803738317,False,False,False,False,False,False,False,False,False,True,1,0,0,0,0,0,68.3907715093564
22097,0.96888470494971,1.0284582603466756,1.0023996015755876,zeta,LA,2020-10-28,2,14.9983884062194,45.96875,2020,7.2,16.1,0.1143301143301143,0.0343515207191837,0.0898651530562026,0.041068,0.5236854858250545,0,0,0,0.0714285714285714,0.0844155844155844,0.0248917748917748,False,False,False,False,False,False,False,False,False,True,1,0,0,0,0,0,29.9967768124388
22099,1.0130607433145125,1.0308516102921716,1.1274804570054118,zeta,LA,2020-10-28,2,20.3393666554479,49.35416793823242,2020,6.4,15.4,0.1061332939700347,0.0282540819982597,0.074218150176588,0.046710999999999996,0.6359070450286862,0,0,0,0.0610583446404341,0.073270013568521,0.0203527815468114,False,False,False,False,False,False,False,False,False,True,1,0,0,0,0,0,40.6787333108958
22101,0.998767538869928,1.0443713049308223,1.020686758374462,zeta,LA,2020-10-28,2,26.1800171256098,77.25446319580078,2020,6.7,16.8,0.1514587377995266,0.0450848370589819,0.1045515755453811,0.043097,0.5330121847548881,0,0,0,0.0972972972972973,0.0648648648648648,0.045045045045045,False,False,False,False,False,False,False,False,False,True,1,0,0,0,0,0,52.3600342512196
22103,1.1393113971722155,1.0948058625958654,0.9974946737157736,zeta,LA,2020-10-28,2,35.3112152607221,76.57421875,2020,5.9,17.1,0.1217885202422058,0.0165469871995004,0.0388949875620637,0.07098600000000001,0.7262501417394263,1,0,0,0.1005917159763313,0.1455621301775148,0.0852071005917159,False,False,False,False,False,False,False,False,False,True,1,0,0,0,0,0,70.6224305214442
22105,1.0702436792129046,1.025426043674219,1.0442040017398868,zeta,LA,2020-10-28,2,30.8063927609712,103.52083587646484,2020,7.0,14.6,0.1738794211752423,0.0105187022112006,0.0596197561479644,0.050658999999999996,0.5994803127135637,1,0,0,0.0771175726927939,0.1150442477876106,0.0493046776232617,False,False,False,False,False,False,False,False,False,True,1,0,0,0,0,0,61.6127855219424
22107,1.049723756906077,1.0624417520969247,0.0,zeta,LA,2020-10-28,2,12.1402633205317,50.84895706176758,2020,5.3,25.2,0.0735343951202982,0.0066577896138482,0.0865512649800266,0.032962000000000005,0.4166867615143477,0,0,0,0.011608623548922,0.011608623548922,0.0,False,False,False,False,False,False,False,False,False,True,1,0,0,0,0,0,24.2805266410634
22109,1.0195056436236098,1.0595069889488824,0.9736924645181526,zeta,LA,2020-10-28,2,36.105440664736,183.2435302734375,2020,6.7,14.6,0.1436453109840913,0.0165633937082936,0.0896568160152526,0.05794,0.6278700492790655,0,0,0,0.0528885272579332,0.0691619202603743,0.0447518307567127,False,False,False,False,False,False,False,False,False,True,1,0,0,0,0,0,72.210881329472
22111,1.1027545360533983,0.9746443433659152,1.0214044310927528,zeta,LA,2020-10-28,2,8.11495321639691,151.38671875,2020,5.6,20.4,0.137597911227154,0.0018255313600208,0.0665014995436171,0.044192,0.6769792012128678,1,0,0,0.0216894977168949,0.0182648401826484,0.0034246575342465,False,False,False,False,False,False,False,False,False,True,1,0,0,0,0,0,16.22990643279382
22113,1.0641295684845726,1.063124803012793,1.003880793732152,zeta,LA,2020-10-28,2,17.0992202953345,58.26420593261719,2020,6.3,15.3,0.1437734425283529,0.0245597775718257,0.0852641334569045,0.056347,0.7674471312261372,0,0,0,0.0306905370843989,0.0332480818414322,0.0093776641091219,False,False,False,False,False,False,False,False,False,True,1,0,0,0,0,0,34.198440590669
22115,1.046718210231946,1.0471825318016952,0.9600269481248596,zeta,LA,2020-10-28,2,10.0339554692699,117.70738220214844,2020,7.9,12.3,0.1701453426368871,0.0108324161501477,0.0802293923420031,0.053215000000000005,0.6892102564102565,1,0,0,0.0113122171945701,0.0301659125188536,0.0075414781297134,False,False,False,False,False,False,False,False,False,True,1,0,0,0,0,0,20.0679109385398
22117,1.0835716555449637,1.0678225714017775,1.1343181373508122,zeta,LA,2020-10-28,2,32.5343279650279,72.03408813476562,2020,6.4,18.2,0.1906194905465378,0.0130131859273334,0.1035296827316174,0.039168,0.650814948419594,1,0,0,0.0448430493273542,0.046337817638266,0.0134529147982062,False,False,False,False,False,False,False,False,False,True,1,0,0,0,0,0,65.0686559300558
22119,1.018163534661555,1.0252829633985008,1.1062034739454092,zeta,LA,2020-10-28,2,7.25195357862442,176.93124389648438,2020,6.1,19.5,0.1258756728854804,0.002697053469085,0.0881936484390803,0.031197,0.610111721264912,0,0,1,0.0337268128161888,0.0809443507588532,0.0252951096121416,False,False,False,False,False,False,False,False,False,True,1,0,0,0,0,0,14.50390715724884
22121,1.0052464858443872,1.090551432958035,1.4082969432314414,zeta,LA,2020-10-28,2,20.2670135149053,100.9375,2020,6.5,13.9,0.0983209948226641,0.0076852136489394,0.043652013525976,0.07239100000000001,0.51891613662267,0,1,1,0.0885416666666666,0.140625,0.0416666666666666,False,False,False,False,False,False,False,False,False,True,1,0,0,0,0,0,40.5340270298106
22123,0.9997083272568178,1.035669092059475,1.0465116279069768,zeta,LA,2020-10-28,2,9.66994703580569,55.4375,2020,5.2,18.8,0.1326754385964912,0.0,0.0332432432432432,0.04205,0.799815403548354,0,0,0,0.0306406685236768,0.0139275766016713,0.0027855153203342,False,False,False,False,False,False,False,False,False,True,1,0,0,0,0,0,19.33989407161138
22125,1.118046297418495,1.0996026608330731,1.0993975903614457,zeta,LA,2020-10-28,2,16.5764682077028,101.57292175292967,2020,4.2,15.0,0.080509859461815,0.0046728971962616,0.0464693665628245,0.06345,0.6913781841933377,1,0,0,0.0248138957816377,0.0272952853598014,0.0049627791563275,False,False,False,False,False,False,False,False,False,True,1,0,0,0,0,0,33.1529364154056
22127,1.085669781931464,1.0270202078124644,1.1431226765799258,zeta,LA,2020-10-28,2,9.30009716095755,71.89453125,2020,5.3,17.8,0.1559157569743081,0.0038087177316969,0.0933135844265763,0.04371,0.6178117048346056,0,0,1,0.0105263157894736,0.0147368421052631,0.0073684210526315,False,False,False,False,False,False,False,False,False,True,1,0,0,0,0,0,18.6001943219151
36001,1.0758247318973555,1.0459096892517492,1.0906197572288563,ida,NY,2021-09-02,2,17.3834385109106,296.65865326905623,2021,4.9,17.0,0.0846020364731689,0.0275555623537329,0.1239579668690823,0.07381,0.6698311566216079,1,0,1,0.346743295019157,0.2241379310344827,0.1666666666666666,False,False,False,False,False,False,True,False,False,False,0,0,0,1,0,0,34.7668770218212
36003,1.2508138777788111,1.1558363158121685,0.9938304721030042,ida,NY,2021-09-02,2,15.294676997633,1.4250000088941306,2021,5.1,19.0,0.126133295438397,0.0038989862635714,0.073960770199748,0.054375,0.9111201997589116,1,1,0,0.0252672497570456,0.0272108843537414,0.0136054421768707,False,False,False,False,False,False,True,False,False,False,0,0,0,1,0,0,30.589353995266
36005,1.0194260319522477,0.9966962869137704,1.0553201300714754,ida,NY,2021-09-02,2,20.432596618928,777.0625,2021,7.0,13.0,0.1274293857955381,0.175060421222235,0.596390071738213,0.043726,0.0888165176613108,0,0,1,26.5,4.214285714285714,3.238095238095238,False,False,False,False,False,False,True,False,False,False,0,0,0,1,0,0,40.865193237856
36007,1.1293821803658597,1.085056857208273,1.1465027765645477,ida,NY,2021-09-02,2,17.2107684750587,144.38461387017742,2021,5.1,19.0,0.1291214307706724,0.0167590181535461,0.1290740580765386,0.053982,0.7860410805151925,1,1,1,0.1687943262411347,0.1177304964539007,0.0695035460992907,False,False,False,False,False,False,True,False,False,False,0,0,0,1,0,0,34.4215369501174
36009,1.0074126499292255,1.0021120660288292,1.0240859469762609,ida,NY,2021-09-02,2,14.4879226530958,0.223958330694586,2021,5.6,19.3,0.128732120538814,0.0064787923275779,0.1079373184821115,0.053537,0.8768463954725993,0,0,0,0.0237003058103975,0.0443425076452599,0.0206422018348623,False,False,False,False,False,False,True,False,False,False,0,0,0,1,0,0,28.9758453061916
36011,0.9792884152629768,1.0159839708341496,1.0459616783895225,ida,NY,2021-09-02,2,14.9435804888299,3.897058836184442,2021,4.9,19.2,0.1073854760780324,0.0089204025617566,0.0978630244412495,0.059601999999999995,0.8697015003672227,0,0,0,0.0361794500723589,0.0593342981186685,0.0303907380607814,False,False,False,False,False,False,True,False,False,False,0,0,0,1,0,0,29.8871609776598
36013,1.0126243934534092,1.1721537376888074,1.0998995525522783,ida,NY,2021-09-02,2,13.5904641612562,0.1906250049360096,2021,5.3,20.2,0.1398633354233307,0.0194156456173421,0.1286145146088595,0.050408,0.8308435886790384,0,1,1,0.0669811320754717,0.0679245283018867,0.0386792452830188,False,False,False,False,False,False,True,False,False,False,0,0,0,1,0,0,27.1809283225124
36015,1.0504971663216482,0.9472655255628304,1.0262595902871152,ida,NY,2021-09-02,2,16.7603055488148,52.75,2021,5.4,18.8,0.1230568469129761,0.0070712678607953,0.099319171317535,0.058175,0.8266268954698864,0,0,0,0.113022113022113,0.085995085995086,0.0442260442260442,False,False,False,False,False,False,True,False,False,False,0,0,0,1,0,0,33.5206110976296
36017,1.0559536472037172,1.036487570168404,1.0928169254393447,ida,NY,2021-09-02,2,16.3756849867628,53.265625,2021,5.2,20.6,0.1552989052559179,0.0025312610742672,0.0850503720953779,0.055689999999999996,0.9138712409995764,1,0,1,0.0470324748040313,0.0212765957446808,0.0212765957446808,False,False,False,False,False,False,True,False,False,False,0,0,0,1,0,0,32.7513699735256
36019,1.0553478329559218,1.075636797534015,0.9840881272949816,ida,NY,2021-09-02,2,9.26119322357435,0.1603260864503681,2021,4.7,17.0,0.125343717442913,0.0029648846474566,0.0928379505234874,0.06247,0.8673396540711146,1,1,0,0.0530376084860173,0.0530376084860173,0.0241080038572806,False,False,False,False,False,False,True,False,False,False,0,0,0,1,0,0,18.5223864471487
36021,1.0250061896509035,1.0594656962811753,1.0348086312805167,ida,NY,2021-09-02,2,19.8981475021353,600.2443207725883,2021,3.9,24.2,0.1046414674819344,0.0117216990503437,0.0642110700520522,0.07306499999999999,0.8249959395809647,0,1,0,0.0899053627760252,0.0678233438485804,0.0268138801261829,False,False,False,False,False,False,True,False,False,False,0,0,0,1,0,0,39.7962950042706
36023,1.228735207100592,1.4556924968529523,1.145717463848721,ida,NY,2021-09-02,2,15.9469441407464,8.537500065285712,2021,5.1,16.2,0.1011886951554552,0.0035049288061336,0.0806133625410733,0.062162999999999996,0.8716486145826657,1,1,1,0.0542168674698795,0.0341365461847389,0.0341365461847389,False,False,False,False,False,False,True,False,False,False,0,0,0,1,0,0,31.8938882814928
36025,1.069293188127269,1.085409252669039,1.047700170357751,ida,NY,2021-09-02,2,18.0358632243227,317.551724486053,2021,3.8,24.6,0.1306113454637033,0.0061124033104343,0.0801103478119759,0.052757,0.8761623183172339,0,0,0,0.0332871012482662,0.0173370319001386,0.015256588072122,False,False,False,False,False,False,True,False,False,False,0,0,0,1,0,0,36.0717264486454
36027,1.0460773719472658,1.085385095218875,1.076544120838578,ida,NY,2021-09-02,2,20.577412414473,1066.062489841599,2021,4.6,17.7,0.0846036483058241,0.0231261466863561,0.0720544144627914,0.087112,0.6707929073268651,1,1,1,0.1572327044025157,0.1874213836477987,0.0729559748427673,False,False,False,False,False,False,True,False,False,False,0,0,0,1,0,0,41.154824828946
36029,1.1545481213810207,1.004538531318946,1.0149579720696276,ida,NY,2021-09-02,2,13.4792684429832,0.0284090908244252,2021,5.4,18.0,0.1033905613803283,0.0219816207847885,0.1225735863287219,0.06257800000000001,0.7107633750979842,1,0,0,0.4232245681381957,0.3310940499040307,0.1957773512476007,False,False,False,False,False,False,True,False,False,False,0,0,0,1,0,0,26.9585368859664
36031,0.7814455569461828,0.8111681916284159,0.7972371809880588,ida,NY,2021-09-02,2,10.7002092430423,1.3868243666365745,2021,3.9,23.5,0.117913112477683,0.0041364388443426,0.0926562301132747,0.061563,0.901902035793585,0,0,0,0.0161649944258639,0.0150501672240802,0.0089186176142697,False,False,False,False,False,False,True,False,False,False,0,0,0,1,0,0,21.4004184860846
36033,0.9689663104623684,0.9857729454629576,0.9068080357142856,ida,NY,2021-09-02,2,9.22180610051561,0.4577205863315612,2021,4.8,16.9,0.12872878832986,0.0041484833791282,0.1219761866278756,0.055279,0.8108295657659552,0,0,0,0.0233271945979128,0.0257826887661141,0.0116635972989564,False,False,False,False,False,False,True,False,False,False,0,0,0,1,0,0,18.44361220103122
36035,0.9630098008220044,0.9824303623346984,0.9451374745417512,ida,NY,2021-09-02,2,13.6805001623579,8.791666576638818,2021,5.0,19.6,0.1430360721442885,0.002210759027266,0.0986090641120117,0.055240000000000004,0.8823606631160453,0,0,0,0.0565656565656565,0.0444444444444444,0.0242424242424242,False,False,False,False,False,False,True,False,False,False,0,0,0,1,0,0,27.3610003247158
36037,1.0048486436902109,1.0135321552913354,1.1167485580004273,ida,NY,2021-09-02,2,13.5711459510196,0.0187500002793967,2021,5.2,18.8,0.1183671622202611,0.0070316013245574,0.0914516986222967,0.063734,0.8727820785092827,0,0,1,0.0792682926829268,0.0934959349593495,0.040650406504065,False,False,False,False,False,False,True,False,False,False,0,0,0,1,0,0,27.1422919020392
36039,0.9993802293151532,0.9667697586744024,1.0970792434761791,ida,NY,2021-09-02,2,19.3134362942415,444.1562453210354,2021,4.4,22.4,0.1036354105639665,0.0126640307145722,0.0861268695203713,0.06281,0.8239761323569298,0,0,0,0.0432766615146831,0.0602782071097372,0.0247295208655332,False,False,False,False,False,False,True,False,False,False,0,0,0,1,0,0,38.626872588483
36041,0.7392550143266478,0.7185628742514969,0.7070938215102975,ida,NY,2021-09-02,2,11.5096576077872,0.6520270366454497,2021,3.3,31.3,0.1803030303030303,0.0,0.0199039121482498,0.06284100000000001,0.933816330526728,0,0,0,0.0052417006406523,0.0011648223645894,0.0029120559114735,False,False,False,False,False,False,True,False,False,False,0,0,0,1,0,0,23.0193152155744
36043,1.0561229683417597,1.0049801285511015,0.9421025901472828,ida,NY,2021-09-02,2,12.9275908141308,0.6205357094295323,2021,4.9,20.7,0.1253005610472882,0.0073237592569862,0.099627674808723,0.060561,0.9087779976388034,0,0,0,0.0276399716513111,0.0170092133238837,0.0155917788802267,False,False,False,False,False,False,True,False,False,False,0,0,0,1,0,0,25.8551816282616
36045,0.9968488817222833,0.9597329639462848,1.022099447513812,ida,NY,2021-09-02,2,12.4220052973556,0.0156250004656612,2021,7.7,13.7,0.1156932735880104,0.0103258123338532,0.0894171408484742,0.058271,0.7946727666829448,0,0,0,0.0607255520504731,0.0591482649842271,0.029179810725552,False,False,False,False,False,False,True,False,False,False,0,0,0,1,0,0,24.8440105947112
36047,1.0282496588109675,1.0168807328415046,1.041329908549412,ida,NY,2021-09-02,2,18.641208993067,422.65625,2021,7.1,14.1,0.0628689499248321,0.1404475448377233,0.552999265055202,0.067753,0.3539476636962304,1,0,1,28.565217391304348,4.913043478260869,5.768115942028985,False,False,False,False,False,False,True,False,False,False,0,0,0,1,0,0,37.282417986134
36049,0.9546303986710964,0.9035346097201769,0.9952181709503888,ida,NY,2021-09-02,2,12.8355730038136,0.0185185186564922,2021,6.5,19.0,0.1068059640937214,0.0001913326317803,0.0466851621544054,0.060049,0.938304115566925,0,0,0,0.0180533751962323,0.0109890109890109,0.0086342229199372,False,False,False,False,False,False,True,False,False,False,0,0,0,1,0,0,25.6711460076272
36051,1.1168445902187312,1.0699793125397838,1.2081339712918662,ida,NY,2021-09-02,2,14.5421582854593,1.596590880304575,2021,4.3,17.9,0.0926860702395016,0.0083291687489588,0.0591787439613526,0.064467,0.8831872432642236,1,1,1,0.0491283676703645,0.0649762282091917,0.0301109350237717,False,False,False,False,False,False,True,False,False,False,0,0,0,1,0,0,29.0843165709186
36053,1.0617683686176838,1.1135638117231543,1.0979946656129609,ida,NY,2021-09-02,2,15.1660559372187,1.111607162747532,2021,4.7,18.6,0.0977569018404908,0.0053270914887606,0.0596472819726381,0.063312,0.8963332157139496,1,1,1,0.0611620795107033,0.0412844036697247,0.0290519877675841,False,False,False,False,False,False,True,False,False,False,0,0,0,1,0,0,30.3321118744374
36055,1.034952479718803,1.045560052638963,1.0657187892044906,ida,NY,2021-09-02,2,13.6889425579917,0.0133928577415645,2021,5.4,17.4,0.1148045906719552,0.0340754275456395,0.1103845105864627,0.06631699999999999,0.6664792486072029,1,1,1,0.4847560975609756,0.361280487804878,0.2027439024390244,False,False,False,False,False,False,True,False,False,False,0,0,0,1,0,0,27.3778851159834
36057,1.0315665834679195,0.9816569966485276,0.9858397562287148,ida,NY,2021-09-02,2,14.7073509607605,65.2291660150513,2021,6.2,18.5,0.1271099606320444,0.0270799174908763,0.1318559263764743,0.053533000000000004,0.7719655979972543,0,0,0,0.0769230769230769,0.0794044665012407,0.0347394540942928,False,False,False,False,False,False,True,False,False,False,0,0,0,1,0,0,29.414701921521
36059,1.054812113117407,0.995509594444744,1.0315117189853589,ida,NY,2021-09-02,2,19.5851258846516,504.7750045396387,2021,5.4,17.7,0.0520103431684722,0.048545337495811,0.064419193255375,0.126576,0.5584385437757116,1,0,1,2.2288732394366195,2.3028169014084505,0.9683098591549296,False,False,False,False,False,False,True,False,False,False,0,0,0,1,0,0,39.1702517693032
36061,0.9904567107850252,1.0020638107987507,0.9908971199099608,ida,NY,2021-09-02,2,20.539641215742,0.0,2021,4.6,16.8,0.066633143829808,0.0849464229620718,0.773451440473506,0.093956,0.4682269628290023,0,0,0,52.86363636363637,2.409090909090909,15.545454545454543,False,False,False,False,False,False,True,False,False,False,0,0,0,1,0,0,41.079282431484
36063,1.0269194837548874,1.0027850169665382,1.006563123450115,ida,NY,2021-09-02,2,12.6799732102022,0.0,2021,5.2,19.2,0.1156109445277361,0.0102854604020881,0.1010552038209485,0.060834000000000006,0.8167314004119135,1,0,0,0.2068965517241379,0.1704980842911877,0.082375478927203,False,False,False,False,False,False,True,False,False,False,0,0,0,1,0,0,25.3599464204044
36065,1.0339165528897334,1.0194236040975329,1.079217567263734,ida,NY,2021-09-02,2,14.2244236112742,0.0312500009313225,2021,5.5,18.7,0.1018512009373169,0.0241784605903198,0.1038672330684744,0.061732999999999996,0.7796833602584814,0,0,1,0.1163366336633663,0.0701320132013201,0.047029702970297,False,False,False,False,False,False,True,False,False,False,0,0,0,1,0,0,28.4488472225484
36067,1.0824846067459242,1.0477248376595594,1.0554831250614976,ida,NY,2021-09-02,2,14.8434197096996,1.24609375,2021,5.6,17.1,0.1056792429507341,0.0231832437629036,0.1218367979490735,0.066012,0.7288107849474099,1,1,1,0.3406169665809768,0.2056555269922879,0.1568123393316195,False,False,False,False,False,False,True,False,False,False,0,0,0,1,0,0,29.6868394193992
36069,1.0461747794408112,1.0242987905745689,1.0325393816138704,ida,NY,2021-09-02,2,14.656417625529,1.9312499603256583,2021,4.8,20.1,0.0945341466331778,0.011472275334608,0.066792704148495,0.070694,0.8660744455707908,0,0,0,0.0729813664596273,0.0822981366459627,0.0527950310559006,False,False,False,False,False,False,True,False,False,False,0,0,0,1,0,0,29.312835251058
36071,1.063018661274696,1.0241361673475464,1.0151392688385974,ida,NY,2021-09-02,2,20.5721349687984,1087.8359375,2021,6.6,13.9,0.0847108375182245,0.037289283564118,0.0890728476821192,0.08564,0.5777279409932471,1,1,0,0.20935960591133,0.2266009852216748,0.1120689655172413,False,False,False,False,False,False,True,False,False,False,0,0,0,1,0,0,41.1442699375968
36073,1.0673773404400713,1.0420779220779222,0.9899823217442546,ida,NY,2021-09-02,2,13.0393291245576,0.0,2021,4.9,17.9,0.1295971978984238,0.0164167129543911,0.0800469048941554,0.054882,0.8436903552041246,1,1,0,0.0716112531969309,0.0434782608695652,0.0204603580562659,False,False,False,False,False,False,True,False,False,False,0,0,0,1,0,0,26.0786582491152
36075,1.0247369190295237,1.0345261040811196,1.107714016933208,ida,NY,2021-09-02,2,13.8023819412753,0.0,2021,5.4,16.5,0.1178875081752779,0.0016257032235983,0.0802370104173351,0.061982999999999996,0.8994681982556902,0,0,1,0.0546792849631966,0.0662460567823343,0.0252365930599369,False,False,False,False,False,False,True,False,False,False,0,0,0,1,0,0,27.6047638825506
36077,1.274947097630804,1.0757966552957816,1.084732293632661,ida,NY,2021-09-02,2,16.2027855614386,97.21710518747568,2021,4.0,21.1,0.0963237650505882,0.0109141126158232,0.0746614397719173,0.060523,0.8798099924817169,1,0,1,0.0489510489510489,0.0279720279720279,0.0149850149850149,False,False,False,False,False,False,True,False,False,False,0,0,0,1,0,0,32.4055711228772
36079,1.0435878878434852,1.0030793948319718,1.143913307676727,ida,NY,2021-09-02,2,20.5627149769793,1096.7375109493732,2021,4.5,17.7,0.0652765543445392,0.0221638625147903,0.0472713630198262,0.11161700000000001,0.7365974525945038,1,0,1,0.1391304347826087,0.2434782608695652,0.117391304347826,False,False,False,False,False,False,True,False,False,False,0,0,0,1,0,0,41.1254299539586
36081,0.970825174085472,0.9875140521387712,1.048989640245223,ida,NY,2021-09-02,2,17.7744664835037,540.04165879637,2021,6.0,16.0,0.0599586440226211,0.1779785700485963,0.3669198036330851,0.075886,0.2283792233016166,0,0,1,13.97222222222222,3.5277777777777777,2.9537037037037037,False,False,False,False,False,False,True,False,False,False,0,0,0,1,0,0,35.5489329670074
36083,1.0429347231840218,1.020823240125415,0.9743172951885568,ida,NY,2021-09-02,2,17.4445931326448,278.91345821507275,2021,5.1,17.2,0.1117885034544328,0.0115162569150299,0.0996970199424187,0.076731,0.7732886489170235,1,0,0,0.1288343558282208,0.107361963190184,0.0460122699386503,False,False,False,False,False,False,True,False,False,False,0,0,0,1,0,0,34.8891862652896
36085,1.0093271152564955,0.9749732772749948,1.1179719964620085,ida,NY,2021-09-02,2,18.7335312086259,491.625,2021,5.6,16.3,0.0682376990407455,0.0663784153650134,0.153632438299278,0.089427,0.5607315828436682,0,0,1,2.8421052631578947,1.736842105263158,0.9649122807017544,False,False,False,False,False,False,True,False,False,False,0,0,0,1,0,0,37.4670624172518
36087,1.0904863344176807,1.0000656792880362,1.0998805210822478,ida,NY,2021-09-02,2,20.574382487029,1059.84375,2021,8.2,15.5,0.0570937231298366,0.0817924648349174,0.1036892747721733,0.09970699999999999,0.6092087878958056,1,0,1,0.7283236994219653,0.4797687861271676,0.3121387283236994,False,False,False,False,False,False,True,False,False,False,0,0,0,1,0,0,41.148764974058
36089,1.114522915955874,1.128142732058994,1.0796842698740836,ida,NY,2021-09-02,2,9.80411837282821,0.0397727268282324,2021,5.1,17.4,0.123337912761886,0.0055307587812924,0.0951630118377644,0.054351,0.889876042578683,1,1,1,0.0253826054497947,0.0205300485255692,0.0130645763344531,False,False,False,False,False,False,True,False,False,False,0,0,0,1,0,0,19.60823674565642
36091,1.0081486968819449,0.988285855550907,1.0580171831257843,ida,NY,2021-09-02,2,14.4581364937205,69.546875,2021,4.9,18.2,0.0786430438441517,0.0088930685175152,0.046550613826166,0.09079999999999999,0.8652790339222705,0,0,1,0.1285537700865265,0.0927070457354758,0.0506798516687268,False,False,False,False,False,False,True,False,False,False,0,0,0,1,0,0,28.916272987441
36093,1.0264446389289688,1.0203515996198922,1.0109686797938418,ida,NY,2021-09-02,2,15.771521428119,202.25,2021,5.9,17.1,0.1002122121458295,0.015285559815197,0.1198106097840689,0.06989100000000001,0.6635286376778585,0,0,0,0.4019607843137255,0.3235294117647059,0.1176470588235294,False,False,False,False,False,False,True,False,False,False,0,0,0,1,0,0,31.543042856238
36095,1.0498918875630658,1.0285758577924764,1.08,ida,NY,2021-09-02,2,16.5664617685621,288.33654251880944,2021,4.2,22.0,0.1258747614287012,0.0020644095788604,0.0573080099091659,0.06422,0.897152857239012,0,0,0,0.0354267310789049,0.0289855072463768,0.0080515297906602,False,False,False,False,False,False,True,False,False,False,0,0,0,1,0,0,33.1329235371242
36097,0.9395454545454544,0.8435220935220934,1.1940298507462686,ida,NY,2021-09-02,2,16.0812773169137,9.69791659899056,2021,4.8,21.3,0.1213274471000152,0.0106072659771943,0.0662954123574648,0.056437,0.9284836294558052,0,0,0,0.0274390243902439,0.0335365853658536,0.0091463414634146,False,False,False,False,False,False,True,False,False,False,0,0,0,1,0,0,32.1625546338274
36099,0.9815814367592232,1.0642934640278348,1.0171548794303285,ida,NY,2021-09-02,2,15.1498918500005,6.857142956927419,2021,5.3,19.2,0.1302629317752191,0.0083805043005219,0.0827023450709402,0.059086,0.8657065120955817,0,1,0,0.0278637770897832,0.0619195046439628,0.0340557275541795,False,False,False,False,False,False,True,False,False,False,0,0,0,1,0,0,30.299783700001
36101,0.989771778458113,1.001151512467337,1.175974512743628,ida,NY,2021-09-02,2,15.9648979057071,9.887930939672517,2021,5.5,19.5,0.1210309835902253,0.0060284605433376,0.0934023285899094,0.058652,0.901201060010258,0,0,1,0.037410071942446,0.0460431654676259,0.0201438848920863,False,False,False,False,False,False,True,False,False,False,0,0,0,1,0,0,31.9297958114142
36103,0.9927622720347152,0.9672384990377192,0.9086439538048,ida,NY,2021-09-02,2,19.2163657254662,313.0476192648057,2021,5.3,16.9,0.0648484869025307,0.0277274489481054,0.0534373491783434,0.11166,0.6339323162420049,0,0,0,0.7343578485181119,0.8660812294182217,0.4632272228320527,False,False,False,False,False,False,True,False,False,False,0,0,0,1,0,0,38.4327314509324
36105,0.8891248862155746,0.9719184570940692,1.0196619110418417,ida,NY,2021-09-02,2,19.702754380805,789.5374961793423,2021,5.7,18.8,0.1227657741727083,0.0295322043309272,0.1040741254858412,0.063393,0.6701643264143264,0,0,0,0.0712809917355371,0.0681818181818181,0.0175619834710743,False,False,False,False,False,False,True,False,False,False,0,0,0,1,0,0,39.40550876161
36107,1.0061150391744698,1.0551379736408568,1.1827045358202626,ida,NY,2021-09-02,2,16.929701357795,78.39583284873515,2021,5.1,20.2,0.1224721277007773,0.0009844457570387,0.0613801929513683,0.06498699999999999,0.9120833763285524,0,0,1,0.0482625482625482,0.0308880308880308,0.0154440154440154,False,False,False,False,False,False,True,False,False,False,0,0,0,1,0,0,33.85940271559
36109,1.2150778163818954,1.0799441708990811,1.0396965603242234,ida,NY,2021-09-02,2,16.1691670182221,13.74999983329326,2021,3.7,14.6,0.0790888000279795,0.0225698897153116,0.1256033015458509,0.06426000000000001,0.7257140155097409,1,1,0,0.1097046413502109,0.0464135021097046,0.0443037974683544,False,False,False,False,False,False,True,False,False,False,0,0,0,1,0,0,32.3383340364442
36111,1.0187026818940073,1.0006398553574678,1.0481854429952016,ida,NY,2021-09-02,2,20.0951310978685,764.9971588850021,2021,4.3,19.9,0.1048660714285714,0.0138916200803438,0.0677444728488355,0.07104,0.7516868205288946,0,0,1,0.0818505338078291,0.0880782918149466,0.041814946619217,False,False,False,False,False,False,True,False,False,False,0,0,0,1,0,0,40.190262195737
36113,0.9364096489338788,0.9143169997262524,1.021370921905195,ida,NY,2021-09-02,2,12.4390599773371,0.0992647062521427,2021,4.3,22.5,0.119116475962949,0.005468029117255,0.0865315607805611,0.068765,0.9020642864748925,0,0,0,0.0622837370242214,0.0426758938869665,0.0265282583621684,False,False,False,False,False,False,True,False,False,False,0,0,0,1,0,0,24.8781199546742
36115,1.0268456375838926,0.9748129413004528,1.0351397121083823,ida,NY,2021-09-02,2,13.9756876554451,62.00390625,2021,4.5,19.5,0.1170689537502559,0.0021185560586549,0.0897686204461429,0.063869,0.89075397213794,0,0,0,0.0361010830324909,0.0192539109506618,0.0180505415162454,False,False,False,False,False,False,True,False,False,False,0,0,0,1,0,0,27.9513753108902
36117,1.0755649145541428,1.002075084167955,1.0039970930232558,ida,NY,2021-09-02,2,14.1128323163287,0.2656249953433871,2021,5.4,18.9,0.1139987499818311,0.0089751396574091,0.0790288845940006,0.064152,0.8679600801901778,1,0,0,0.0580431177446102,0.0961857379767827,0.0464344941956882,False,False,False,False,False,False,True,False,False,False,0,0,0,1,0,0,28.2256646326574
36119,1.000270321094448,0.996411900150266,1.0503108101278618,ida,NY,2021-09-02,2,20.4393043630184,1029.0347176548094,2021,5.4,17.1,0.0631093315897033,0.0683098572224371,0.1434389003685379,0.105387,0.4954756649612676,0,0,1,1.0023255813953489,0.9953488372093025,0.4302325581395348,False,False,False,False,False,False,True,False,False,False,0,0,0,1,0,0,40.8786087260368
36121,1.0000000000000002,1.036915621436716,1.01030409650666,ida,NY,2021-09-02,2,14.1481124926352,0.3281250093132257,2021,4.7,18.1,0.0926703933891184,0.0017013232514177,0.0759294265910523,0.060013,0.8778219140904493,0,0,0,0.0371621621621621,0.0472972972972973,0.0168918918918918,False,False,False,False,False,False,True,False,False,False,0,0,0,1,0,0,28.2962249852704
36123,0.9763365986073412,0.9940077546704263,1.0127531882970742,ida,NY,2021-09-02,2,15.3290618482705,7.104166723787785,2021,6.0,20.8,0.0863006100942873,0.0148941121712822,0.1289271584826623,0.057635,0.93037054976992,0,0,0,0.0532544378698224,0.029585798816568,0.0384615384615384,False,False,False,False,False,False,True,False,False,False,0,0,0,1,0,0,30.658123696541
12001,1.1029194894037326,1.041252918967286,1.0202405762957594,sally,FL,2020-09-12,2,2.65092757956959,57.06985092163086,2020,5.1,14.4,0.0816960932480249,0.0204946525337371,0.069636105635077,0.053314,0.5762349713432064,1,0,0,0.1737142857142857,0.104,0.0685714285714285,False,False,False,False,False,False,False,False,False,False,0,0,0,0,0,0,5.30185515913918
12003,1.124793388429752,1.0686582402095148,1.0626450116009285,sally,FL,2020-09-12,2,1.7163228648498,32.3125,2020,6.2,14.5,0.109431835647318,0.0,0.0371542428504453,0.06386,0.7850596270214799,1,0,0,0.0256410256410256,0.029059829059829,0.0085470085470085,False,False,False,False,False,False,False,False,False,False,0,0,0,0,0,0,3.4326457296996
12005,0.999978919599352,1.0104787114380689,1.0554019720399714,sally,FL,2020-09-12,2,9.78444932641113,29.90833282470703,2020,5.8,17.7,0.1635879402949642,0.0168082216215474,0.0490800071349185,0.060473,0.732513012510273,0,0,1,0.1319261213720316,0.1820580474934037,0.0857519788918205,False,False,False,False,False,False,False,False,False,False,0,0,0,0,0,0,19.56889865282226
12007,1.0158612602604455,1.001016088060965,1.2273664909465964,sally,FL,2020-09-12,2,1.69005597522374,39.57143020629883,2020,5.0,17.6,0.1544517130502272,0.0,0.0743838519014163,0.048803,0.7179450941596297,0,0,1,0.0648464163822525,0.0716723549488054,0.0170648464163822,False,False,False,False,False,False,False,False,False,False,0,0,0,0,0,0,3.38011195044748
12009,0.9928847215991744,1.0075395942876206,1.011747676501999,sally,FL,2020-09-12,2,2.79235851255047,71.99702453613281,2020,4.6,23.5,0.1179269020017146,0.0162533947094046,0.04541389698216,0.063632,0.7103980798269734,0,0,0,0.2633136094674556,0.2692307692307692,0.1153846153846153,False,False,False,False,False,False,False,False,False,False,0,0,0,0,0,0,5.58471702510094
12011,0.9868474132484912,0.9879055587857556,1.0301911923856035,sally,FL,2020-09-12,2,2.36875764389021,124.49404907226562,2020,5.7,16.7,0.0705867081861606,0.09407424801765,0.0682668363223312,0.06452200000000001,0.331330118932819,0,0,0,0.6697171381031614,0.5108153078202995,0.3668885191347754,False,False,False,False,False,False,False,False,False,False,0,0,0,0,0,0,4.73751528778042
12013,1.1855182205395172,1.0168838318957607,1.012622323074741,sally,FL,2020-09-12,2,6.96918302491126,50.45000076293945,2020,4.2,17.9,0.17569338283468,0.0004449388209121,0.0767519466073414,0.038098,0.7686107854630715,1,0,0,0.0123456790123456,0.0264550264550264,0.0088183421516754,False,False,False,False,False,False,False,False,False,False,0,0,0,0,0,0,13.93836604982252
12015,1.0662965084252345,1.000575288176763,1.048584920952247,sally,FL,2020-09-12,2,4.1477763289845,224.02232360839844,2020,2.9,39.9,0.1575345114264723,0.017847864177391,0.0455078243006464,0.057887,0.822598168555021,1,0,1,0.1233480176211453,0.0998531571218795,0.0690161527165932,False,False,False,False,False,False,False,False,False,False,0,0,0,0,0,0,8.295552657969
12017,1.072390356501667,1.100422250780246,1.0249017238478364,sally,FL,2020-09-12,2,3.93546929887621,55.96354293823242,2020,3.4,36.0,0.1550398727606088,0.0142460094467141,0.0419786461734732,0.048664,0.8546180196694032,1,1,0,0.1135972461273666,0.0929432013769363,0.0585197934595524,False,False,False,False,False,False,False,False,False,False,0,0,0,0,0,0,7.87093859775242
12019,1.0327419385024237,1.0341232832960716,1.016725352112676,sally,FL,2020-09-12,2,1.60019801391828,36.349998474121094,2020,5.4,15.8,0.1072644958872896,0.0117002866957667,0.0355270294702585,0.074059,0.6826548145432885,1,1,0,0.140728476821192,0.1241721854304635,0.043046357615894,False,False,False,False,False,False,False,False,False,False,0,0,0,0,0,0,3.20039602783656
12021,0.9995273327358966,1.002405748963976,1.0689461824106303,sally,FL,2020-09-12,2,3.03057576781729,256.015625,2020,4.3,32.0,0.0621493090992246,0.0712766165076019,0.046418278457625,0.07554300000000001,0.6266234111861014,0,0,1,0.0896793587174348,0.0516032064128256,0.0556112224448897,False,False,False,False,False,False,False,False,False,False,0,0,0,0,0,0,6.06115153563458
12023,1.0322230267921797,1.0110199514577614,1.1147801009372749,sally,FL,2020-09-12,2,1.83250392932046,39.039772033691406,2020,5.8,18.8,0.1650382061881498,0.0071906094527363,0.0478467039800995,0.04775,0.7044104565410773,0,0,1,0.0803011292346298,0.06900878293601,0.0250941028858218,False,False,False,False,False,False,False,False,False,False,0,0,0,0,0,0,3.66500785864092
12027,1.0734589231969682,1.0187713310580206,0.9691443753396536,sally,FL,2020-09-12,2,3.09426644916373,222.75,2020,4.9,21.7,0.1316196034675135,0.0832309330711886,0.055705742606701,0.039945,0.5481516364492584,1,0,0,0.0314465408805031,0.0188679245283018,0.0157232704402515,False,False,False,False,False,False,False,False,False,False,0,0,0,0,0,0,6.18853289832746
12029,1.1177469229370036,1.173707440100883,1.357530049493283,sally,FL,2020-09-12,2,3.40391923659974,49.51785659790039,2020,4.0,23.0,0.2010026924148175,0.0095536155493328,0.050732992917147,0.044287,0.8204546810668895,1,1,1,0.0198581560283687,0.0198581560283687,0.0099290780141843,False,False,False,False,False,False,False,False,False,False,0,0,0,0,0,0,6.80783847319948
12031,1.0312711255073108,1.0147733164026225,1.004240966390853,sally,FL,2020-09-12,2,1.54450475546915,33.83333206176758,2020,6.6,14.2,0.1008794183424552,0.0346917893170167,0.0736832313543906,0.059541,0.4942299212408607,1,1,0,0.7834645669291339,0.5905511811023622,0.326771653543307,False,False,False,False,False,False,False,False,False,False,0,0,0,0,0,0,3.0890095109383
12033,1.0553846411776049,1.040172319796466,1.0801636788776303,sally,FL,2020-09-12,2,17.3108184208935,160.4010467529297,2020,5.9,16.8,0.1293890941383903,0.0144103330280977,0.0680996674538532,0.056604999999999996,0.6242897749335984,1,1,1,0.2210365853658536,0.2149390243902439,0.1173780487804878,False,False,False,False,False,False,False,False,False,False,0,0,0,0,0,0,34.621636841787
12035,1.0573885517656785,0.9951518404972298,1.037818403180703,sally,FL,2020-09-12,2,2.77142233442103,84.046875,2020,3.7,30.4,0.0977154641384112,0.0429315688817568,0.032292101734409,0.062305,0.730563885662778,1,0,1,0.0946502057613168,0.0699588477366255,0.0411522633744856,False,False,False,False,False,False,False,False,False,False,0,0,0,0,0,0,5.54284466884206
12037,1.1158447370685949,1.0369582557830364,1.5961945031712477,sally,FL,2020-09-12,2,6.84415456163041,44.73125076293945,2020,4.1,23.6,0.1536890824938742,0.0046062733055494,0.0706295240184251,0.052679000000000004,0.7869247450004015,0,0,1,0.025735294117647,0.0294117647058823,0.0110294117647058,False,False,False,False,False,False,False,False,False,False,0,0,0,0,0,0,13.68830912326082
12039,1.0394526131896926,0.9987909877742877,0.8253790005614822,sally,FL,2020-09-12,2,4.57441879086464,151.3541717529297,2020,5.8,18.1,0.1557966321243523,0.0253662248715834,0.0939818631492168,0.042661000000000004,0.321567106283941,0,0,0,0.0329457364341085,0.0794573643410852,0.0155038759689922,False,False,False,False,False,False,False,False,False,False,0,0,0,0,0,0,9.14883758172928
12041,0.9898672976031272,1.0480751852521235,1.0158262789841737,sally,FL,2020-09-12,2,1.9077058344596,57.63541793823242,2020,5.1,20.0,0.1357913669064748,0.0202733143114581,0.0554137257846523,0.050982999999999994,0.8299932825794895,0,0,0,0.0401146131805157,0.0401146131805157,0.0114613180515759,False,False,False,False,False,False,False,False,False,False,0,0,0,0,0,0,3.8154116689192
12043,0.9967624443545124,1.0174418604651163,0.0,sally,FL,2020-09-12,2,2.76424775420441,204.640625,2020,3.8,27.2,0.1261324041811846,0.0540244969378827,0.0212160979877515,0.038088000000000004,0.5881576777173017,0,0,0,0.009925558312655,0.0074441687344913,0.0,False,False,False,False,False,False,False,False,False,False,0,0,0,0,0,0,5.52849550840882
12045,1.0988074957410563,1.3089183825353508,1.035462912831619,sally,FL,2020-09-12,2,8.82577838200216,27.482954025268555,2020,3.6,22.9,0.1850676072898295,0.0067041130639608,0.0282659902156187,0.053812,0.7907271702367531,1,1,0,0.0180831826401446,0.023508137432188,0.0108499095840868,False,False,False,False,False,False,False,False,False,False,0,0,0,0,0,0,17.65155676400432
12047,1.059449866903283,1.0709952747860882,1.3636363636363635,sally,FL,2020-09-12,2,1.93843480642365,39.3984375,2020,4.5,17.5,0.138446338149932,0.0140209125475285,0.0520437262357414,0.039346,0.5450585546986575,1,1,1,0.036964980544747,0.0350194552529182,0.0019455252918287,False,False,False,False,False,False,False,False,False,False,0,0,0,0,0,0,3.8768696128473
12049,0.9907880751126183,1.0140587305548625,1.0751850409037789,sally,FL,2020-09-12,2,3.17621924721096,126.4147720336914,2020,6.7,16.4,0.0893925259287713,0.1248754980079681,0.0404631474103585,0.041395,0.4687882496940024,0,0,0,0.0251177394034536,0.0188383045525902,0.0047095761381475,False,False,False,False,False,False,False,False,False,False,0,0,0,0,0,0,6.35243849442192
12051,0.9967703212530008,1.053405725567621,1.1588985112386885,sally,FL,2020-09-12,2,2.9966458765985,213.734375,2020,7.3,13.4,0.0947480827104164,0.1545901255752281,0.0755791279931362,0.038843,0.3051313763598273,0,1,1,0.0329004329004329,0.0225108225108225,0.0086580086580086,False,False,False,False,False,False,False,False,False,False,0,0,0,0,0,0,5.993291753197
12053,1.0138452853330953,1.0208451274806662,1.02679431509996,sally,FL,2020-09-12,2,3.83973737618881,65.15625,2020,4.5,26.9,0.1425670498084291,0.0180289847644187,0.0495636908804346,0.053301,0.7406112639128087,0,1,1,0.1610169491525423,0.1419491525423729,0.059322033898305,False,False,False,False,False,False,False,False,False,False,0,0,0,0,0,0,7.67947475237762
12055,1.0307319561336394,1.0323822331880828,1.0476003243801142,sally,FL,2020-09-12,2,2.91218781365258,68.50657653808594,2020,4.5,35.3,0.1407863383637807,0.033972303704209,0.0492075403051595,0.046895000000000006,0.6471180915691214,1,0,1,0.0530973451327433,0.0471976401179941,0.0285152409046214,False,False,False,False,False,False,False,False,False,False,0,0,0,0,0,0,5.82437562730516
12057,1.035818217281061,1.0296473971480984,1.0118738892000858,sally,FL,2020-09-12,2,3.59878819404428,166.77572631835938,2020,6.0,14.2,0.0848513121779072,0.0702657886182425,0.0604370518903243,0.064164,0.4574656690611209,1,1,0,0.8178256611165524,0.5523996082272282,0.2722820763956905,False,False,False,False,False,False,False,False,False,False,0,0,0,0,0,0,7.19757638808856
12059,1.2042830704150878,1.1270355204266265,1.0928319623971798,sally,FL,2020-09-12,2,8.07824954137932,95.58036041259766,2020,4.8,19.9,0.1544106521410198,0.0038598999285203,0.0513223731236597,0.041809,0.8531013076883937,1,1,0,0.0188284518828451,0.0355648535564853,0.00836820083682,False,False,False,False,False,False,False,False,False,False,0,0,0,0,0,0,16.15649908275864
12061,1.0115379330028225,0.9872635028009724,0.9969450101832996,sally,FL,2020-09-12,2,2.66673839768875,112.46590423583984,2020,4.0,33.0,0.1005920169263945,0.0203701658330309,0.0449058806822664,0.061594,0.7348611910781786,0,0,0,0.1354581673306772,0.1314741035856573,0.0856573705179282,False,False,False,False,False,False,False,False,False,False,0,0,0,0,0,0,5.3334767953775
12063,1.0652672728817882,1.0447200502315697,1.0346662612133188,sally,FL,2020-09-12,2,5.89573387903988,33.16911697387695,2020,5.1,19.6,0.1442139296780277,0.00788896138561,0.057120825671748,0.043415999999999996,0.6472875589086836,1,0,0,0.0468409586056644,0.0479302832244008,0.0141612200435729,False,False,False,False,False,False,False,False,False,False,0,0,0,0,0,0,11.79146775807976
12065,1.2303980699638115,1.0743841301062629,0.8606557377049179,sally,FL,2020-09-12,2,2.40383505660424,62.900001525878906,2020,4.2,23.1,0.1052228183510347,0.0011123470522803,0.0580274378939562,0.053079999999999995,0.6009648518263266,1,1,0,0.0133779264214046,0.0267558528428093,0.0033444816053511,False,False,False,False,False,False,False,False,False,False,0,0,0,0,0,0,4.80767011320848
12067,1.218074656188605,1.0858380720281615,2.010309278350515,sally,FL,2020-09-12,2,2.06500283696418,57.25,2020,3.7,16.2,0.135523613963039,0.0547063555913113,0.0301689460981496,0.056458,0.738390469243861,1,1,1,0.001841620626151,0.009208103130755,0.001841620626151,False,False,False,False,False,False,False,False,False,False,0,0,0,0,0,0,4.13000567392836
12069,1.0105979075533342,1.027064853860695,1.0901877892720109,sally,FL,2020-09-12,2,3.35545233057289,43.88602828979492,2020,4.8,26.3,0.1101444626560318,0.0257870261951758,0.0435783346157706,0.060013,0.6594870245548969,0,1,1,0.1640378548895899,0.131440588853838,0.0715036803364879,False,False,False,False,False,False,False,False,False,False,0,0,0,0,0,0,6.71090466114578
12071,1.0179760297039422,1.039271979536876,0.9682281272975528,sally,FL,2020-09-12,2,4.79995039083421,68.1507339477539,2020,4.5,28.4,0.0884689611768244,0.0477135377736363,0.0520876977170572,0.063235,0.6446659008283147,1,1,0,0.4327784891165173,0.3444302176696543,0.2368758002560819,False,False,False,False,False,False,False,False,False,False,0,0,0,0,0,0,9.59990078166842
12073,1.0789977091158582,0.9989187126319804,1.0289215809127592,sally,FL,2020-09-12,2,2.65228833230047,91.49519348144533,2020,5.1,13.6,0.090175708605874,0.0126022927165036,0.0674898238398327,0.057359,0.5388743249440447,0,0,0,0.1841317365269461,0.1646706586826347,0.0823353293413173,False,False,False,False,False,False,False,False,False,False,0,0,0,0,0,0,5.30457666460094
12075,1.1030822070565147,1.1266554390262573,0.9848437205207218,sally,FL,2020-09-12,2,4.09590620157613,71.02678680419922,2020,5.0,24.5,0.1596986310584911,0.0152481447124304,0.0429035250463821,0.043029000000000005,0.7660258650821391,1,1,0,0.035778175313059,0.0241502683363148,0.0125223613595706,False,False,False,False,False,False,False,False,False,False,0,0,0,0,0,0,8.19181240315226
12077,1.132046411335866,1.078905630452022,0.997666277712952,sally,FL,2020-09-12,2,6.18494159773523,46.68269348144531,2020,3.0,13.9,0.1834600760456273,0.0,0.0570425625274243,0.042438000000000003,0.7184599949836971,1,1,0,0.0083832335329341,0.0107784431137724,0.0011976047904191,False,False,False,False,False,False,False,False,False,False,0,0,0,0,0,0,12.36988319547046
12079,1.2629813069180382,1.07382860951182,1.2523364485981308,sally,FL,2020-09-12,2,2.17228570302585,93.7670440673828,2020,4.6,20.7,0.103562904875554,0.0149045179319981,0.0754541220307405,0.039503,0.5638913624220837,1,1,1,0.014367816091954,0.0272988505747126,0.0043103448275862,False,False,False,False,False,False,False,False,False,False,0,0,0,0,0,0,4.3445714060517
12081,0.998868530896713,1.0194407423134653,1.1025588483901538,sally,FL,2020-09-12,2,3.46066037750259,79.546875,2020,4.5,27.5,0.0933199740319197,0.0270201082852278,0.0397173832349891,0.064964,0.6832478546946537,0,1,1,0.2601078167115903,0.1657681940700808,0.0862533692722372,False,False,False,False,False,False,False,False,False,False,0,0,0,0,0,0,6.92132075500518
12083,1.0489523031396033,1.0795004059798443,1.0284119215778214,sally,FL,2020-09-12,2,3.62443260986853,59.6875,2020,4.9,28.5,0.1089911777587753,0.0212287910922587,0.0474350477200424,0.050808,0.6752636283345925,1,1,0,0.105793450881612,0.1133501259445843,0.0522670025188916,False,False,False,False,False,False,False,False,False,False,0,0,0,0,0,0,7.24886521973706
12085,1.002353390153924,1.0232428519478929,1.0025463641075332,sally,FL,2020-09-12,2,2.51136482699983,169.84091186523438,2020,4.0,31.0,0.0861242591782347,0.0191958613178435,0.0523991044956737,0.06976900000000001,0.7524789971659587,0,0,0,0.149171270718232,0.1160220994475138,0.0883977900552486,False,False,False,False,False,False,False,False,False,False,0,0,0,0,0,0,5.02272965399966
12086,1.012664177701378,0.99344192820516,1.0173047731879563,sally,FL,2020-09-12,2,2.28742437143887,125.45659637451172,2020,5.7,16.2,0.0623672405199187,0.2415696677848371,0.0969219875879878,0.057815,0.1338076155345742,0,0,0,0.6203264876250658,0.4423380726698262,0.3070036861506056,False,False,False,False,False,False,False,False,False,False,0,0,0,0,0,0,4.57484874287774
12087,0.9449029783263546,0.9194112712367258,1.061630218687873,sally,FL,2020-09-12,2,2.36337456300122,232.0,2020,4.5,22.5,0.0642532221379833,0.0540379870998424,0.0716939630829593,0.07315300000000001,0.6604121920023168,0,0,1,0.0681586978636826,0.0640895218718209,0.0315361139369277,False,False,False,False,False,False,False,False,False,False,0,0,0,0,0,0,4.72674912600244
12089,1.0227638702157789,0.9993178531474254,1.0170967741935484,sally,FL,2020-09-12,2,1.56772588469302,30.99519157409668,2020,5.0,22.3,0.1304669077189121,0.0074659133492836,0.0300654348390072,0.077504,0.8391291836373296,1,0,0,0.0802469135802469,0.0617283950617283,0.0308641975308641,False,False,False,False,False,False,False,False,False,False,0,0,0,0,0,0,3.13545176938604
12091,1.0104413092327664,0.9787061128988918,1.0400536558962652,sally,FL,2020-09-12,2,12.4506511282354,60.22916793823242,2020,6.4,15.8,0.1222774374457841,0.0197835788958855,0.0429418597542336,0.06739,0.6910397414819435,0,0,1,0.0978494623655914,0.1075268817204301,0.0591397849462365,False,False,False,False,False,False,False,False,False,False,0,0,0,0,0,0,24.9013022564708
12093,1.0451176129507451,1.0352886592940884,1.1217378766761186,sally,FL,2020-09-12,2,2.72940014278341,118.31666564941406,2020,6.0,19.6,0.1277579010137149,0.0485331891307286,0.032040016222793,0.047020000000000006,0.6223135909595399,1,0,1,0.0455136540962288,0.0351105331599479,0.0117035110533159,False,False,False,False,False,False,False,False,False,False,0,0,0,0,0,0,5.45880028556682
12095,1.03380039545402,1.001727587964056,1.0077626602526877,sally,FL,2020-09-12,2,3.10221140295479,54.01315689086914,2020,5.9,12.0,0.0862941600325815,0.0825134864462267,0.0508066620098802,0.06578400000000001,0.3716057256830509,1,0,0,0.770509977827051,0.5376940133037694,0.2971175166297117,False,False,False,False,False,False,False,False,False,False,0,0,0,0,0,0,6.20442280590958
12097,1.0443762181193286,1.0335797397715492,1.0242701702674737,sally,FL,2020-09-12,2,2.9540738553671,79.42823791503906,2020,6.2,13.0,0.1133987354149012,0.1269381604270307,0.0464341479356548,0.058512999999999996,0.2916769585443168,1,1,0,0.1220798794272795,0.0866616428033157,0.0339110776186887,False,False,False,False,False,False,False,False,False,False,0,0,0,0,0,0,5.9081477107342
12099,1.0075782137176783,0.9887314740870576,0.9895882876884098,sally,FL,2020-09-12,2,2.45098044656727,225.8734436035156,2020,5.0,23.8,0.0749154864057053,0.0717013210719319,0.059524813334274,0.06887399999999999,0.522559779545648,0,0,0,0.2744399185336049,0.2260692464358452,0.1644602851323829,False,False,False,False,False,False,False,False,False,False,0,0,0,0,0,0,4.90196089313454
12101,1.0648467616828976,0.9986206406868186,1.041069849456444,sally,FL,2020-09-12,2,3.76134001047214,91.52678680419922,2020,5.1,22.1,0.120186201849444,0.0225752123616083,0.0502259361856818,0.058084000000000004,0.6983115942415877,1,0,1,0.3163538873994638,0.2520107238605898,0.1005361930294906,False,False,False,False,False,False,False,False,False,False,0,0,0,0,0,0,7.52268002094428
12103,1.0117330255818424,1.02332652382536,1.0550860263237425,sally,FL,2020-09-12,2,3.90944333517342,87.46875,2020,4.2,24.8,0.1048388415318415,0.0280999687297043,0.0737088976018088,0.060451,0.7136461312450019,0,1,1,1.8168498168498168,1.2783882783882785,0.706959706959707,False,False,False,False,False,False,False,False,False,False,0,0,0,0,0,0,7.81888667034684
12105,1.0371577270808898,1.0348373933906585,1.091496995592249,sally,FL,2020-09-12,2,3.21985661787665,81.46785736083984,2020,5.7,19.9,0.1108304563573385,0.0406946891120081,0.0525796080228139,0.055098999999999995,0.5415118489033799,1,1,1,0.2142459654980523,0.1630495269894268,0.0667779632721202,False,False,False,False,False,False,False,False,False,False,0,0,0,0,0,0,6.4397132357533
12107,1.0520983374429336,1.0645469115110289,1.0427303754266213,sally,FL,2020-09-12,2,2.58268960612284,49.81696319580078,2020,5.7,22.9,0.1393577963829911,0.0262219784739836,0.0789401521903064,0.039975000000000004,0.6893113841873406,1,1,1,0.0892857142857142,0.0714285714285714,0.0233516483516483,False,False,False,False,False,False,False,False,False,False,0,0,0,0,0,0,5.16537921224568
12109,1.027311250255458,1.016052855586845,1.0308616017194656,sally,FL,2020-09-12,2,1.49425977014373,46.072113037109375,2020,4.9,20.1,0.0733550225719401,0.0109682141363446,0.0230029276453366,0.088794,0.7842296790710432,1,1,1,0.1783333333333333,0.1533333333333333,0.0833333333333333,False,False,False,False,False,False,False,False,False,False,0,0,0,0,0,0,2.98851954028746
12111,1.0200659588383452,1.0139406242657,0.999164443006927,sally,FL,2020-09-12,2,2.57120749847697,210.9602203369141,2020,5.0,24.0,0.1056131566414561,0.0408721130080369,0.043540176452294,0.059807,0.5362061319579863,0,0,0,0.2154115586690017,0.2171628721541156,0.1033274956217162,False,False,False,False,False,False,False,False,False,False,0,0,0,0,0,0,5.14241499695394
12113,1.0546055697972505,1.0260747081585095,1.0206800093243196,sally,FL,2020-09-12,2,14.7806503857257,95.0531234741211,2020,5.5,16.0,0.1156336725254394,0.0068854206769923,0.0300441259217579,0.07726000000000001,0.7846702127659575,1,0,0,0.0553359683794466,0.0691699604743083,0.0296442687747035,False,False,False,False,False,False,False,False,False,False,0,0,0,0,0,0,29.5613007714514
12115,1.0288276672858832,1.0207709890789431,1.0499447631944692,sally,FL,2020-09-12,2,4.12259768131567,48.59375,2020,3.4,36.5,0.0862174477390284,0.0257060792170088,0.0461574955007915,0.06949,0.805749229273328,1,1,1,0.3381294964028777,0.2517985611510791,0.2230215827338129,False,False,False,False,False,False,False,False,False,False,0,0,0,0,0,0,8.24519536263134
12117,0.9838331662129108,0.9952273566748964,1.0125797435611767,sally,FL,2020-09-12,2,3.07581858194193,52.974998474121094,2020,5.2,15.6,0.0752349821644129,0.0303110713081358,0.036182010160815,0.073002,0.5608338855191396,0,0,0,0.7346278317152104,0.4498381877022653,0.3042071197411003,False,False,False,False,False,False,False,False,False,False,0,0,0,0,0,0,6.15163716388386
12119,1.074849809127102,1.0186929573897143,1.0286827578742288,sally,FL,2020-09-12,2,3.59900004269726,51.55729293823242,2020,1.8,57.6,0.1090500671576119,0.0047362510375807,0.0368158070343907,0.063323,0.8417057155188359,1,1,1,0.1023339317773788,0.0915619389587073,0.0412926391382405,False,False,False,False,False,False,False,False,False,False,0,0,0,0,0,0,7.19800008539452
12121,1.0968309640958276,1.0591599210664089,1.0756143667296787,sally,FL,2020-09-12,2,1.97505347707297,62.0,2020,5.1,20.3,0.1776992390231477,0.0089415816664458,0.0768313683931646,0.047218,0.7283433776510098,1,1,1,0.0625,0.0581395348837209,0.0203488372093023,False,False,False,False,False,False,False,False,False,False,0,0,0,0,0,0,3.95010695414594
12123,1.0886772801666418,1.1061872139104794,1.2064381350299116,sally,FL,2020-09-12,2,2.27290273854045,56.15972137451172,2020,4.3,19.2,0.1975050422051243,0.0006877579092159,0.0596973865199449,0.043563000000000004,0.7170581758120756,0,1,1,0.0182166826462128,0.0210930009587727,0.0105465004793863,False,False,False,False,False,False,False,False,False,False,0,0,0,0,0,0,4.5458054770809
12125,1.0434393193013882,1.0322302866281214,1.2196861626248217,sally,FL,2020-09-12,2,1.75257945740227,36.875,2020,5.1,15.5,0.1434926283680732,0.0,0.0514271653543307,0.055463,0.7174707375983155,0,0,1,0.0288065843621399,0.0329218106995884,0.0246913580246913,False,False,False,False,False,False,False,False,False,False,0,0,0,0,0,0,3.50515891480454
12127,1.055277739299072,1.0980416692736032,0.9867760193317008,sally,FL,2020-09-12,2,3.06889149193351,54.73369598388672,2020,4.6,24.3,0.1255401845555089,0.0163364235745004,0.0558824687512304,0.056786,0.6856323718301921,1,1,0,0.2506811989100817,0.1989100817438692,0.1017257039055404,False,False,False,False,False,False,False,False,False,False,0,0,0,0,0,0,6.13778298386702
12129,1.07106587529056,1.0688745865737015,1.149386845039019,sally,FL,2020-09-12,2,3.5698288172574,70.875,2020,4.8,15.1,0.099821063394683,0.0025741168116456,0.0249423042783596,0.072941,0.7696659163606208,1,1,1,0.0247524752475247,0.028052805280528,0.0066006600660066,False,False,False,False,False,False,False,False,False,False,0,0,0,0,0,0,7.1396576345148
12131,0.9964904702769828,1.0182329616701122,1.0404672276350753,sally,FL,2020-09-12,2,10.6702250614648,118.71875,2020,5.8,19.5,0.1243735335523228,0.012060168312239,0.0413491484991054,0.068111,0.8053117322886927,0,0,0,0.0404624277456647,0.0500963391136801,0.0260115606936416,False,False,False,False,False,False,False,False,False,False,0,0,0,0,0,0,21.3404501229296
12133,1.024413219247979,1.088797591326402,0.8703868385949312,sally,FL,2020-09-12,2,8.1242902584657,63.59375,2020,4.0,17.3,0.1466784765279008,0.005986671184909,0.0390827967920478,0.041805999999999996,0.7695710561655739,0,1,0,0.0136986301369863,0.0291095890410958,0.0085616438356164,False,False,False,False,False,False,False,False,False,False,0,0,0,0,0,0,16.2485805169314
12001,1.1428985891153116,1.2115483993798786,1.1850156618022,milton,FL,2024-10-09,2,17.6736634430745,527.2720336914062,2024,5.1,14.4,0.0816960932480249,0.0204946525337371,0.069636105635077,0.053314,0.5762349713432064,1,1,1,0.176,0.1062857142857142,0.0331428571428571,False,False,False,False,False,False,False,False,True,False,0,0,0,0,0,0,35.347326886149
12003,1.0641086047470405,1.009713521503484,1.1438152011922502,milton,FL,2024-10-09,2,13.9133852770473,223.6312561035156,2024,6.2,14.5,0.109431835647318,0.0,0.0371542428504453,0.06386,0.7850596270214799,1,0,0,0.0256410256410256,0.0256410256410256,0.0051282051282051,False,False,False,False,False,False,False,False,True,False,0,0,0,0,0,0,27.8267705540946
12005,1.1313577946496662,1.216844208470372,1.136186696542164,milton,FL,2024-10-09,2,8.31982714408336,0.0,2024,5.8,17.7,0.1635879402949642,0.0168082216215474,0.0490800071349185,0.060473,0.732513012510273,1,1,1,0.1411609498680738,0.179419525065963,0.0356200527704485,False,False,False,False,False,False,False,False,True,False,0,0,0,0,0,0,16.63965428816672
12007,1.2117696688462352,1.2428628336210332,2.015616955551742,milton,FL,2024-10-09,2,16.3901674157878,534.4285888671875,2024,5.0,17.6,0.1544517130502272,0.0,0.0743838519014163,0.048803,0.7179450941596297,1,1,1,0.0648464163822525,0.0546075085324232,0.0102389078498293,False,False,False,False,False,False,False,False,True,False,0,0,0,0,0,0,32.7803348315756
12009,1.121515458378622,1.1107958436882377,1.2656606825678762,milton,FL,2024-10-09,2,36.9469365750413,373.3660583496094,2024,4.6,23.5,0.1179269020017146,0.0162533947094046,0.04541389698216,0.063632,0.7103980798269734,1,1,1,0.2751479289940828,0.277120315581854,0.0660749506903353,False,False,False,False,False,False,False,False,True,False,0,0,0,0,0,0,73.8938731500826
12011,1.153606561190328,1.138970083332019,1.1704523496998327,milton,FL,2024-10-09,2,29.8308369551923,181.5565490722656,2024,5.7,16.7,0.0705867081861606,0.09407424801765,0.0682668363223312,0.06452200000000001,0.331330118932819,1,1,1,0.6855241264559068,0.4908485856905158,0.1256239600665557,False,False,False,False,False,False,False,False,True,False,0,0,0,0,0,0,59.6616739103846
12013,1.0698395577726845,1.1295568505217508,1.2555836084676637,milton,FL,2024-10-09,2,8.60401653294784,0.0,2024,4.2,17.9,0.17569338283468,0.0004449388209121,0.0767519466073414,0.038098,0.7686107854630715,1,1,1,0.0158730158730158,0.0264550264550264,0.0035273368606701,False,False,False,False,False,False,False,False,True,False,0,0,0,0,0,0,17.20803306589568
12015,1.147660732589512,1.1515372021102417,1.3187563195146614,milton,FL,2024-10-09,2,47.0216346081357,298.1473083496094,2024,2.9,39.9,0.1575345114264723,0.017847864177391,0.0455078243006464,0.057887,0.822598168555021,1,1,1,0.1204111600587371,0.0983847283406754,0.0308370044052863,False,False,False,False,False,False,False,False,True,False,0,0,0,0,0,0,94.0432692162714
12017,1.1238142861472256,1.1778852704728162,1.112756756756757,milton,FL,2024-10-09,2,25.6465256250842,576.7135620117188,2024,3.4,36.0,0.1550398727606088,0.0142460094467141,0.0419786461734732,0.048664,0.8546180196694032,1,1,1,0.1135972461273666,0.0929432013769363,0.027538726333907,False,False,False,False,False,False,False,False,True,False,0,0,0,0,0,0,51.2930512501684
12019,1.1194057464246732,1.1042416011223375,1.214612183641449,milton,FL,2024-10-09,2,16.9481275328311,564.0187377929688,2024,5.4,15.8,0.1072644958872896,0.0117002866957667,0.0355270294702585,0.074059,0.6826548145432885,1,1,1,0.1423841059602649,0.1026490066225165,0.0298013245033112,False,False,False,False,False,False,False,False,True,False,0,0,0,0,0,0,33.8962550656622
12021,1.1558449373821955,1.1795762639611225,1.2425639500297443,milton,FL,2024-10-09,2,33.4058614033841,281.3368225097656,2024,4.3,32.0,0.0621493090992246,0.0712766165076019,0.046418278457625,0.07554300000000001,0.6266234111861014,1,1,1,0.095190380761523,0.0495991983967935,0.0205410821643286,False,False,False,False,False,False,False,False,True,False,0,0,0,0,0,0,66.8117228067682
12023,1.201380561947046,1.2990724862163705,1.216359564687856,milton,FL,2024-10-09,2,13.6959221103974,184.80682373046875,2024,5.8,18.8,0.1650382061881498,0.0071906094527363,0.0478467039800995,0.04775,0.7044104565410773,1,1,1,0.0803011292346298,0.0677540777917189,0.0125470514429109,False,False,False,False,False,False,False,False,True,False,0,0,0,0,0,0,27.3918442207948
12027,1.2403056569343067,1.2874122308084572,1.4069520718921615,milton,FL,2024-10-09,2,42.3639940800987,143.21875,2024,4.9,21.7,0.1316196034675135,0.0832309330711886,0.055705742606701,0.039945,0.5481516364492584,1,1,1,0.0298742138364779,0.0172955974842767,0.0078616352201257,False,False,False,False,False,False,False,False,True,False,0,0,0,0,0,0,84.7279881601974
12029,1.179327267150598,1.3267130089374382,1.2507608034083992,milton,FL,2024-10-09,2,15.029743900803,302.0401916503906,2024,4.0,23.0,0.2010026924148175,0.0095536155493328,0.050732992917147,0.044287,0.8204546810668895,1,1,1,0.0198581560283687,0.0226950354609929,0.001418439716312,False,False,False,False,False,False,False,False,True,False,0,0,0,0,0,0,30.059487801606
12031,1.119066943885436,1.1057741244078136,1.0973120837297814,milton,FL,2024-10-09,2,14.9215174326803,487.3416748046875,2024,6.6,14.2,0.1008794183424552,0.0346917893170167,0.0736832313543906,0.059541,0.4942299212408607,1,1,1,0.8110236220472441,0.5708661417322834,0.1417322834645669,False,False,False,False,False,False,False,False,True,False,0,0,0,0,0,0,29.8430348653606
12033,1.0581102027170777,1.0704124285563743,1.0394841243158193,milton,FL,2024-10-09,2,6.26953720563647,0.0,2024,5.9,16.8,0.1293890941383903,0.0144103330280977,0.0680996674538532,0.056604999999999996,0.6242897749335984,0,1,0,0.2240853658536585,0.1966463414634146,0.048780487804878,False,False,False,False,False,False,False,False,True,False,0,0,0,0,0,0,12.53907441127294
12035,1.1390920235025574,1.1529147607604449,1.1863805030005954,milton,FL,2024-10-09,2,24.3230314002105,643.796875,2024,3.7,30.4,0.0977154641384112,0.0429315688817568,0.032292101734409,0.062305,0.730563885662778,1,1,1,0.0987654320987654,0.0596707818930041,0.022633744855967,False,False,False,False,False,False,False,False,True,False,0,0,0,0,0,0,48.646062800421
12037,1.221151993835485,1.1325229765787137,1.3166360294117645,milton,FL,2024-10-09,2,10.1780123323979,0.1124999970197677,2024,4.1,23.6,0.1536890824938742,0.0046062733055494,0.0706295240184251,0.052679000000000004,0.7869247450004015,1,1,1,0.0238970588235294,0.0294117647058823,0.0073529411764705,False,False,False,False,False,False,False,False,True,False,0,0,0,0,0,0,20.3560246647958
12039,1.2206332992849849,1.2081728644485132,1.1144251626898047,milton,FL,2024-10-09,2,9.03336483517506,0.0,2024,5.8,18.1,0.1557966321243523,0.0253662248715834,0.0939818631492168,0.042661000000000004,0.321567106283941,1,1,0,0.0310077519379844,0.0736434108527131,0.003875968992248,False,False,False,False,False,False,False,False,True,False,0,0,0,0,0,0,18.06672967035012
12041,1.1611993313832012,1.1748486886348353,1.203055378739656,milton,FL,2024-10-09,2,15.6351054640152,365.2395935058594,2024,5.1,20.0,0.1357913669064748,0.0202733143114581,0.0554137257846523,0.050982999999999994,0.8299932825794895,1,1,1,0.0458452722063037,0.0401146131805157,0.0057306590257879,False,False,False,False,False,False,False,False,True,False,0,0,0,0,0,0,31.2702109280304
12043,1.0787730916695717,1.4354412118297668,0.0,milton,FL,2024-10-09,2,43.4793655903106,145.359375,2024,3.8,27.2,0.1261324041811846,0.0540244969378827,0.0212160979877515,0.038088000000000004,0.5881576777173017,1,1,0,0.009925558312655,0.0062034739454094,0.0,False,False,False,False,False,False,False,False,True,False,0,0,0,0,0,0,86.9587311806212
12045,1.1170212765957446,1.0881587508132726,1.0624999999999998,milton,FL,2024-10-09,2,9.37141893644035,0.0,2024,3.6,22.9,0.1850676072898295,0.0067041130639608,0.0282659902156187,0.053812,0.7907271702367531,1,1,1,0.0180831826401446,0.0271247739602169,0.0054249547920434,False,False,False,False,False,False,False,False,True,False,0,0,0,0,0,0,18.7428378728807
12047,1.297321050747046,1.380107757593096,1.343554569295945,milton,FL,2024-10-09,2,11.9532841078479,38.09375,2024,4.5,17.5,0.138446338149932,0.0140209125475285,0.0520437262357414,0.039346,0.5450585546986575,1,1,1,0.0350194552529182,0.0330739299610894,0.0019455252918287,False,False,False,False,False,False,False,False,True,False,0,0,0,0,0,0,23.9065682156958
12049,1.1586510982281375,1.1820361609746612,1.6398446170921193,milton,FL,2024-10-09,2,43.5060589468118,136.3920440673828,2024,6.7,16.4,0.0893925259287713,0.1248754980079681,0.0404631474103585,0.041395,0.4687882496940024,1,1,1,0.0235478806907378,0.0188383045525902,0.0031397174254317,False,False,False,False,False,False,False,False,True,False,0,0,0,0,0,0,87.0121178936236
12051,1.207704803898816,1.3605459181122834,1.377121771217712,milton,FL,2024-10-09,2,37.7606333824743,179.74374389648438,2024,7.3,13.4,0.0947480827104164,0.1545901255752281,0.0755791279931362,0.038843,0.3051313763598273,1,1,1,0.0346320346320346,0.0225108225108225,0.006060606060606,False,False,False,False,False,False,False,False,True,False,0,0,0,0,0,0,75.5212667649486
12053,1.1506354649240451,1.165332400697771,1.3844849935187955,milton,FL,2024-10-09,2,32.0896927855117,706.1015625,2024,4.5,26.9,0.1425670498084291,0.0180289847644187,0.0495636908804346,0.053301,0.7406112639128087,1,1,1,0.1610169491525423,0.1377118644067796,0.0360169491525423,False,False,False,False,False,False,False,False,True,False,0,0,0,0,0,0,64.1793855710234
12055,1.149109731813259,1.1818478615736203,1.3332639467110745,milton,FL,2024-10-09,2,40.2203353456348,128.99342346191406,2024,4.5,35.3,0.1407863383637807,0.033972303704209,0.0492075403051595,0.046895000000000006,0.6471180915691214,1,1,1,0.0530973451327433,0.0501474926253687,0.0127826941986234,False,False,False,False,False,False,False,False,True,False,0,0,0,0,0,0,80.4406706912696
12057,1.115264283405876,1.1564135086863825,1.2771893274476844,milton,FL,2024-10-09,2,44.4846519309003,344.58087158203125,2024,6.0,14.2,0.0848513121779072,0.0702657886182425,0.0604370518903243,0.064164,0.4574656690611209,1,1,1,0.821743388834476,0.5239960822722821,0.1126346718903036,False,False,False,False,False,False,False,False,True,False,0,0,0,0,0,0,88.9693038618006
12059,1.1513620932350748,1.1638934635697653,1.4016393442622952,milton,FL,2024-10-09,2,7.32757015300849,0.0,2024,4.8,19.9,0.1544106521410198,0.0038598999285203,0.0513223731236597,0.041809,0.8531013076883937,1,1,1,0.0209205020920502,0.0355648535564853,0.0,False,False,False,False,False,False,False,False,True,False,0,0,0,0,0,0,14.65514030601698
12061,1.1302842046796453,1.1211438483508704,1.1959672113657784,milton,FL,2024-10-09,2,37.6021992256671,187.64773559570312,2024,4.0,33.0,0.1005920169263945,0.0203701658330309,0.0449058806822664,0.061594,0.7348611910781786,1,1,1,0.1374501992031872,0.1215139442231075,0.0398406374501992,False,False,False,False,False,False,False,False,True,False,0,0,0,0,0,0,75.2043984513342
12063,1.1199319535015593,1.203923271975958,1.1206747029745905,milton,FL,2024-10-09,2,7.99617707018045,0.073529414832592,2024,5.1,19.6,0.1442139296780277,0.00788896138561,0.057120825671748,0.043415999999999996,0.6472875589086836,1,1,1,0.0424836601307189,0.0501089324618736,0.0054466230936819,False,False,False,False,False,False,False,False,True,False,0,0,0,0,0,0,15.9923541403609
12065,1.1245173745173749,1.633448319918232,1.121134020618557,milton,FL,2024-10-09,2,10.3842458874758,7.21875,2024,4.2,23.1,0.1052228183510347,0.0011123470522803,0.0580274378939562,0.053079999999999995,0.6009648518263266,1,1,1,0.0133779264214046,0.0267558528428093,0.0033444816053511,False,False,False,False,False,False,False,False,True,False,0,0,0,0,0,0,20.7684917749516
12067,1.3474475662841314,0.7442748091603054,1.0344827586206895,milton,FL,2024-10-09,2,13.2512871740993,129.27499389648438,2024,3.7,16.2,0.135523613963039,0.0547063555913113,0.0301689460981496,0.056458,0.738390469243861,1,0,0,0.003683241252302,0.009208103130755,0.0,False,False,False,False,False,False,False,False,True,False,0,0,0,0,0,0,26.5025743481986
12069,1.1439018529222655,1.2104239408859725,1.2872557474286437,milton,FL,2024-10-09,2,37.6713267265684,477.2058715820313,2024,4.8,26.3,0.1101444626560318,0.0257870261951758,0.0435783346157706,0.060013,0.6594870245548969,1,1,1,0.1724500525762355,0.1324921135646687,0.038906414300736,False,False,False,False,False,False,False,False,True,False,0,0,0,0,0,0,75.3426534531368
12071,1.1441277649091748,1.1655271363188229,1.2526868879866255,milton,FL,2024-10-09,2,46.8243388740594,277.878662109375,2024,4.5,28.4,0.0884689611768244,0.0477135377736363,0.0520876977170572,0.063235,0.6446659008283147,1,1,1,0.4507042253521127,0.3290653008962868,0.1024327784891165,False,False,False,False,False,False,False,False,True,False,0,0,0,0,0,0,93.6486777481188
12073,1.164704537661447,1.202333609605134,1.106328128800039,milton,FL,2024-10-09,2,9.73514546227791,0.0432692319154739,2024,5.1,13.6,0.090175708605874,0.0126022927165036,0.0674898238398327,0.057359,0.5388743249440447,1,1,1,0.18562874251497,0.1676646706586826,0.0464071856287425,False,False,False,False,False,False,False,False,True,False,0,0,0,0,0,0,19.47029092455582
12075,1.1454888212726548,1.2522522522522523,1.1997278500151194,milton,FL,2024-10-09,2,18.5827484714607,445.25,2024,5.0,24.5,0.1596986310584911,0.0152481447124304,0.0429035250463821,0.043029000000000005,0.7660258650821391,1,1,1,0.0375670840787119,0.0232558139534883,0.0053667262969588,False,False,False,False,False,False,False,False,True,False,0,0,0,0,0,0,37.1654969429214
12077,1.1420302760463046,1.289238247918498,1.852941176470588,milton,FL,2024-10-09,2,9.30720780788692,0.0,2024,3.0,13.9,0.1834600760456273,0.0,0.0570425625274243,0.042438000000000003,0.7184599949836971,1,1,1,0.0083832335329341,0.0095808383233532,0.0011976047904191,False,False,False,False,False,False,False,False,True,False,0,0,0,0,0,0,18.61441561577384
12079,1.346177750155376,1.354790535600392,1.2891478514202477,milton,FL,2024-10-09,2,11.1218119694368,17.011363983154297,2024,4.6,20.7,0.103562904875554,0.0149045179319981,0.0754541220307405,0.039503,0.5638913624220837,1,1,1,0.0100574712643678,0.0272988505747126,0.0028735632183908,False,False,False,False,False,False,False,False,True,False,0,0,0,0,0,0,22.2436239388736
12081,1.1519716198876442,1.1768806413230295,1.4437571686056037,milton,FL,2024-10-09,2,43.3112034685424,194.10546875,2024,4.5,27.5,0.0933199740319197,0.0270201082852278,0.0397173832349891,0.064964,0.6832478546946537,1,1,1,0.2587601078167116,0.1617250673854447,0.0498652291105121,False,False,False,False,False,False,False,False,True,False,0,0,0,0,0,0,86.6224069370848
12083,1.1341208801013585,1.145542738549158,1.2144635674610778,milton,FL,2024-10-09,2,24.0131211148273,544.1358032226562,2024,4.9,28.5,0.1089911777587753,0.0212287910922587,0.0474350477200424,0.050808,0.6752636283345925,1,1,1,0.1095717884130982,0.1095717884130982,0.0220403022670025,False,False,False,False,False,False,False,False,True,False,0,0,0,0,0,0,48.0262422296546
12085,1.1466882825165536,1.1317660867163766,1.2132119415625662,milton,FL,2024-10-09,2,38.4884346038615,178.9545440673828,2024,4.0,31.0,0.0861242591782347,0.0191958613178435,0.0523991044956737,0.06976900000000001,0.7524789971659587,1,1,1,0.151012891344383,0.1012891344383057,0.0441988950276243,False,False,False,False,False,False,False,False,True,False,0,0,0,0,0,0,76.976869207723
12086,1.148809891481022,1.1274405589423997,1.1520150359810442,milton,FL,2024-10-09,2,23.5910941492442,375.921875,2024,5.7,16.2,0.0623672405199187,0.2415696677848371,0.0969219875879878,0.057815,0.1338076155345742,1,1,1,0.6529752501316483,0.4365455502896261,0.0853080568720379,False,False,False,False,False,False,False,False,True,False,0,0,0,0,0,0,47.1821882984884
12087,1.1481682616911506,1.104249909189975,1.2245106382978723,milton,FL,2024-10-09,2,22.6084016986506,317.8828125,2024,4.5,22.5,0.0642532221379833,0.0540379870998424,0.0716939630829593,0.07315300000000001,0.6604121920023168,1,1,1,0.0732451678535096,0.0671414038657172,0.0162767039674465,False,False,False,False,False,False,False,False,True,False,0,0,0,0,0,0,45.2168033973012
12089,1.1150023031456235,1.1385471218731713,1.162398921832884,milton,FL,2024-10-09,2,13.2596041585322,276.18267822265625,2024,5.0,22.3,0.1304669077189121,0.0074659133492836,0.0300654348390072,0.077504,0.8391291836373296,1,1,1,0.0802469135802469,0.0570987654320987,0.0169753086419753,False,False,False,False,False,False,False,False,True,False,0,0,0,0,0,0,26.5192083170644
12091,1.0921642444779656,1.107167106886267,1.1153912993106645,milton,FL,2024-10-09,2,6.84083836003012,0.0,2024,6.4,15.8,0.1222774374457841,0.0197835788958855,0.0429418597542336,0.06739,0.6910397414819435,1,1,1,0.0989247311827957,0.1086021505376344,0.0354838709677419,False,False,False,False,False,False,False,False,True,False,0,0,0,0,0,0,13.68167672006024
12093,1.142857142857143,1.2308302781006886,1.3434038267875128,milton,FL,2024-10-09,2,42.5462031418156,137.59165954589844,2024,6.0,19.6,0.1277579010137149,0.0485331891307286,0.032040016222793,0.047020000000000006,0.6223135909595399,1,1,1,0.0468140442132639,0.0351105331599479,0.0078023407022106,False,False,False,False,False,False,False,False,True,False,0,0,0,0,0,0,85.0924062836312
12095,1.115541597035855,1.13119620878882,1.2369231768202935,milton,FL,2024-10-09,2,39.0202862700658,442.2335510253906,2024,5.9,12.0,0.0862941600325815,0.0825134864462267,0.0508066620098802,0.06578400000000001,0.3716057256830509,1,1,1,0.7860310421286031,0.5,0.1297117516629711,False,False,False,False,False,False,False,False,True,False,0,0,0,0,0,0,78.0405725401316
12097,1.1349821647701634,1.1394133542287237,1.3701348452344466,milton,FL,2024-10-09,2,40.3297239361861,247.40740966796875,2024,6.2,13.0,0.1133987354149012,0.1269381604270307,0.0464341479356548,0.058512999999999996,0.2916769585443168,1,1,1,0.1250941974378296,0.0844009042954031,0.0165787490580256,False,False,False,False,False,False,False,False,True,False,0,0,0,0,0,0,80.6594478723722
12099,1.178910824840704,1.1490326026594269,1.157811216119678,milton,FL,2024-10-09,2,36.8774784870088,97.8499984741211,2024,5.0,23.8,0.0749154864057053,0.0717013210719319,0.059524813334274,0.06887399999999999,0.522559779545648,1,1,1,0.2856415478615071,0.2194501018329938,0.0661914460285132,False,False,False,False,False,False,False,False,True,False,0,0,0,0,0,0,73.7549569740176
12101,1.1483121092501318,1.1699141769412411,1.3209884592814765,milton,FL,2024-10-09,2,40.1433092599551,719.7544555664062,2024,5.1,22.1,0.120186201849444,0.0225752123616083,0.0502259361856818,0.058084000000000004,0.6983115942415877,1,1,1,0.324396782841823,0.2479892761394102,0.0469168900804289,False,False,False,False,False,False,False,False,True,False,0,0,0,0,0,0,80.2866185199102
12103,1.1190228279738177,1.1686485508884572,1.285681689618619,milton,FL,2024-10-09,2,44.2363164711315,745.8541870117188,2024,4.2,24.8,0.1048388415318415,0.0280999687297043,0.0737088976018088,0.060451,0.7136461312450019,1,1,1,1.8974358974358976,1.2454212454212454,0.2637362637362637,False,False,False,False,False,False,False,False,True,False,0,0,0,0,0,0,88.472632942263
12105,1.1342963521538318,1.174050751918971,1.29517113070296,milton,FL,2024-10-09,2,41.6929128029763,192.4071350097656,2024,5.7,19.9,0.1108304563573385,0.0406946891120081,0.0525796080228139,0.055098999999999995,0.5415118489033799,1,1,1,0.2142459654980523,0.1613800779076238,0.030050083472454,False,False,False,False,False,False,False,False,True,False,0,0,0,0,0,0,83.3858256059526
12107,1.1371512017997396,1.1665882422139224,1.1985018726591758,milton,FL,2024-10-09,2,20.7639350095837,672.0625,2024,5.7,22.9,0.1393577963829911,0.0262219784739836,0.0789401521903064,0.039975000000000004,0.6893113841873406,1,1,1,0.0906593406593406,0.0576923076923076,0.0123626373626373,False,False,False,False,False,False,False,False,True,False,0,0,0,0,0,0,41.5278700191674
12109,1.1802609676206843,1.109991371639658,1.2239358733701995,milton,FL,2024-10-09,2,18.5637694988147,619.0865478515625,2024,4.9,20.1,0.0733550225719401,0.0109682141363446,0.0230029276453366,0.088794,0.7842296790710432,1,1,1,0.1866666666666666,0.1516666666666666,0.0466666666666666,False,False,False,False,False,False,False,False,True,False,0,0,0,0,0,0,37.1275389976294
12111,1.1191171233646964,1.1431886580369122,1.2463246367665408,milton,FL,2024-10-09,2,40.7370478477197,185.9715881347656,2024,5.0,24.0,0.1056131566414561,0.0408721130080369,0.043540176452294,0.059807,0.5362061319579863,1,1,1,0.2241681260945709,0.2119089316987741,0.0402802101576182,False,False,False,False,False,False,False,False,True,False,0,0,0,0,0,0,81.4740956954394
12113,1.0859110995580974,1.1156100870996806,1.131072262950133,milton,FL,2024-10-09,2,6.4982123471592,0.0,2024,5.5,16.0,0.1156336725254394,0.0068854206769923,0.0300441259217579,0.07726000000000001,0.7846702127659575,1,1,1,0.0602766798418972,0.0642292490118577,0.0138339920948616,False,False,False,False,False,False,False,False,True,False,0,0,0,0,0,0,12.9964246943184
12115,1.173879757662826,1.1761749709463634,1.2906836282732874,milton,FL,2024-10-09,2,45.1111919698101,213.0,2024,3.4,36.5,0.0862174477390284,0.0257060792170088,0.0461574955007915,0.06949,0.805749229273328,1,1,1,0.3471223021582734,0.2356115107913669,0.1151079136690647,False,False,False,False,False,False,False,False,True,False,0,0,0,0,0,0,90.2223839396202
12117,1.122391812607526,1.1477781741784598,1.1609769233956166,milton,FL,2024-10-09,2,36.4061717457317,447.1499938964844,2024,5.2,15.6,0.0752349821644129,0.0303110713081358,0.036182010160815,0.073002,0.5608338855191396,1,1,1,0.7411003236245954,0.4207119741100323,0.1423948220064725,False,False,False,False,False,False,False,False,True,False,0,0,0,0,0,0,72.8123434914634
12119,1.1348597492939445,1.300869882596265,1.3627211275708326,milton,FL,2024-10-09,2,33.2350464964924,609.0208129882812,2024,1.8,57.6,0.1090500671576119,0.0047362510375807,0.0368158070343907,0.063323,0.8417057155188359,1,1,1,0.0987432675044883,0.0897666068222621,0.0197486535008976,False,False,False,False,False,False,False,False,True,False,0,0,0,0,0,0,66.4700929929848
12121,1.2130981010034003,1.2368217714158494,1.156761815629387,milton,FL,2024-10-09,2,12.9189502680207,91.21428680419922,2024,5.1,20.3,0.1776992390231477,0.0089415816664458,0.0768313683931646,0.047218,0.7283433776510098,1,1,1,0.0566860465116279,0.0581395348837209,0.0116279069767441,False,False,False,False,False,False,False,False,True,False,0,0,0,0,0,0,25.8379005360414
12123,1.249296804680468,1.2954545454545454,1.277611940298507,milton,FL,2024-10-09,2,12.028112158523,53.38541412353515,2024,4.3,19.2,0.1975050422051243,0.0006877579092159,0.0596973865199449,0.043563000000000004,0.7170581758120756,1,1,1,0.0162991371045062,0.022051773729626,0.0047938638542665,False,False,False,False,False,False,False,False,True,False,0,0,0,0,0,0,24.056224317046
12125,1.1386522075910146,1.141326646911329,1.1740121580547114,milton,FL,2024-10-09,2,15.2405172915043,389.015625,2024,5.1,15.5,0.1434926283680732,0.0,0.0514271653543307,0.055463,0.7174707375983155,1,1,1,0.0288065843621399,0.0246913580246913,0.0041152263374485,False,False,False,False,False,False,False,False,True,False,0,0,0,0,0,0,30.4810345830086
12127,1.1189701341189329,1.1276146883318166,1.2592374302942375,milton,FL,2024-10-09,2,34.1316814202159,493.4972839355469,2024,4.6,24.3,0.1255401845555089,0.0163364235745004,0.0558824687512304,0.056786,0.6856323718301921,1,1,1,0.2479564032697547,0.1834695731153496,0.0517711171662125,False,False,False,False,False,False,False,False,True,False,0,0,0,0,0,0,68.2633628404318
12129,1.1965601965601964,1.1459701347341795,1.1559236586244146,milton,FL,2024-10-09,2,10.1824098265379,2.0486111640930176,2024,4.8,15.1,0.099821063394683,0.0025741168116456,0.0249423042783596,0.072941,0.7696659163606208,1,1,1,0.0231023102310231,0.028052805280528,0.0033003300330033,False,False,False,False,False,False,False,False,True,False,0,0,0,0,0,0,20.3648196530758
12131,1.2279250920343596,1.1117494416400933,1.101081764540601,milton,FL,2024-10-09,2,7.25683508158458,0.0,2024,5.8,19.5,0.1243735335523228,0.012060168312239,0.0413491484991054,0.068111,0.8053117322886927,1,1,1,0.0404624277456647,0.0472061657032755,0.01252408477842,False,False,False,False,False,False,False,False,True,False,0,0,0,0,0,0,14.51367016316916
12133,1.1020226055919096,1.3364810936820894,1.142527409117138,milton,FL,2024-10-09,2,7.78147717133236,0.03125,2024,4.0,17.3,0.1466784765279008,0.005986671184909,0.0390827967920478,0.041805999999999996,0.7695710561655739,1,1,0,0.0136986301369863,0.0291095890410958,0.0017123287671232,False,False,False,False,False,False,False,False,True,False,0,0,0,0,0,0,15.56295434266472
37001,1.0700406439983274,1.026846253028922,1.032923417268527,elsa,NC,2021-07-07,2,17.1211011965195,15.916666984558104,2021,5.8,16.7,0.0894940444335713,0.0230278535989504,0.0470208562681907,0.055078,0.5978881661464865,1,0,0,0.2174940898345153,0.2293144208037825,0.0520094562647754,False,False,False,True,False,False,False,False,False,False,0,1,0,0,0,0,34.242202393039
37003,1.0550960209575282,1.0331355435195089,1.098294884653962,elsa,NC,2021-07-07,2,16.9434567627856,10.421875,2021,4.4,20.2,0.1226892024447295,0.0028156490812092,0.0297125074096028,0.055041,0.8476841180990012,0,0,1,0.0965250965250965,0.0733590733590733,0.0424710424710424,False,False,False,True,False,False,False,False,False,False,0,1,0,0,0,0,33.8869135255712
37005,1.205695243865495,1.0939597315436242,1.6261061946902653,elsa,NC,2021-07-07,2,15.7972711147203,16.52083396911621,2021,4.2,27.5,0.1632075471698113,0.0157166806370494,0.0569991617770326,0.03893,0.8436811168258633,1,1,1,0.0341880341880341,0.0512820512820512,0.0085470085470085,False,False,False,True,False,False,False,False,False,False,0,1,0,0,0,0,31.5945422294406
37007,1.0199904301132436,1.0450415165282785,1.041247484909457,elsa,NC,2021-07-07,2,13.8956253900889,23.421875,2021,5.0,18.7,0.1409587995930824,0.0090681302947142,0.0708745973034244,0.039862,0.4802992518703242,0,0,0,0.032015065913371,0.0489642184557438,0.0056497175141242,False,False,False,True,False,False,False,False,False,False,0,1,0,0,0,0,27.7912507801778
37009,1.3449576495500266,1.0560344827586208,1.0393805309734514,elsa,NC,2021-07-07,2,14.257743270432,35.27678680419922,2021,4.0,25.8,0.1173877989787691,0.0138189883135716,0.0511814381984133,0.043938000000000005,0.9040900026338564,1,0,0,0.0305164319248826,0.0539906103286385,0.0234741784037558,False,False,False,True,False,False,False,False,False,False,0,1,0,0,0,0,28.515486540864
37011,1.5226720068659705,1.3527031154551008,1.212487899322362,elsa,NC,2021-07-07,2,13.5794755381328,34.015625,2021,3.5,21.8,0.1363348129359543,0.0064283474443399,0.0493885230479774,0.046383,0.873244973604403,1,1,1,0.048582995951417,0.0890688259109311,0.0445344129554655,False,False,False,True,False,False,False,False,False,False,0,1,0,0,0,0,27.1589510762656
37013,1.1860676885718624,1.1177619290202072,1.062362497884583,elsa,NC,2021-07-07,2,8.54771776521852,158.88333129882812,2021,4.8,23.7,0.1122423407054695,0.0103342483449055,0.0718014963130416,0.051893999999999996,0.6591194123443519,1,1,1,0.0444711538461538,0.0372596153846153,0.0132211538461538,False,False,False,True,False,False,False,False,False,False,0,1,0,0,0,0,17.09543553043704
37015,1.1495977089867722,1.1451602158417162,0.8737864077669903,elsa,NC,2021-07-07,2,12.1350738222644,129.6826934814453,2021,4.2,23.3,0.1864364364364364,0.0,0.1001669449081803,0.037571,0.3511765361882458,1,1,0,0.0214592274678111,0.0257510729613733,0.0057224606580829,False,False,False,True,False,False,False,False,False,False,0,1,0,0,0,0,24.2701476445288
37017,1.246861200103905,1.1921789340217284,1.0097375105842503,elsa,NC,2021-07-07,2,8.48658101385019,164.0390625,2021,5.1,22.0,0.112454044117647,0.0212321615036547,0.0884963452836756,0.039259,0.5346889144092414,1,1,0,0.0262857142857142,0.0445714285714285,0.0068571428571428,False,False,False,True,False,False,False,False,False,False,0,1,0,0,0,0,16.97316202770038
37019,1.327790577529056,1.2427533768303172,1.214755140979436,elsa,NC,2021-07-07,2,5.87857658764603,243.0249938964844,2021,3.7,31.9,0.1218293665153089,0.0079222306787518,0.0248564311907562,0.0644,0.8099610075131864,1,1,1,0.068235294117647,0.0764705882352941,0.0376470588235294,False,False,False,True,False,False,False,False,False,False,0,1,0,0,0,0,11.75715317529206
37021,1.0890177102011742,1.0803975451712604,1.1000402576489532,elsa,NC,2021-07-07,2,12.5916776336109,9.505681991577148,2021,4.8,20.1,0.0971871890984735,0.0207868694182959,0.0555249818971759,0.059698999999999995,0.7974036191974823,1,1,1,0.2804878048780488,0.2134146341463414,0.1371951219512195,False,False,False,True,False,False,False,False,False,False,0,1,0,0,0,0,25.1833552672218
37023,1.1272184918000052,1.0982163073284863,1.057372453746963,elsa,NC,2021-07-07,2,15.8215075718991,33.78472137451172,2021,4.8,20.2,0.1600691147398079,0.0230393297649522,0.049685827321387,0.048142000000000004,0.7841041452552244,1,1,0,0.1007905138339921,0.1047430830039525,0.0415019762845849,False,False,False,True,False,False,False,False,False,False,0,1,0,0,0,0,31.6430151437982
37025,1.017912322866596,0.9951759397787648,0.92310255769391,elsa,NC,2021-07-07,2,17.9797785312817,17.678571701049805,2021,6.2,13.1,0.0776016889514426,0.0161537743273707,0.0394173436311977,0.075765,0.5924651467644506,0,0,0,0.2409972299168975,0.2437673130193905,0.1357340720221606,False,False,False,True,False,False,False,False,False,False,0,1,0,0,0,0,35.9595570625634
37027,1.0911919401437145,1.0456142163446636,0.9869545402757208,elsa,NC,2021-07-07,2,15.7583100196759,26.40625,2021,5.0,20.1,0.1540839516075128,0.008322864321608,0.0521670854271356,0.048549,0.8414918414918415,1,0,0,0.0912951167728237,0.1019108280254777,0.0403397027600849,False,False,False,True,False,False,False,False,False,False,0,1,0,0,0,0,31.5166200393518
37029,1.1505494505494505,1.0859461936244026,0.0,elsa,NC,2021-07-07,2,10.4530275420056,140.5,2021,5.4,15.7,0.128429081067782,0.0044831223628691,0.0229430379746835,0.06856,0.7918879768227909,1,1,0,0.025,0.0166666666666666,0.0,False,False,False,True,False,False,False,False,False,False,0,1,0,0,0,0,20.9060550840112
37031,1.308987022190725,1.2369278625388829,1.0533159947984396,elsa,NC,2021-07-07,2,6.06416418164212,79.0,2021,4.0,25.2,0.1223320410684616,0.0074162758987661,0.0411387142904652,0.061805,0.8500723931093579,1,1,0,0.0887573964497041,0.0927021696252465,0.0532544378698224,False,False,False,True,False,False,False,False,False,False,0,1,0,0,0,0,12.12832836328424
37033,1.04908264074016,1.0547798671320794,1.3793103448275863,elsa,NC,2021-07-07,2,18.0052910059666,6.659722328186035,2021,4.5,21.7,0.1576706324358171,0.0079115764979639,0.0693426410703897,0.05327900000000001,0.6173469387755102,0,0,0,0.0447058823529411,0.0447058823529411,0.0023529411764705,False,False,False,True,False,False,False,False,False,False,0,1,0,0,0,0,36.0105820119332
37035,1.1025378179198762,1.0395768929082267,1.03386434872524,elsa,NC,2021-07-07,2,17.370974731287,10.053571701049805,2021,5.5,17.7,0.1064027117753757,0.0224024232480358,0.0511153882560817,0.05784,0.722993586949754,1,1,0,0.2743142144638404,0.2593516209476309,0.1246882793017456,False,False,False,True,False,False,False,False,False,False,0,1,0,0,0,0,34.741949462574
37037,1.0143969954096537,0.9802728525930504,0.9662984761751188,elsa,NC,2021-07-07,2,14.7335907409958,19.32589340209961,2021,4.6,24.5,0.0878811896135265,0.025955921402018,0.034320233669676,0.076791,0.6959035196958773,0,0,0,0.0543318649045521,0.0616740088105726,0.0220264317180616,False,False,False,True,False,False,False,False,False,False,0,1,0,0,0,0,29.4671814819916
37039,1.1548453440857305,1.1254535305609823,1.1177347242921014,elsa,NC,2021-07-07,2,9.18950474979242,142.89285278320312,2021,3.7,30.0,0.1189662537377189,0.0029100315253415,0.0392854255921105,0.043319,0.8815597414332383,1,1,1,0.0461538461538461,0.0351648351648351,0.0329670329670329,False,False,False,True,False,False,False,False,False,False,0,1,0,0,0,0,18.37900949958484
37041,1.238516502211637,1.1345917111202295,1.1922141119221412,elsa,NC,2021-07-07,2,11.4066858608523,167.4375,2021,5.4,26.0,0.1310762046274676,0.0167464114832535,0.1033492822966507,0.046287999999999996,0.6031514444120222,1,1,0,0.0465116279069767,0.0581395348837209,0.0174418604651162,False,False,False,True,False,False,False,False,False,False,0,1,0,0,0,0,22.8133717217046
37043,1.3106796116504853,1.050266006237388,0.9574468085106383,elsa,NC,2021-07-07,2,10.0385421366071,61.54166793823242,2021,4.1,30.7,0.1092987592360239,0.0034937888198757,0.0807453416149068,0.047155,0.9057624673099468,1,0,0,0.02803738317757,0.0186915887850467,0.0233644859813084,False,False,False,True,False,False,False,False,False,False,0,1,0,0,0,0,20.0770842732142
37045,1.0738737902383548,1.0572803519868004,0.9930201915886188,elsa,NC,2021-07-07,2,17.3012052248049,32.96875,2021,5.7,18.3,0.1128886165649892,0.0042001909177689,0.0700122732851493,0.045646,0.7050211517398688,1,1,0,0.1336206896551724,0.1379310344827586,0.0495689655172413,False,False,False,True,False,False,False,False,False,False,0,1,0,0,0,0,34.6024104496098
37047,1.105473748715823,1.1504413843553218,1.0972712218302254,elsa,NC,2021-07-07,2,7.04659058877022,218.05902099609375,2021,5.3,19.8,0.1286573920724301,0.0179407176287051,0.0618824752990119,0.040562,0.5929913280524662,1,1,0,0.0426439232409381,0.0586353944562899,0.009594882729211,False,False,False,True,False,False,False,False,False,False,0,1,0,0,0,0,14.09318117754044
37049,1.10229707883755,1.05481858427993,1.0159256408738382,elsa,NC,2021-07-07,2,7.69929756420822,132.13021850585938,2021,6.2,19.4,0.1171356834970901,0.0216724393864423,0.0599208312716477,0.056325,0.6446882446386021,1,1,0,0.0807365439093484,0.0609065155807365,0.0396600566572237,False,False,False,True,False,False,False,False,False,False,0,1,0,0,0,0,15.39859512841644
37051,1.0435057438468192,1.050255196759195,1.077490774907749,elsa,NC,2021-07-07,2,15.5072766963143,121.2272720336914,2021,7.5,12.0,0.1352122544943417,0.0217245401812109,0.0681538535291391,0.050746,0.3979380272938027,1,1,1,0.2407975460122699,0.2070552147239263,0.0766871165644171,False,False,False,True,False,False,False,False,False,False,0,1,0,0,0,0,31.0145533926286
37053,1.2778794940079894,1.2463678213457834,1.1291058394160585,elsa,NC,2021-07-07,2,10.6046056980016,142.16070556640625,2021,5.2,16.5,0.0807058823529411,0.0071014763595589,0.0089702859278639,0.079416,0.8364768683274021,1,1,0,0.0766283524904214,0.0957854406130268,0.0306513409961685,False,False,False,True,False,False,False,False,False,False,0,1,0,0,0,0,21.2092113960032
37055,1.2350996313702638,1.2090927043954185,1.1255357934670147,elsa,NC,2021-07-07,2,7.32716908994746,75.3671875,2021,4.1,21.9,0.0801509769094138,0.012822132390096,0.0237493683678625,0.0695,0.8647162400108357,1,1,1,0.1357702349869451,0.1227154046997389,0.0548302872062663,False,False,False,True,False,False,False,False,False,False,0,1,0,0,0,0,14.65433817989492
37057,1.1065342814973838,1.0462990822927634,0.996703018006594,elsa,NC,2021-07-07,2,18.0043315663726,11.551136016845703,2021,5.4,18.1,0.1109875044067531,0.0126295046726181,0.0483832442599946,0.053083,0.7665127567631563,1,0,0,0.1735985533453888,0.1717902350813743,0.0542495479204339,False,False,False,True,False,False,False,False,False,False,0,1,0,0,0,0,36.0086631327452
37059,1.0827808414399898,0.9680424916968792,1.0846114950278107,elsa,NC,2021-07-07,2,17.9367472896262,12.574999809265137,2021,4.9,20.8,0.1214884962501589,0.0095594092775292,0.044855689686868,0.06465699999999999,0.8149700318411688,0,0,0,0.0684410646387832,0.1406844106463878,0.0418250950570342,False,False,False,True,False,False,False,False,False,False,0,1,0,0,0,0,35.8734945792524
37061,1.138401393787447,1.111284289276808,1.0739209097958131,elsa,NC,2021-07-07,2,9.13284340300812,115.15416717529295,2021,6.1,18.5,0.1296068796068796,0.0589600040349019,0.0490744943763554,0.045744,0.5120599404700811,1,1,0,0.0528255528255528,0.0638820638820638,0.0184275184275184,False,False,False,True,False,False,False,False,False,False,0,1,0,0,0,0,18.26568680601624
37063,1.0317889636360498,1.0729661373060488,1.017655308967907,elsa,NC,2021-07-07,2,17.8633731123535,10.885416984558104,2021,6.2,13.3,0.0703362228199867,0.0410207740166614,0.070449375574336,0.067,0.411805450800873,0,1,0,0.5909090909090909,0.465034965034965,0.1608391608391608,False,False,False,True,False,False,False,False,False,False,0,1,0,0,0,0,35.726746224707
37065,1.1871238787328262,1.0710281985685128,1.0182119205298013,elsa,NC,2021-07-07,2,17.9586971615607,43.05555725097656,2021,5.6,19.8,0.129384170621284,0.0076847188327535,0.1026533049483358,0.041974,0.354601226993865,1,1,0,0.0732673267326732,0.0554455445544554,0.0079207920792079,False,False,False,True,False,False,False,False,False,False,0,1,0,0,0,0,35.9173943231214
37067,1.0671719606677952,1.0163447251114412,0.9535362613983492,elsa,NC,2021-07-07,2,17.9882723829843,10.135416984558104,2021,5.8,16.0,0.0847808651688815,0.0246530059541589,0.0701156978712388,0.05683,0.5439922632583183,1,0,0,0.4398034398034398,0.4545454545454545,0.2088452088452088,False,False,False,True,False,False,False,False,False,False,0,1,0,0,0,0,35.9765447659686
37069,1.0588462315990663,1.007627758369468,0.9359469906129212,elsa,NC,2021-07-07,2,17.5428432019589,26.8984375,2021,5.5,16.8,0.126745372956108,0.0183331370470694,0.0378439916774624,0.062332,0.616642118618115,0,0,0,0.0712830957230142,0.0692464358452138,0.0325865580448065,False,False,False,True,False,False,False,False,False,False,0,1,0,0,0,0,35.0856864039178
37071,1.047427561951471,1.039760406952485,0.9822123113623398,elsa,NC,2021-07-07,2,17.91430664179,20.27777862548828,2021,5.8,16.0,0.1146803616570634,0.0158043061661593,0.0574343366024123,0.056819,0.6740851879636576,1,1,0,0.3971830985915493,0.2957746478873239,0.0845070422535211,False,False,False,True,False,False,False,False,False,False,0,1,0,0,0,0,35.82861328358
37073,1.1403097137494134,1.1894776972931758,1.216216216216216,elsa,NC,2021-07-07,2,14.1222389193136,102.8125,2021,3.5,20.8,0.1507996001999,0.0140130466296206,0.048079246194733,0.051599,0.6399121969841572,1,1,0,0.0147058823529411,0.0117647058823529,0.0029411764705882,False,False,False,True,False,False,False,False,False,False,0,1,0,0,0,0,28.2444778386272
37075,1.053850607990735,1.0391084750474957,1.0875331564986737,elsa,NC,2021-07-07,2,9.38010077180043,218.22915649414065,2021,4.5,23.7,0.134519081333103,0.0177777777777777,0.0682539682539682,0.041976999999999993,0.8574097135740971,0,0,0,0.0103092783505154,0.0343642611683848,0.0068728522336769,False,False,False,True,False,False,False,False,False,False,0,1,0,0,0,0,18.76020154360086
37077,1.0938865797313448,1.0267462996624257,1.0090556274256146,elsa,NC,2021-07-07,2,17.8607651310195,52.01250076293945,2021,5.0,17.1,0.1137403901701995,0.0121143289797463,0.0437724777588491,0.060606,0.5510558761804827,1,0,0,0.0772128060263653,0.0847457627118644,0.0112994350282485,False,False,False,True,False,False,False,False,False,False,0,1,0,0,0,0,35.721530262039
37079,1.0507064836155928,0.9756850160454212,0.7777777777777778,elsa,NC,2021-07-07,2,12.1569847776569,62.42500305175781,2021,5.0,16.7,0.1701167538141967,0.0287653046172001,0.0668240153414957,0.045766,0.4715661825827588,0,0,0,0.0451127819548872,0.0526315789473684,0.0112781954887218,False,False,False,True,False,False,False,False,False,False,0,1,0,0,0,0,24.3139695553138
37081,1.0033316455150718,1.0113051748735462,0.8162447375024395,elsa,NC,2021-07-07,2,18.0023457540699,9.15625,2021,5.8,15.2,0.0821494457298344,0.0236161868684459,0.0640404194616463,0.058646000000000004,0.4722713324798309,0,0,0,0.3968992248062015,0.3968992248062015,0.1922480620155038,False,False,False,True,False,False,False,False,False,False,0,1,0,0,0,0,36.0046915081398
37083,1.130577892587809,1.3134963454608384,1.0622097007538265,elsa,NC,2021-07-07,2,17.8104198419712,25.072114944458008,2021,5.4,20.9,0.147818994853334,0.0056860691306299,0.1044441119257818,0.037832,0.392209287976636,1,1,1,0.0456431535269709,0.0636237897648686,0.0138312586445366,False,False,False,True,False,False,False,False,False,False,0,1,0,0,0,0,35.6208396839424
37085,1.063941747020508,1.0590718793425444,0.9701448936667444,elsa,NC,2021-07-07,2,16.4109085085865,64.57386779785156,2021,7.2,12.6,0.1241884961611051,0.0117684545937334,0.0467551779075942,0.059676,0.5830438428366076,1,1,0,0.1161616161616161,0.1296296296296296,0.0168350168350168,False,False,False,True,False,False,False,False,False,False,0,1,0,0,0,0,32.821817017173
37087,1.1209820058177775,1.131056215182038,1.194288885342464,elsa,NC,2021-07-07,2,11.2018995992924,27.04166603088379,2021,4.5,24.5,0.1306915733809491,0.0057956740785635,0.0489791279972726,0.052063000000000005,0.89685773647506,1,1,1,0.0886075949367088,0.0687160940325497,0.0379746835443038,False,False,False,True,False,False,False,False,False,False,0,1,0,0,0,0,22.4037991985848
37089,1.0342409240924093,1.052889796132921,1.0231715667866847,elsa,NC,2021-07-07,2,13.5608395603178,14.145833969116213,2021,4.7,25.7,0.0997432573906974,0.0202188833240586,0.0359240709825017,0.059927999999999995,0.7890111024156999,0,1,0,0.2069892473118279,0.1612903225806451,0.0994623655913978,False,False,False,True,False,False,False,False,False,False,0,1,0,0,0,0,27.1216791206356
37091,1.123392529087569,1.066297177625832,1.0765741728922091,elsa,NC,2021-07-07,2,15.4849363785613,85.04464721679688,2021,4.4,20.4,0.155568573846254,0.0043673419871406,0.1027538517530025,0.043523000000000006,0.3118504083147735,1,1,0,0.0566572237960339,0.0594900849858356,0.0283286118980169,False,False,False,True,False,False,False,False,False,False,0,1,0,0,0,0,30.9698727571226
37093,0.978753145093654,1.0218948724140708,0.7846153846153847,elsa,NC,2021-07-07,2,17.5432825826308,80.73214721679688,2021,8.2,10.4,0.1666581450046017,0.0214628635978537,0.0470488562552951,0.053456000000000004,0.3776160669713144,0,0,0,0.0666666666666666,0.0666666666666666,0.0051282051282051,False,False,False,True,False,False,False,False,False,False,0,1,0,0,0,0,35.0865651652616
37095,1.0401849217638692,0.9528688524590164,0.9541858932102836,elsa,NC,2021-07-07,2,7.51106815519334,109.89583587646484,2021,5.7,20.6,0.1151832460732984,0.029,0.016,0.048576999999999995,0.638047504903029,0,0,0,0.0065359477124183,0.0130718954248366,0.0049019607843137,False,False,False,True,False,False,False,False,False,False,0,1,0,0,0,0,15.02213631038668
37097,1.0725117241250202,1.062477527389068,1.0209740664280569,elsa,NC,2021-07-07,2,17.6960885503013,10.3125,2021,5.4,15.8,0.0830321654261554,0.0171964786140912,0.0319868655702437,0.066824,0.7305737226355568,1,1,0,0.1550522648083623,0.1898954703832752,0.1045296167247386,False,False,False,True,False,False,False,False,False,False,0,1,0,0,0,0,35.3921771006026
37099,1.1747383707528465,1.170983318700615,0.9936962750716332,elsa,NC,2021-07-07,2,11.2828240325561,21.3515625,2021,4.0,19.9,0.0981288343558282,0.012070291698716,0.0435477190698775,0.047989,0.7608620009742745,1,1,0,0.0570264765784114,0.0570264765784114,0.0325865580448065,False,False,False,True,False,False,False,False,False,False,0,1,0,0,0,0,22.5656480651122
37101,1.042639075130236,1.0744341080097444,0.966517903049997,elsa,NC,2021-07-07,2,17.9480581483221,68.34821319580078,2021,6.1,13.3,0.1102254342768743,0.0182866751619132,0.0455590441533873,0.066026,0.6317807026884383,1,1,0,0.1275252525252525,0.1515151515151515,0.0454545454545454,False,False,False,True,False,False,False,False,False,False,0,1,0,0,0,0,35.8961162966442
37103,1.138663967611336,1.2413415967918338,2.1634615384615388,elsa,NC,2021-07-07,2,7.92490600871817,117.22917175292967,2021,4.5,23.0,0.1704189652601759,0.0,0.0754167769251124,0.042401,0.6309419973833406,1,1,1,0.0127388535031847,0.0063694267515923,0.0021231422505307,False,False,False,True,False,False,False,False,False,False,0,1,0,0,0,0,15.84981201743634
37105,1.0232475328110693,1.0117631934177542,1.025616145934407,elsa,NC,2021-07-07,2,17.2380183388519,36.724998474121094,2021,6.3,16.4,0.144484462685317,0.0336809351610461,0.0404087124716171,0.057673999999999996,0.5697242632535356,0,0,0,0.1568627450980392,0.0941176470588235,0.0666666666666666,False,False,False,True,False,False,False,False,False,False,0,1,0,0,0,0,34.4760366777038
37107,1.1163334838471328,1.0867275608164788,0.9850778546712804,elsa,NC,2021-07-07,2,10.0466719035457,83.70535278320312,2021,5.6,19.8,0.192228836795692,0.0187991391048447,0.0924583827469583,0.041092,0.4822393962483219,1,1,0,0.1052631578947368,0.1203007518796992,0.0476190476190476,False,False,False,True,False,False,False,False,False,False,0,1,0,0,0,0,20.0933438070914
37109,1.065444577694021,1.016888448081109,0.9917638006212774,elsa,NC,2021-07-07,2,17.6286825415143,13.796875,2021,5.1,18.0,0.1091397275320752,0.0183090688952544,0.0333992853556979,0.065399,0.8254924547863149,1,0,0,0.1796610169491525,0.1898305084745762,0.0745762711864406,False,False,False,True,False,False,False,False,False,False,0,1,0,0,0,0,35.2573650830286
37111,1.1483367817921375,1.052901836034366,0.9892360832195356,elsa,NC,2021-07-07,2,14.3191037328397,24.5625,2021,5.1,20.4,0.1546331391944778,0.0103245647756603,0.0604096875171618,0.050615,0.8476827134460945,1,0,0,0.0546697038724373,0.0728929384965831,0.0250569476082004,False,False,False,True,False,False,False,False,False,False,0,1,0,0,0,0,28.6382074656794
37113,1.1519244088255665,1.1092634256089209,1.407601572739187,elsa,NC,2021-07-07,2,10.7303947822443,61.63068389892578,2021,4.5,28.3,0.1218129155958063,0.0092651943359944,0.0656721636268282,0.048169,0.8519749284054682,1,1,1,0.0601941747572815,0.0485436893203883,0.033009708737864,False,False,False,True,False,False,False,False,False,False,0,1,0,0,0,0,21.4607895644886
37115,1.0894745677354374,1.0737448955080469,1.0525260625501205,elsa,NC,2021-07-07,2,11.425037087723,10.7421875,2021,4.6,22.3,0.1280558789289872,0.0002415458937198,0.0407004830917874,0.051396000000000004,0.9075166328504696,1,1,0,0.0267260579064587,0.0311804008908685,0.0111358574610244,False,False,False,True,False,False,False,False,False,False,0,1,0,0,0,0,22.850074175446
37117,1.082593037214886,1.0252207834425962,0.8868894601542415,elsa,NC,2021-07-07,2,11.9308601166894,107.7734375,2021,5.2,23.3,0.1460815837589054,0.004750593824228,0.084107104297128,0.041798,0.5232626753211383,1,0,0,0.043859649122807,0.0263157894736842,0.0175438596491228,False,False,False,True,False,False,False,False,False,False,0,1,0,0,0,0,23.8617202333788
37119,1.055215090779844,1.0244455505370509,0.9457393573110202,elsa,NC,2021-07-07,2,18.0051935821621,13.431249618530272,2021,6.5,11.3,0.0583063417100694,0.0476051629848333,0.0564351343781137,0.073124,0.4470560708285745,1,1,0,1.0210325047801148,0.7246653919694073,0.4474187380497132,False,False,False,True,False,False,False,False,False,False,0,1,0,0,0,0,36.0103871643242
37121,1.1947221111555375,1.1291103578817625,1.026252983293556,elsa,NC,2021-07-07,2,12.8566263201672,21.515625,2021,4.7,24.6,0.1242188979359969,0.0066790928859894,0.0712954333643988,0.04832,0.9067972891364154,1,1,0,0.0361990950226244,0.0678733031674208,0.0226244343891402,False,False,False,True,False,False,False,False,False,False,0,1,0,0,0,0,25.7132526403344
37123,1.0461008966579115,1.1789133190540717,1.0925644916540216,elsa,NC,2021-07-07,2,15.4057105203686,16.6875,2021,5.2,20.3,0.1539250067439978,0.0150351185250219,0.0473002633889376,0.050618,0.6409071492369228,0,1,0,0.0366598778004073,0.0610997963340122,0.0162932790224032,False,False,False,True,False,False,False,False,False,False,0,1,0,0,0,0,30.8114210407372
37125,1.046674336888585,1.0103956323386432,1.0080990577057862,elsa,NC,2021-07-07,2,17.5816615628653,23.33854103088379,2021,5.9,23.7,0.1057947900053163,0.0149772139426037,0.0456706490947161,0.06744,0.7559738084971973,0,0,0,0.0760401721664275,0.0803443328550932,0.0301291248206599,False,False,False,True,False,False,False,False,False,False,0,1,0,0,0,0,35.1633231257306
37127,1.0762557515337423,1.1035246109325618,1.0186040651772217,elsa,NC,2021-07-07,2,17.991615103771,20.79374885559082,2021,5.6,18.2,0.1190726490335421,0.0061637804520105,0.0664674333591269,0.052837,0.487701379382963,1,1,0,0.1648148148148148,0.1314814814814814,0.0388888888888888,False,False,False,True,False,False,False,False,False,False,0,1,0,0,0,0,35.983230207542
37129,1.160341801021726,1.1149032696769774,0.99483839956052,elsa,NC,2021-07-07,2,6.18789961427052,166.25,2021,4.7,17.9,0.0887272220965243,0.0103421493684339,0.0652107264031394,0.062362,0.7405782846408095,1,1,0,0.5677083333333334,0.625,0.453125,False,False,False,True,False,False,False,False,False,False,0,1,0,0,0,0,12.37579922854104
37131,1.4063478805596157,1.227349725373441,1.549586776859504,elsa,NC,2021-07-07,2,17.9780846524362,47.5,2021,4.4,26.3,0.1248217431423538,0.004596458023523,0.0874678923888062,0.039764,0.3912197355617881,1,1,1,0.0186567164179104,0.0223880597014925,0.001865671641791,False,False,False,True,False,False,False,False,False,False,0,1,0,0,0,0,35.9561693048724
37133,1.160742371815036,1.140095526576762,1.081682718517173,elsa,NC,2021-07-07,2,6.85992314075038,100.57588958740234,2021,8.4,9.3,0.1525094381523428,0.0109320393957773,0.0384570949946567,0.054731999999999996,0.6330116924761457,1,1,1,0.0931758530183727,0.0931758530183727,0.0328083989501312,False,False,False,True,False,False,False,False,False,False,0,1,0,0,0,0,13.71984628150076
37135,1.0610502952499692,1.072634760794603,1.0118962304715495,elsa,NC,2021-07-07,2,14.9952718920152,10.65625,2021,4.3,14.4,0.0563545444646402,0.0211927057663873,0.0423306500191665,0.079205,0.6492239199440469,1,1,0,0.1435768261964735,0.1108312342569269,0.0377833753148614,False,False,False,True,False,False,False,False,False,False,0,1,0,0,0,0,29.9905437840304
37137,1.1248969874553612,1.0891181988742966,1.3733075435203093,elsa,NC,2021-07-07,2,6.79562650021994,112.80207824707033,2021,3.1,29.8,0.1454853862212943,0.0140625,0.05390625,0.052124000000000004,0.7416096448354513,1,0,1,0.0297619047619047,0.0178571428571428,0.0089285714285714,False,False,False,True,False,False,False,False,False,False,0,1,0,0,0,0,13.59125300043988
37139,1.050103132768013,1.0461464463558172,1.0021535148438705,elsa,NC,2021-07-07,2,11.1092868373221,153.77499389648438,2021,6.2,17.1,0.1150886470727821,0.0138769006042095,0.0679237766416572,0.05651,0.5318724117531058,1,1,0,0.1017699115044247,0.1371681415929203,0.0663716814159292,False,False,False,True,False,False,False,False,False,False,0,1,0,0,0,0,22.2185736746442
37141,1.204868154158215,1.1777027945106209,1.1131123919308357,elsa,NC,2021-07-07,2,7.1441619878254,134.11328125,2021,5.5,17.7,0.1288633375671279,0.0121396724495651,0.0364190173486955,0.065681,0.73780376393203,1,1,1,0.0309988518943742,0.0355912743972445,0.0160734787600459,False,False,False,True,False,False,False,False,False,False,0,1,0,0,0,0,14.2883239756508
37143,1.0954623287671232,1.0874411064390292,1.0714285714285714,elsa,NC,2021-07-07,2,10.4686639259896,165.02084350585938,2021,4.4,27.5,0.142337426102774,0.0078492935635792,0.0411651840223268,0.053138,0.7176470588235294,1,1,0,0.0283400809716599,0.0283400809716599,0.0080971659919028,False,False,False,True,False,False,False,False,False,False,0,1,0,0,0,0,20.9373278519792
37145,1.0699560888948478,1.0526908353974334,1.0112514986627317,elsa,NC,2021-07-07,2,17.4609102119572,10.614583969116213,2021,5.6,19.9,0.1662060388309265,0.0031393231619262,0.0538079989954165,0.055759,0.6428114689106581,0,0,0,0.0663265306122449,0.0790816326530612,0.0229591836734693,False,False,False,True,False,False,False,False,False,False,0,1,0,0,0,0,34.9218204239144
37147,1.0086754643206255,1.0126744927119096,1.046857696566999,elsa,NC,2021-07-07,2,11.3897257111793,75.28125,2021,5.7,13.4,0.1084719558352719,0.0184862372423876,0.0838417634323952,0.050421999999999995,0.5100767726132646,0,0,1,0.107361963190184,0.1165644171779141,0.0567484662576687,False,False,False,True,False,False,False,False,False,False,0,1,0,0,0,0,22.7794514223586
37149,1.1539162943375585,1.08940206185567,1.1342592592592593,elsa,NC,2021-07-07,2,15.2514613999875,14.274999618530272,2021,3.9,30.5,0.1410529639276975,0.0076779897626803,0.0416472778036296,0.055058,0.8648592715231788,1,1,1,0.080168776371308,0.0548523206751054,0.0126582278481012,False,False,False,True,False,False,False,False,False,False,0,1,0,0,0,0,30.502922799975
37151,1.0717342331264204,1.0654428143482602,0.967921379566104,elsa,NC,2021-07-07,2,17.8062686331377,12.664772987365724,2021,5.6,17.7,0.1446464683269872,0.0172355040622702,0.0403178076295353,0.051598,0.7515658488877791,1,1,0,0.0805626598465473,0.1253196930946291,0.0319693094629156,False,False,False,True,False,False,False,False,False,False,0,1,0,0,0,0,35.6125372662754
37153,1.056756669673927,1.0519258383309402,0.9987841510513518,elsa,NC,2021-07-07,2,15.3713414823759,27.418750762939453,2021,6.2,17.6,0.1253402584399737,0.0251043456911367,0.1014608396759145,0.038926,0.5497601639267918,1,1,0,0.080338266384778,0.1014799154334038,0.0169133192389006,False,False,False,True,False,False,False,False,False,False,0,1,0,0,0,0,30.7426829647518
37155,1.1900132703762,1.2215719163961136,1.0108153078202993,elsa,NC,2021-07-07,2,11.0472785607803,147.18359375,2021,6.6,15.2,0.1241932499646281,0.0173291352003977,0.0869534338675694,0.036736,0.2502274092508367,1,1,0,0.1140443505807814,0.1203801478352692,0.013727560718057,False,False,False,True,False,False,False,False,False,False,0,1,0,0,0,0,22.0945571215606
37157,1.042867004752675,1.0191613861686322,0.9791390586927716,elsa,NC,2021-07-07,2,17.9933611793374,7.275000095367432,2021,5.0,20.4,0.1320925672865545,0.0084374835205399,0.0673943996203132,0.046993,0.7049486256257136,0,0,0,0.1415929203539823,0.127433628318584,0.0336283185840707,False,False,False,True,False,False,False,False,False,False,0,1,0,0,0,0,35.9867223586748
37159,1.0551911928324649,1.036738268232397,0.9816056810336324,elsa,NC,2021-07-07,2,17.9991561723384,17.08333396911621,2021,5.6,17.4,0.1257499594616507,0.0234838244570604,0.0654771559881049,0.0536,0.6817702127659574,1,1,0,0.162426614481409,0.162426614481409,0.0371819960861056,False,False,False,True,False,False,False,False,False,False,0,1,0,0,0,0,35.9983123446768
37161,1.100116858042882,1.030498028730684,1.0073300267743497,elsa,NC,2021-07-07,2,16.1555672083877,25.65909194946289,2021,5.0,21.5,0.1588625915205176,0.0123818707810993,0.0605978784956605,0.0455,0.8073055676246043,1,1,0,0.0867256637168141,0.0778761061946902,0.0371681415929203,False,False,False,True,False,False,False,False,False,False,0,1,0,0,0,0,32.3111344167754
37163,1.0593996337288,1.022997420377333,0.9619028622718658,elsa,NC,2021-07-07,2,12.0816946474098,113.37171173095705,2021,6.4,17.9,0.1107507994415169,0.0273483388938489,0.0504205629434707,0.045127,0.5035740903855275,1,1,0,0.0402116402116402,0.0592592592592592,0.0126984126984126,False,False,False,True,False,False,False,False,False,False,0,1,0,0,0,0,24.1633892948196
37165,1.0273244427865336,1.0398679052648825,1.038921793787018,elsa,NC,2021-07-07,2,17.1134767489435,63.46875,2021,6.6,17.8,0.1150812811846129,0.0057311282135254,0.1103651547404617,0.039866,0.4168958857611049,0,0,0,0.1065830721003134,0.0815047021943573,0.0344827586206896,False,False,False,True,False,False,False,False,False,False,0,1,0,0,0,0,34.226953497887
37167,1.124326845609125,1.0432132669513297,1.0729624327393,elsa,NC,2021-07-07,2,17.9954444886735,21.96875,2021,5.2,19.0,0.1291557612857173,0.0052892142343333,0.0506072017941014,0.056462000000000005,0.7782701907077947,1,1,0,0.0860759493670886,0.1316455696202531,0.0455696202531645,False,False,False,True,False,False,False,False,False,False,0,1,0,0,0,0,35.990888977347
37169,1.1170433101670731,1.0447584789311408,1.4027149321266972,elsa,NC,2021-07-07,2,17.7919112851192,11.215277671813965,2021,4.3,20.9,0.1554993678887484,0.0047930979389678,0.0270543750332854,0.052637,0.8896900269541779,1,1,1,0.0512249443207126,0.0757238307349666,0.0155902004454342,False,False,False,True,False,False,False,False,False,False,0,1,0,0,0,0,35.5838225702384
37171,1.09837061130382,1.0694358338499692,1.069151393808717,elsa,NC,2021-07-07,2,17.0339132485402,11.287500381469728,2021,5.3,20.4,0.1440708433461371,0.0140195084431702,0.0547495018005104,0.050881,0.8095825333875194,1,1,0,0.0883458646616541,0.1090225563909774,0.0507518796992481,False,False,False,True,False,False,False,False,False,False,0,1,0,0,0,0,34.0678264970804
37173,1.2858525426711245,1.26448301687299,1.3544018058690743,elsa,NC,2021-07-07,2,9.95313662439404,48.45833206176758,2021,5.0,18.8,0.1430298521342881,0.0038147138964577,0.0781108083560399,0.048608,0.6050152298647021,1,1,1,0.0246679316888045,0.0360531309297912,0.0037950664136622,False,False,False,True,False,False,False,False,False,False,0,1,0,0,0,0,19.90627324878808
37175,1.1568835098335857,1.1234903895220274,1.0466303607896528,elsa,NC,2021-07-07,2,12.6641247572305,27.696428298950195,2021,4.1,30.1,0.0854498092845846,0.0068730957273435,0.0423722808757882,0.05783,0.8652761777723883,1,1,0,0.0582010582010582,0.0502645502645502,0.0396825396825396,False,False,False,True,False,False,False,False,False,False,0,1,0,0,0,0,25.328249514461
37177,1.210007803355443,1.1811302908489003,1.2121212121212122,elsa,NC,2021-07-07,2,7.90561455914323,143.0625,2021,3.3,22.6,0.1007000538502961,0.0014134275618374,0.0692579505300353,0.040938,0.5790446841294299,1,1,0,0.0102564102564102,0.0153846153846153,0.0025641025641025,False,False,False,True,False,False,False,False,False,False,0,1,0,0,0,0,15.81122911828646
37179,1.0435667255026686,0.9976536441517956,0.9713201553123896,elsa,NC,2021-07-07,2,17.9388415912925,25.823863983154297,2021,5.5,12.6,0.0619650786717831,0.0176621258267174,0.0272705261682362,0.088465,0.6761867988433145,0,0,0,0.1518987341772152,0.1550632911392405,0.0696202531645569,False,False,False,True,False,False,False,False,False,False,0,1,0,0,0,0,35.877683182585
37181,1.0975272954909507,1.1074906607678825,1.005855685681904,elsa,NC,2021-07-07,2,17.9588579136198,41.375,2021,6.3,18.4,0.1469788377981307,0.0034240179294029,0.0879038784784909,0.045243000000000005,0.3814880924421062,1,1,0,0.1944444444444444,0.1904761904761904,0.0357142857142857,False,False,False,True,False,False,False,False,False,False,0,1,0,0,0,0,35.9177158272396
37183,0.9947814384505956,0.9802977432959928,0.9560407221485324,elsa,NC,2021-07-07,2,17.5238812994694,35.202205657958984,2021,6.0,11.8,0.0627409763396553,0.0244229457246816,0.0388137697089144,0.08847100000000001,0.5711123506963813,0,0,0,0.5095923261390888,0.4916067146282973,0.2673860911270983,False,False,False,True,False,False,False,False,False,False,0,1,0,0,0,0,35.0477625989388
37185,1.4364657386940678,1.22286832863147,1.500521014241056,elsa,NC,2021-07-07,2,18.0036986692722,22.89583396911621,2021,4.3,25.6,0.1493924231593995,0.0069794493989918,0.0973245443970531,0.039588,0.3867074348245896,1,1,1,0.0396270396270396,0.0279720279720279,0.0139860139860139,False,False,False,True,False,False,False,False,False,False,0,1,0,0,0,0,36.0073973385444
37187,1.2084257206208429,1.1912745936698033,0.8386075949367089,elsa,NC,2021-07-07,2,9.35473749319548,199.28570556640625,2021,1.6,25.1,0.1530148593884318,0.0046577561765897,0.1719319562575941,0.032937,0.4506043806234663,1,1,0,0.0144508670520231,0.0260115606936416,0.0115606936416184,False,False,False,True,False,False,False,False,False,False,0,1,0,0,0,0,18.70947498639096
37189,1.2296363873322038,1.2135007003555651,1.099230913524667,elsa,NC,2021-07-07,2,14.0428833867456,34.97321319580078,2021,3.1,16.2,0.0857037819953127,0.0043258832011535,0.0424417207402066,0.048786,0.8317494360832748,1,1,1,0.1025641025641025,0.0961538461538461,0.0705128205128205,False,False,False,True,False,False,False,False,False,False,0,1,0,0,0,0,28.0857667734912
37191,1.0855932203389829,1.005663914019928,1.0140655538111565,elsa,NC,2021-07-07,2,12.7876500887439,80.26136016845703,2021,6.4,16.4,0.1129877157231835,0.0310515172900494,0.0751480934967173,0.049488,0.5130611166508996,1,0,0,0.1229656419529837,0.1247739602169981,0.0596745027124773,False,False,False,True,False,False,False,False,False,False,0,1,0,0,0,0,25.5753001774878
37193,1.0968849687102342,1.0665016307701352,1.0127829710552991,elsa,NC,2021-07-07,2,16.4042364717523,13.084821701049805,2021,4.9,21.6,0.1512514503563732,0.005574912891986,0.0447093343113882,0.046079,0.8536736952204823,0,0,0,0.0743691899070385,0.0690571049136786,0.0225763612217795,False,False,False,True,False,False,False,False,False,False,0,1,0,0,0,0,32.8084729435046
37195,1.100354295837024,1.0881165426071655,1.013546697225178,elsa,NC,2021-07-07,2,17.9407724362957,46.59821701049805,2021,5.9,18.3,0.1156544025899571,0.0186366479049405,0.0917135709818636,0.047348,0.4582910235580829,1,1,0,0.1416893732970027,0.1335149863760218,0.0517711171662125,False,False,False,True,False,False,False,False,False,False,0,1,0,0,0,0,35.8815448725914
37197,1.1176930478710607,1.1009015656344394,0.9967497291440957,elsa,NC,2021-07-07,2,17.5170959365011,7.822916507720947,2021,4.9,19.7,0.1101470060953746,0.0190842268527884,0.0505091375008429,0.051348,0.8157413876498092,1,1,0,0.0538922155688622,0.0808383233532934,0.0239520958083832,False,False,False,True,False,False,False,False,False,False,0,1,0,0,0,0,35.0341918730022
37199,1.1803252380442923,1.1117989352482356,1.0775992725068202,elsa,NC,2021-07-07,2,12.6453470926939,15.276785850524902,2021,4.6,25.9,0.1311346062805744,0.0105014439485429,0.0409556313993174,0.045323999999999996,0.9001082837033026,1,1,0,0.0256410256410256,0.032051282051282,0.0224358974358974,False,False,False,True,False,False,False,False,False,False,0,1,0,0,0,0,25.2906941853878
45001,1.173154835300335,1.0599078341013823,1.4835164835164838,elsa,SC,2021-07-07,2,17.5352942540758,29.450000762939453,2021,5.0,21.7,0.1008341787848044,0.0047755491881566,0.0620821394460362,0.04571,0.6891953076764766,1,0,0,0.0346232179226069,0.0224032586558044,0.0020366598778004,False,False,False,True,False,False,False,False,False,False,0,0,0,0,1,0,35.0705885081516
45003,1.032297573321654,1.0307201759208358,1.0127113175893665,elsa,SC,2021-07-07,2,15.2161394861383,29.824403762817383,2021,5.7,19.5,0.1070591069707677,0.0091818453269632,0.0555091071961779,0.057572000000000005,0.6392943462395148,1,1,0,0.1074766355140186,0.0813084112149532,0.025233644859813,False,False,False,True,False,False,False,False,False,False,0,0,0,0,1,0,30.4322789722766
45005,1.082976903336185,1.0032733224222588,0.6733167082294266,elsa,SC,2021-07-07,2,14.3667373268214,42.8125,2021,4.3,20.0,0.2179746370152545,0.0,0.1588541666666666,0.0318,0.2469212588630426,1,0,0,0.0245098039215686,0.0196078431372549,0.0073529411764705,False,False,False,True,False,False,False,False,False,False,0,0,0,0,1,0,28.7334746536428
45007,1.0663328328291308,1.051455430984828,1.049289335882304,elsa,SC,2021-07-07,2,16.0351228239375,14.90384578704834,2021,5.7,17.9,0.1195356477363476,0.0082069105484803,0.0626997818255619,0.056796,0.7480733170362953,1,1,1,0.1514726507713885,0.1402524544179523,0.0659186535764375,False,False,False,True,False,False,False,False,False,False,0,0,0,0,1,0,32.070245647875
45009,1.1336611022181569,1.0486204900636698,1.068702290076336,elsa,SC,2021-07-07,2,15.0635890276655,31.05208396911621,2021,4.9,21.7,0.1437994722955145,0.0013152126260412,0.1505918456817185,0.044408,0.3763804372323642,1,0,0,0.0254452926208651,0.0432569974554707,0.005089058524173,False,False,False,True,False,False,False,False,False,False,0,0,0,0,1,0,30.127178055331
45011,1.0183875530410185,1.0145100939784195,1.0653409090909092,elsa,SC,2021-07-07,2,10.0148757974794,30.53125,2021,5.7,18.4,0.1788664745437079,0.0038773779231794,0.1361928995516781,0.038237,0.5027927534120161,0,0,0,0.0310218978102189,0.041970802919708,0.0127737226277372,False,False,False,True,False,False,False,False,False,False,0,0,0,0,1,0,20.0297515949588
45013,1.2159857655125157,1.0733280339596971,1.0197970973650838,elsa,SC,2021-07-07,2,2.88539988604787,165.72158813476562,2021,5.0,27.4,0.0881227981882234,0.0178354718627705,0.0366390771370522,0.074199,0.6771378335479941,1,1,0,0.1267361111111111,0.125,0.0711805555555555,False,False,False,True,False,False,False,False,False,False,0,0,0,0,1,0,5.77079977209574
45015,1.050749668073531,1.0268026850203078,1.0218605696892131,elsa,SC,2021-07-07,2,3.85705826897297,198.2916717529297,2021,6.3,14.0,0.101063829787234,0.0181126241303442,0.0363560682642564,0.070786,0.5996667551259239,1,0,0,0.0689029918404351,0.0761559383499546,0.0299184043517679,False,False,False,True,False,False,False,False,False,False,0,0,0,0,1,0,7.71411653794594
45017,1.1073029264434484,1.1445276352317657,1.3500000000000003,elsa,SC,2021-07-07,2,12.5992318524444,40.63541412353515,2021,4.9,22.9,0.11103515625,0.0025911210917256,0.045603731214372,0.052491,0.5512430058786033,1,1,1,0.0236220472440944,0.0341207349081364,0.0052493438320209,False,False,False,True,False,False,False,False,False,False,0,0,0,0,1,0,25.1984637048888
45019,1.0846382479028658,1.0665395691614126,0.9979411911205566,elsa,SC,2021-07-07,2,3.39198900793228,175.47793579101562,2021,5.7,16.5,0.0676280586429657,0.0176106474117233,0.0602074434177524,0.07080700000000001,0.6456085343000968,1,1,0,0.2191930207197382,0.1668484187568157,0.128680479825518,False,False,False,True,False,False,False,False,False,False,0,0,0,0,1,0,6.78397801586456
45021,1.0700947681265072,1.095549080031461,0.929326655537006,elsa,SC,2021-07-07,2,17.6496264694127,28.765625,2021,5.8,16.5,0.1183570984312731,0.0119538921303543,0.0674066695128314,0.04133,0.7039988615340829,1,1,0,0.1020408163265306,0.1071428571428571,0.0306122448979591,False,False,False,True,False,False,False,False,False,False,0,0,0,0,1,0,35.2992529388254
45023,1.0008481764206951,1.0708807270411853,1.1217328170377543,elsa,SC,2021-07-07,2,18.0046787394746,11.652777671813965,2021,5.6,18.4,0.1245897604200853,0.0018150252525252,0.0746527777777777,0.046441,0.5756796928221961,0,1,0,0.0310344827586206,0.0568965517241379,0.0068965517241379,False,False,False,True,False,False,False,False,False,False,0,0,0,0,1,0,36.0093574789492
45025,1.0356598963056756,1.046299733405325,0.9090909090909092,elsa,SC,2021-07-07,2,15.1122375095253,35.00833511352539,2021,5.5,18.5,0.1480595025297664,0.0107063889212149,0.0946700802979169,0.045046,0.5968848935826034,0,1,0,0.0538847117794486,0.0601503759398496,0.0100250626566416,False,False,False,True,False,False,False,False,False,False,0,0,0,0,1,0,30.2244750190506
45027,1.1444351230425056,1.274173806609547,0.9998431618569634,elsa,SC,2021-07-07,2,6.22026422899992,94.88838958740234,2021,4.5,23.6,0.1676646706586826,0.0091497626240828,0.1101424255502805,0.045542,0.4915553557667608,1,1,0,0.0461285008237232,0.0708401976935749,0.0164744645799011,False,False,False,True,False,False,False,False,False,False,0,0,0,0,1,0,12.44052845799984
45029,1.0523777370502556,1.2010274299407293,1.133828996282528,elsa,SC,2021-07-07,2,3.19882537684908,101.00283813476562,2021,5.5,19.8,0.1218754363915654,0.0058436815193571,0.0879872501494123,0.041419,0.5651227852036058,1,1,0,0.0179924242424242,0.0397727272727272,0.0094696969696969,False,False,False,True,False,False,False,False,False,False,0,0,0,0,1,0,6.39765075369816
45031,1.0165159079604282,1.0213561562955749,1.0246974561620157,elsa,SC,2021-07-07,2,16.0865904536008,100.5625,2021,5.6,19.1,0.1422045387562629,0.0060620468322833,0.0905741114941162,0.040704000000000004,0.5376520149431683,0,1,1,0.1,0.1053571428571428,0.0232142857142857,False,False,False,True,False,False,False,False,False,False,0,0,0,0,1,0,32.1731809072016
45033,1.1378906073860309,1.2977989979874107,1.054445210199862,elsa,SC,2021-07-07,2,9.71678535573574,147.19790649414062,2021,7.1,16.4,0.1270259038648012,0.016193154271308,0.1241151944148162,0.03978,0.4590343560016966,1,1,0,0.0666666666666666,0.0839506172839506,0.0172839506172839,False,False,False,True,False,False,False,False,False,False,0,0,0,0,1,0,19.43357071147148
45035,1.1174139192998305,1.0492955486376323,1.0461949669675727,elsa,SC,2021-07-07,2,3.68808539931076,92.38888549804688,2021,5.8,14.0,0.0996599342115717,0.0183590130743625,0.0304038982876359,0.06804600000000001,0.6137489166769841,1,1,0,0.0915492957746478,0.1197183098591549,0.0352112676056338,False,False,False,True,False,False,False,False,False,False,0,0,0,0,1,0,7.37617079862152
45037,1.0082987551867222,0.9972499907094284,1.0619469026548674,elsa,SC,2021-07-07,2,18.0053590015772,34.79861068725586,2021,3.7,19.1,0.1079080638878067,0.025928367391782,0.075368050977807,0.055183,0.5803484429200608,0,0,0,0.022,0.028,0.01,False,False,False,True,False,False,False,False,False,False,0,0,0,0,1,0,36.0107180031544
45039,1.0143859442249867,1.0370423494818377,1.1423012784880493,elsa,SC,2021-07-07,2,17.7843578963986,14.33035659790039,2021,4.3,21.8,0.1289492310662119,0.0,0.0649691710436172,0.041755,0.4059098720641588,0,1,0,0.0160349854227405,0.0495626822157434,0.0087463556851311,False,False,False,True,False,False,False,False,False,False,0,0,0,0,1,0,35.5687157927972
45041,1.041610750677933,1.0293340418503785,0.916992611907866,elsa,SC,2021-07-07,2,8.86693208943818,209.15834045410156,2021,5.9,17.0,0.1012613540951072,0.007588190998436,0.0760749937247784,0.051902000000000004,0.5035860468849181,1,1,0,0.1325,0.15375,0.045,False,False,False,True,False,False,False,False,False,False,0,0,0,0,1,0,17.73386417887636
45043,1.1555771900984726,1.1603743654822334,1.1228997396860458,elsa,SC,2021-07-07,2,4.43121904436937,225.5036773681641,2021,4.3,28.0,0.1195785404488025,0.0035033086804203,0.0527831841183339,0.055719000000000005,0.6495804681092675,1,1,1,0.050430504305043,0.054120541205412,0.023370233702337,False,False,False,True,False,False,False,False,False,False,0,0,0,0,1,0,8.86243808873874
45045,1.0329756924498097,1.0102592432218316,1.0006181632488511,elsa,SC,2021-07-07,2,15.8455741020445,7.425000190734863,2021,6.1,15.8,0.0905355005636586,0.0246775998832059,0.0558129349360066,0.065513,0.6543763105717232,0,0,0,0.286624203821656,0.2624203821656051,0.175796178343949,False,False,False,True,False,False,False,False,False,False,0,0,0,0,1,0,31.691148204089
45047,1.0772679427702625,1.050363426937284,0.9698443076604768,elsa,SC,2021-07-07,2,17.9991728993184,27.41964340209961,2021,5.9,18.5,0.0926760399945848,0.0058022844214137,0.0841878626427763,0.044513,0.5857882366512379,0,1,0,0.1208791208791208,0.0791208791208791,0.0395604395604395,False,False,False,True,False,False,False,False,False,False,0,0,0,0,1,0,35.9983457986368
45049,1.0838891739353511,1.1527623086109955,1.074643660915229,elsa,SC,2021-07-07,2,5.41632194051082,63.29545211791992,2021,5.6,18.8,0.1490642201834862,0.0117768290887678,0.0912704254379508,0.038298,0.4203437314799849,1,1,1,0.0268336314847942,0.0429338103756708,0.0125223613595706,False,False,False,True,False,False,False,False,False,False,0,0,0,0,1,0,10.83264388102164
45051,1.200477471215739,1.157139687331359,1.0726304229090928,elsa,SC,2021-07-07,2,5.84950956789597,297.3303527832031,2021,4.5,24.5,0.1342647475049941,0.0131417661523375,0.0442466699849192,0.054688,0.7570001338920715,1,1,1,0.1862312444836716,0.176522506619594,0.0803177405119152,False,False,False,True,False,False,False,False,False,False,0,0,0,0,1,0,11.69901913579194
45053,1.0904035621461527,1.2807577927084484,0.9574010327022374,elsa,SC,2021-07-07,2,2.83228842407016,141.4375,2021,5.7,20.1,0.1224183796856106,0.0259833994947672,0.0419523637675929,0.047811,0.4534750442846723,1,1,0,0.0305343511450381,0.0595419847328244,0.0213740458015267,False,False,False,True,False,False,False,False,False,False,0,0,0,0,1,0,5.66457684814032
45055,1.0351562500000002,0.9885830034066844,0.9837728194726166,elsa,SC,2021-07-07,2,11.6018819972102,43.82500076293945,2021,5.3,18.4,0.1291184146142554,0.0042166981245733,0.0365447170796353,0.056449,0.6634405149610874,1,0,0,0.0550964187327823,0.0578512396694214,0.0206611570247933,False,False,False,True,False,False,False,False,False,False,0,0,0,0,1,0,23.2037639944204
45057,0.9960342074353664,0.9789069618658036,0.983448898176292,elsa,SC,2021-07-07,2,16.7640509865188,27.90625,2021,5.7,20.9,0.0940924846965115,0.0062846681421974,0.0400032789572915,0.067407,0.6762102149641727,0,0,0,0.0965391621129326,0.116575591985428,0.0364298724954462,False,False,False,True,False,False,False,False,False,False,0,0,0,0,1,0,33.5281019730376
45059,1.0116029807070672,1.0193393313927843,1.041082648622523,elsa,SC,2021-07-07,2,17.867124145702,11.036458015441896,2021,5.7,18.3,0.1310301284454353,0.0127363341507792,0.0605173641325844,0.046754,0.6567760849287079,0,0,0,0.0674157303370786,0.0674157303370786,0.0252808988764044,False,False,False,True,False,False,False,False,False,False,0,0,0,0,1,0,35.734248291404
45061,1.0420660001036108,1.1043606742228358,1.0504885993485342,elsa,SC,2021-07-07,2,14.7769060844754,77.90625,2021,5.0,18.8,0.1372821090972162,0.0028472002530844,0.1232204998418222,0.036195,0.3460770673280503,1,1,0,0.0390243902439024,0.0390243902439024,0.0024390243902439,False,False,False,True,False,False,False,False,False,False,0,0,0,0,1,0,29.5538121689508
45063,1.0426670523575352,1.013772317223769,1.008360206741176,elsa,SC,2021-07-07,2,13.5359224520037,27.86160659790039,2021,5.7,15.9,0.1019105750261495,0.011486020020711,0.0445633413876423,0.065623,0.7104095023317041,1,1,0,0.2320916905444126,0.3108882521489971,0.1074498567335243,False,False,False,True,False,False,False,False,False,False,0,0,0,0,1,0,27.0718449040074
45065,1.1608066184074457,1.123635395402503,1.1024498886414251,elsa,SC,2021-07-07,2,18.0047296485549,32.54861068725586,2021,2.7,34.8,0.1392680514342235,0.0005307855626326,0.0528131634819532,0.053193,0.5411505353768633,1,0,0,0.0251396648044692,0.0195530726256983,0.0083798882681564,False,False,False,True,False,False,False,False,False,False,0,0,0,0,1,0,36.0094592971098
45067,1.0750050271465916,1.0426660426660426,1.0131950989632423,elsa,SC,2021-07-07,2,7.01513997256373,218.9187469482422,2021,5.8,19.9,0.1297796795338674,0.0060863150129103,0.1267982294356326,0.034465,0.3796730973511976,1,0,0,0.0552147239263803,0.0552147239263803,0.0204498977505112,False,False,False,True,False,False,False,False,False,False,0,0,0,0,1,0,14.03027994512746
45069,1.0573103223705629,1.1526541471491445,1.5362731152204838,elsa,SC,2021-07-07,2,16.9776722359304,85.47321319580078,2021,5.4,17.7,0.1741144414168937,0.0054656521273175,0.1401779016182617,0.032136000000000005,0.3958450519368507,1,1,1,0.0709812108559499,0.0647181628392484,0.0083507306889352,False,False,False,True,False,False,False,False,False,False,0,0,0,0,1,0,33.9553444718608
45071,1.046177744304274,1.0566655349787648,1.0546963410033947,elsa,SC,2021-07-07,2,18.0025126680417,8.885416984558105,2021,5.7,19.7,0.107195248488318,0.0196868600118913,0.0565501750677148,0.05095,0.6000954426151277,1,1,0,0.046031746031746,0.0619047619047619,0.0222222222222222,False,False,False,True,False,False,False,False,False,False,0,0,0,0,1,0,36.0050253360834
45073,1.143766631859063,1.085705756235243,0.9967719621858424,elsa,SC,2021-07-07,2,12.9534986864706,18.639423370361328,2021,4.7,23.1,0.1662277637448272,0.0070033628482399,0.0565513837040693,0.052842,0.8230310277710636,1,1,0,0.0798722044728434,0.0766773162939297,0.0431309904153354,False,False,False,True,False,False,False,False,False,False,0,0,0,0,1,0,25.9069973729412
45075,1.0698689956331875,1.1079696059374449,0.969857568731368,elsa,SC,2021-07-07,2,14.0135360030257,38.85000228881836,2021,5.4,19.8,0.0921056799822599,0.0071819425444596,0.0807424449695311,0.038052,0.3299217553399902,1,1,0,0.0596745027124773,0.0867992766726944,0.0126582278481012,False,False,False,True,False,False,False,False,False,False,0,0,0,0,1,0,28.0270720060514
45077,1.065377218394722,1.051080550098232,1.036539721156545,elsa,SC,2021-07-07,2,14.0014413730094,4.703125,2021,4.9,16.6,0.1103542906782756,0.007423439459525,0.066345725959788,0.053188,0.8161623694864693,1,1,0,0.1129032258064516,0.1189516129032258,0.0685483870967741,False,False,False,True,False,False,False,False,False,False,0,0,0,0,1,0,28.0028827460188
45079,1.0197482308299517,1.0166186229944405,0.9834725193351984,elsa,SC,2021-07-07,2,10.2535450082329,29.826923370361328,2021,5.7,12.9,0.110750029212894,0.0140734314832959,0.0649999063851564,0.056137,0.4148630171549957,1,0,0,0.2589167767503302,0.2840158520475561,0.1017173051519154,False,False,False,True,False,False,False,False,False,False,0,0,0,0,1,0,20.5070900164658
45081,0.9927628618569068,0.980186968047998,3.9130434782608705,elsa,SC,2021-07-07,2,17.9995470057024,21.14285659790039,2021,5.9,19.7,0.1041430192962542,0.0303030303030303,0.0575619205756192,0.046451,0.5971795143675114,0,0,1,0.0309734513274336,0.0243362831858407,0.0022123893805309,False,False,False,True,False,False,False,False,False,False,0,0,0,0,1,0,35.9990940114048
45083,1.0663388898012809,1.0342458688927598,1.0305634743167198,elsa,SC,2021-07-07,2,17.1613465892652,16.245834350585938,2021,6.1,16.0,0.1143114637355209,0.0207302284422011,0.0516780833142145,0.057627000000000005,0.6537864675591545,1,1,0,0.2264851485148515,0.2648514851485148,0.1002475247524752,False,False,False,True,False,False,False,False,False,False,0,0,0,0,1,0,34.3226931785304
45085,1.0817267901874883,1.1018813533606433,1.0151315789473685,elsa,SC,2021-07-07,2,14.2880820069187,73.32691955566406,2021,6.6,16.4,0.1268766712319833,0.0023290593052048,0.0860035793964058,0.04904,0.4399749895789912,1,1,0,0.1037593984962406,0.0902255639097744,0.0240601503759398,False,False,False,True,False,False,False,False,False,False,0,0,0,0,1,0,28.5761640138374
45087,1.0506547558623494,1.053884698217552,1.384228187919463,elsa,SC,2021-07-07,2,17.9961103151734,16.75694465637207,2021,5.6,20.0,0.1906800756745992,0.0016143497757847,0.0853811659192825,0.040048,0.6342313903978858,0,1,1,0.0292397660818713,0.0526315789473684,0.0058479532163742,False,False,False,True,False,False,False,False,False,False,0,0,0,0,1,0,35.9922206303468
45089,1.1952878076812568,1.0658518199440017,0.9627329192546584,elsa,SC,2021-07-07,2,5.45630108596875,230.8125,2021,5.0,21.1,0.1552507225765013,0.0009142287234042,0.148188164893617,0.040124,0.3218590859279314,1,1,0,0.032119914346895,0.0289079229122055,0.0053533190578158,False,False,False,True,False,False,False,False,False,False,0,0,0,0,1,0,10.9126021719375
45091,1.026181650974873,1.0136108365703604,0.998608137044968,elsa,SC,2021-07-07,2,17.9989084029864,27.083332061767575,2021,5.8,14.4,0.0767218553609595,0.008501454443089,0.0365768978136436,0.07223399999999999,0.6665071431103549,0,0,0,0.2261380323054332,0.198237885462555,0.0837004405286343,False,False,False,True,False,False,False,False,False,False,0,0,0,0,1,0,35.9978168059728
48001,0.9514003294892917,1.0294016197795224,0.941065830721003,delta,TX,2020-10-09,2,10.4841387081641,106.19078826904295,2020,5.2,14.5,0.1374666975558902,0.0182678885719487,0.0597802998118589,0.049735999999999995,0.5714236386865095,0,1,0,0.0310734463276836,0.0386064030131826,0.0160075329566855,False,False,True,False,False,False,False,False,False,False,0,0,0,0,0,1,20.9682774163282
48003,0.9937718157552528,1.097420837589377,0.8919301557338367,delta,TX,2020-10-09,2,3.77631017511904,0.0,2020,8.4,9.7,0.1020367009477717,0.0849433178987705,0.0268242056522433,0.080518,0.3979043524986566,0,1,0,0.0033333333333333,0.008,0.0026666666666666,False,False,True,False,False,False,False,False,False,False,0,0,0,0,0,1,7.55262035023808
48005,0.9914215818344452,1.0142726573559078,0.9581369827641856,delta,TX,2020-10-09,2,16.0633308997588,267.1617736816406,2020,6.6,16.2,0.1493842719832364,0.0221501717440852,0.0562421752110686,0.052377,0.5783899531222871,0,0,0,0.0577164366373902,0.0702634880803011,0.0288582183186951,False,False,True,False,False,False,False,False,False,False,0,0,0,0,0,1,32.1266617995176
48007,0.8523771998949304,0.97967960792812,0.7359434795407713,delta,TX,2020-10-09,2,10.6599504621236,24.4375,2020,4.6,27.3,0.1126432555003983,0.0384615384615384,0.053291236127057,0.051509,0.6637012169534201,0,0,0,0.0515873015873015,0.0873015873015873,0.0198412698412698,False,False,True,False,False,False,False,False,False,False,0,0,0,0,0,1,21.3199009242472
48009,0.9945627548708654,0.9830226760061735,1.183206106870229,delta,TX,2020-10-09,2,5.16570511272765,0.32421875,2020,5.4,20.2,0.1292698213726104,0.0192821121328982,0.0341145060812815,0.067083,0.8593457943925233,0,0,0,0.0088593576965669,0.0088593576965669,0.0022148394241417,False,False,True,False,False,False,False,False,False,False,0,0,0,0,0,1,10.3314102254553
48011,0.9627906976744188,1.0419937205651493,1.5000000000000002,delta,TX,2020-10-09,2,3.63972430604729,0.01953125,2020,6.9,23.0,0.0504017531044558,0.0,0.0042372881355932,0.07113599999999999,0.862012987012987,0,0,1,0.0022002200220022,0.0022002200220022,0.0022002200220022,False,False,True,False,False,False,False,False,False,False,0,0,0,0,0,1,7.27944861209458
48013,0.952821174631144,1.0048516514275052,0.9916512959906804,delta,TX,2020-10-09,2,7.26705842058739,2.580357074737549,2020,7.2,14.7,0.0762747576906869,0.0683061827787911,0.0506950122649223,0.063391,0.3280047365304914,0,0,0,0.0188679245283018,0.0254306808859721,0.0114848236259228,False,False,True,False,False,False,False,False,False,False,0,0,0,0,0,1,14.53411684117478
48015,1.007312341441576,0.987449711387091,1.099863201094391,delta,TX,2020-10-09,2,11.4054681126703,124.05681610107422,2020,5.5,19.6,0.1026314617747896,0.0165526560256735,0.0329364073980238,0.0684,0.6125899161335234,0,0,1,0.0294117647058823,0.0464396284829721,0.0139318885448916,False,False,True,False,False,False,False,False,False,False,0,0,0,0,0,1,22.8109362253406
48017,0.9867119027424368,0.9994989979959918,0.7195571955719555,delta,TX,2020-10-09,2,3.41863687573503,0.0,2020,6.1,13.4,0.1377223546671556,0.1004098360655737,0.1075819672131147,0.064044,0.31720741599073,0,0,0,0.0072639225181598,0.0060532687651331,0.0024213075060532,False,False,True,False,False,False,False,False,False,False,0,0,0,0,0,1,6.83727375147006
48019,1.152021891152326,1.1229979215062966,0.9536992840095466,delta,TX,2020-10-09,2,6.24638522728931,0.2954545617103576,2020,3.8,27.3,0.1358992302309307,0.0280329237743051,0.013002505069784,0.06449500000000001,0.747925758956405,1,1,0,0.0126582278481012,0.0215189873417721,0.0075949367088607,False,False,True,False,False,False,False,False,False,False,0,0,0,0,0,1,12.49277045457862
48021,1.0314355305221496,1.0081940525287607,0.9440349029637431,delta,TX,2020-10-09,2,8.69324384241027,6.0735297203063965,2020,6.4,15.0,0.090506424584836,0.0230245275175082,0.0260624860094016,0.07833899999999999,0.4706118334430546,0,0,0,0.0551801801801801,0.0754504504504504,0.0225225225225225,False,False,True,False,False,False,False,False,False,False,0,0,0,0,0,1,17.38648768482054
48023,0.9836656257506604,0.9394904458598726,0.0,delta,TX,2020-10-09,2,4.85798657482215,0.6953125,2020,4.4,24.0,0.2067442794058611,0.0053015241882041,0.0497017892644135,0.043705,0.8072150072150072,0,0,0,0.0034602076124567,0.0069204152249134,0.0,False,False,True,False,False,False,False,False,False,False,0,0,0,0,0,1,9.7159731496443
48025,1.0034145584355116,0.9866980797698226,1.1104240282685511,delta,TX,2020-10-09,2,8.7039744641358,5.30859375,2020,5.5,12.3,0.1102241662110442,0.0458985524302695,0.0561374602800988,0.048822000000000004,0.2769993880246078,0,0,0,0.0272727272727272,0.0181818181818181,0.0079545454545454,False,False,True,False,False,False,False,False,False,False,0,0,0,0,0,1,17.4079489282716
48027,1.0033142054401656,1.0048829790594107,0.9669945289844238,delta,TX,2020-10-09,2,7.66242797956442,3.097222328186035,2020,8.1,10.9,0.1285203185683369,0.0263861541644001,0.0610696965285811,0.057932000000000004,0.4229900687176747,0,0,0,0.1519468186134852,0.1490978157644824,0.0465337132003798,False,False,True,False,False,False,False,False,False,False,0,0,0,0,0,1,15.32485595912884
48029,0.9770790975732592,1.006225214288145,0.9662903423494232,delta,TX,2020-10-09,2,7.14233445837774,1.3541667461395264,2020,6.8,12.1,0.1145711818443498,0.0634590391619859,0.0648785984013922,0.062168999999999995,0.2666230035574153,0,0,0,0.6862903225806452,0.7048387096774194,0.232258064516129,False,False,True,False,False,False,False,False,False,False,0,0,0,0,0,1,14.28466891675548
48031,1.1188389482994292,1.0634706279540849,0.9512909036325428,delta,TX,2020-10-09,2,6.99184127097208,5.306818008422852,2020,3.7,24.8,0.1010651473866732,0.0103179616761423,0.0191619288271214,0.07120099999999999,0.7655178477228768,0,0,0,0.0239774330042313,0.0253878702397743,0.005641748942172,False,False,True,False,False,False,False,False,False,False,0,0,0,0,0,1,13.98368254194416
48033,0.9931506849315068,0.0,0.0,delta,TX,2020-10-09,2,4.11079131775274,0.0,2020,15.5,24.9,0.1067073170731707,0.0,0.0408163265306122,0.0685,0.8367670364500792,0,0,0,0.0011148272017837,0.0,0.0,False,False,True,False,False,False,False,False,False,False,0,0,0,0,0,1,8.22158263550548
48035,1.0376341187254003,1.031444367657222,0.9412123058178496,delta,TX,2020-10-09,2,6.88893470408477,10.194852828979492,2020,5.4,24.5,0.1327940945500235,0.0184737814409549,0.0308370044052863,0.059328000000000006,0.7469701124211681,0,0,0,0.020366598778004,0.0213849287169042,0.0122199592668024,False,False,True,False,False,False,False,False,False,False,0,0,0,0,0,1,13.77786940816954
48037,1.038530830475969,0.9958876796543992,1.1106696725552516,delta,TX,2020-10-09,2,10.316907856276,21.73828125,2020,6.2,16.4,0.0870135288157816,0.0076214577877173,0.0630609422358238,0.054949,0.601283196796314,0,0,0,0.0520361990950226,0.083710407239819,0.0429864253393665,False,False,True,False,False,False,False,False,False,False,0,0,0,0,0,1,20.633815712552
48039,1.0097078410131088,1.0318235149267785,0.971705928585084,delta,TX,2020-10-09,2,16.6785174388019,177.06500244140625,2020,6.7,11.8,0.0628664213781071,0.0338579382704129,0.0265440442856683,0.087958,0.434998696345197,0,0,0,0.0924431401320616,0.1298606016140865,0.0469552457813646,False,False,True,False,False,False,False,False,False,False,0,0,0,0,0,1,33.3570348776038
48041,1.0071608421578957,1.0267687683075335,0.910491222147198,delta,TX,2020-10-09,2,10.2630353583961,69.14204406738281,2020,5.9,9.4,0.0690392275447853,0.0486804500938692,0.0542288973656833,0.052658,0.5261301096006398,1,1,0,0.1996587030716723,0.1996587030716723,0.0853242320819112,False,False,True,False,False,False,False,False,False,False,0,0,0,0,0,1,20.5260707167922
48043,1.118373796868266,1.6056736372985942,0.9740259740259742,delta,TX,2020-10-09,2,3.81458380188455,0.0,2020,5.9,23.1,0.1106790308106491,0.0588610284742881,0.0633234169145771,0.048679,0.5183322857741463,1,1,0,0.002264273006631,0.002426006792819,0.0009704027171276,False,False,True,False,False,False,False,False,False,False,0,0,0,0,0,1,7.6291676037691
48045,1.3359639233370917,1.274321731981365,0.0,delta,TX,2020-10-09,2,3.77735702715879,0.0546875,2020,3.6,24.5,0.1527472527472527,0.0089766606822262,0.0807899461400359,0.038469,0.7024390243902439,1,1,0,0.0033333333333333,0.0033333333333333,0.0,False,False,True,False,False,False,False,False,False,False,0,0,0,0,0,1,7.55471405431758
48047,0.999304924343688,0.9624413145539908,1.367041198501873,delta,TX,2020-10-09,2,8.70937387581593,4.731249809265137,2020,3.9,18.9,0.1598201512364602,0.0758762886597938,0.1373195876288659,0.026827,0.1023176936122102,0,0,1,0.0106044538706256,0.0063626723223753,0.0021208907741251,False,False,True,False,False,False,False,False,False,False,0,0,0,0,0,1,17.41874775163186
48049,0.9750582915282976,1.0138720789498183,0.9549082202713488,delta,TX,2020-10-09,2,5.69330160692185,0.7673611044883728,2020,5.0,19.8,0.1468292161266174,0.0193843423657088,0.0688690191795781,0.049232,0.7001443759023493,0,0,0,0.0264830508474576,0.0317796610169491,0.0180084745762711,False,False,True,False,False,False,False,False,False,False,0,0,0,0,0,1,11.3866032138437
48051,1.0496526884486748,1.0823897270878238,1.1028500619578685,delta,TX,2020-10-09,2,9.68029309865548,41.56818389892578,2020,5.4,20.7,0.1020972574325881,0.029674003900808,0.0532181666202284,0.064109,0.6381362657295091,0,1,0,0.0242792109256449,0.0364188163884673,0.007587253414264,False,False,True,False,False,False,False,False,False,False,0,0,0,0,0,1,19.36058619731096
48053,0.9971307282540952,0.9869256418462046,0.967112504586238,delta,TX,2020-10-09,2,6.95169529422268,3.680555582046509,2020,5.0,22.7,0.1292382721783558,0.0138230867844601,0.0329970458725823,0.065363,0.7085283940565845,0,0,0,0.0372233400402414,0.0432595573440643,0.0201207243460764,False,False,True,False,False,False,False,False,False,False,0,0,0,0,0,1,13.90339058844536
48055,1.0024206179695283,0.9969130363447432,0.7432134186713748,delta,TX,2020-10-09,2,8.34302744796537,6.143750190734863,2020,6.1,14.5,0.1138147337709701,0.0645476772616136,0.0487600419140761,0.06338,0.3609179870540287,0,0,0,0.0386029411764705,0.0588235294117647,0.0128676470588235,False,False,True,False,False,False,False,False,False,False,0,0,0,0,0,1,16.68605489593074
48057,1.0144417048256429,0.970647098065377,1.1055067647756942,delta,TX,2020-10-09,2,11.6555806621752,22.362499237060547,2020,6.6,17.7,0.1250325945241199,0.0738255033557047,0.0277490965410428,0.061887,0.4164925892768328,0,0,0,0.0296442687747035,0.0316205533596837,0.0158102766798418,False,False,True,False,False,False,False,False,False,False,0,0,0,0,0,1,23.3111613243504
48059,1.190476190476191,0.9845576562274496,0.9741248097412482,delta,TX,2020-10-09,2,5.23057618245834,0.55078125,2020,5.1,20.3,0.1434702038427777,0.0066704783685915,0.0405946255002858,0.05582,0.8429384301138022,1,0,0,0.0122358175750834,0.0177975528364849,0.0044493882091212,False,False,True,False,False,False,False,False,False,False,0,0,0,0,0,1,10.46115236491668
48061,0.9960843658993376,0.9976734520743984,0.9570269361886012,delta,TX,2020-10-09,2,10.159816991926,15.88671875,2020,7.8,13.5,0.0887581659811275,0.1574867338306544,0.068561101284319,0.043057000000000005,0.0881365835583836,0,0,0,0.3209876543209876,0.1548821548821548,0.0561167227833894,False,False,True,False,False,False,False,False,False,False,0,0,0,0,0,1,20.319633983852
48063,0.9901781635449975,1.0122114773770028,1.1119347664936994,delta,TX,2020-10-09,2,10.353170808664,11.625,2020,7.0,17.9,0.1474099339160093,0.0180159635119726,0.0503990877993158,0.050947000000000006,0.5402759948652118,0,0,0,0.0205128205128205,0.0564102564102564,0.0051282051282051,False,False,True,False,False,False,False,False,False,False,0,0,0,0,0,1,20.706341617328
48065,0.8960858334989071,0.9467479592456804,0.9014423076923076,delta,TX,2020-10-09,2,3.55203208574837,0.0,2020,7.0,20.8,0.0518430439952437,0.0,0.0293602103418054,0.07678600000000001,0.8391596349233683,0,0,0,0.0065217391304347,0.0141304347826086,0.0010869565217391,False,False,True,False,False,False,False,False,False,False,0,0,0,0,0,1,7.10406417149674
48067,1.0477823988342794,0.979611282815573,1.5179461615154537,delta,TX,2020-10-09,2,11.5846943114443,73.32638549804688,2020,5.6,21.9,0.1567632850241546,0.0035177205171049,0.0756309911177556,0.049625999999999997,0.7390173613551697,0,0,1,0.0202991452991453,0.0277777777777777,0.0032051282051282,False,False,True,False,False,False,False,False,False,False,0,0,0,0,0,1,23.1693886228886
48069,1.119005328596803,0.9138056975894816,0.9805825242718446,delta,TX,2020-10-09,2,3.47663359382401,0.0,2020,7.8,15.7,0.0666431593794076,0.0926768721555647,0.0525444766239139,0.053551,0.3158323158323158,0,0,0,0.0033557046979865,0.0055928411633109,0.0044742729306487,False,False,True,False,False,False,False,False,False,False,0,0,0,0,0,1,6.95326718764802
48071,1.0259825629670634,0.9248322370331048,0.8761752350470096,delta,TX,2020-10-09,2,22.1683777514215,276.125,2020,6.6,11.6,0.0808799565453557,0.0204629319020462,0.0239516940623951,0.093707,0.6411285993429388,0,0,0,0.050251256281407,0.0753768844221105,0.0150753768844221,False,False,True,False,False,False,False,False,False,False,0,0,0,0,0,1,44.336755502843
48073,0.995477878269372,1.0513538012848302,1.0324852339845525,delta,TX,2020-10-09,2,11.9799880704227,172.27206420898438,2020,7.0,17.3,0.0857675401991876,0.0419303362130633,0.0573928355252297,0.054222,0.5969808775688328,0,1,0,0.0370722433460076,0.0304182509505703,0.0123574144486692,False,False,True,False,False,False,False,False,False,False,0,0,0,0,0,1,23.9599761408454
48075,1.0194917848760074,0.9761649705409748,0.7398273736128236,delta,TX,2020-10-09,2,4.12751776301457,1.0520833730697632,2020,5.3,13.6,0.0614926853458963,0.0144927536231884,0.0115942028985507,0.053092,0.578031212484994,0,0,0,0.0086206896551724,0.0114942528735632,0.0086206896551724,False,False,True,False,False,False,False,False,False,False,0,0,0,0,0,1,8.25503552602914
48077,0.9734722880151584,0.9965506596695612,0.0,delta,TX,2020-10-09,2,5.41759580959106,0.294117659330368,2020,4.3,22.2,0.1441549766199064,0.0,0.0310755037630492,0.069967,0.8750244666275201,0,0,0,0.0073529411764705,0.0147058823529411,0.0,False,False,True,False,False,False,False,False,False,False,0,0,0,0,0,1,10.83519161918212
48079,0.9703504043126684,1.1555654894948593,0.7500000000000001,delta,TX,2020-10-09,2,3.50107108894987,0.0,2020,6.8,16.2,0.1197110423116615,0.0904419321685508,0.0750256937307297,0.038203,0.3580683156654888,0,1,0,0.0038709677419354,0.0090322580645161,0.0038709677419354,False,False,True,False,False,False,False,False,False,False,0,0,0,0,0,1,7.00214217789974
48081,1.1099020674646356,1.0516066212268744,0.8695652173913041,delta,TX,2020-10-09,2,4.72390449438135,0.557692289352417,2020,4.9,26.6,0.0961887477313974,0.0296242774566473,0.0310693641618497,0.042639,0.7528158295281583,0,0,0,0.0021953896816684,0.0032930845225027,0.0010976948408342,False,False,True,False,False,False,False,False,False,False,0,0,0,0,0,1,9.4478089887627
48083,1.0784879526763815,0.997808733761152,0.9779709572261188,delta,TX,2020-10-09,2,5.37948426091325,0.5028408765792847,2020,5.4,26.4,0.1721817162086371,0.0077591558038485,0.0595903165735568,0.047216,0.7825351379489849,1,0,0,0.0079239302694136,0.0063391442155309,0.0047543581616481,False,False,True,False,False,False,False,False,False,False,0,0,0,0,0,1,10.7589685218265
48085,0.9756290126818244,1.0002133842531695,0.9450474012969404,delta,TX,2020-10-09,2,7.31966552069524,5.829166889190674,2020,6.0,10.9,0.0508162398419746,0.0465614571143761,0.028228340484549,0.104327,0.5096193862644615,0,0,0,0.3531510107015457,0.4447086801426873,0.1843043995243757,False,False,True,False,False,False,False,False,False,False,0,0,0,0,0,1,14.63933104139048
48087,1.0390866873065014,0.9784935276730202,2.3437500000000004,delta,TX,2020-10-09,2,3.9923823622374,1.12109375,2020,5.5,18.9,0.1094527363184079,0.0655270655270655,0.0835707502374169,0.042446,0.6097285067873304,0,0,0,0.0043572984749455,0.0054466230936819,0.0010893246187363,False,False,True,False,False,False,False,False,False,False,0,0,0,0,0,1,7.9847647244748
48089,1.1853098166627989,0.9770458380202476,1.0177766649974962,delta,TX,2020-10-09,2,11.014774563446,108.75,2020,6.5,21.8,0.0702329712372754,0.0281468781254464,0.0577225317902557,0.055945,0.5721165539718831,1,0,0,0.0177083333333333,0.034375,0.0135416666666666,False,False,True,False,False,False,False,False,False,False,0,0,0,0,0,1,22.029549126892
48091,0.9242785214294488,0.9392874515658284,0.9677608498079724,delta,TX,2020-10-09,2,7.34966595492989,3.4583332538604736,2020,5.6,18.1,0.1139093996586857,0.0183812629706492,0.0254965905721909,0.085912,0.6516987510913245,0,0,0,0.1520572450805009,0.148479427549195,0.0894454382826475,False,False,True,False,False,False,False,False,False,False,0,0,0,0,0,1,14.69933190985978
48093,1.019016025790777,1.0198937184902577,0.969423210562891,delta,TX,2020-10-09,2,5.96682368670774,4.14930534362793,2020,5.6,23.5,0.1105855145590244,0.0278318411833398,0.0447644998053717,0.055743,0.6765484772693835,0,0,0,0.016008537886873,0.0138740661686232,0.0085378868729989,False,False,True,False,False,False,False,False,False,False,0,0,0,0,0,1,11.93364737341548
48095,1.1174588665447895,1.0376508737164474,0.0,delta,TX,2020-10-09,2,5.27869176408394,0.6447368264198303,2020,3.5,25.1,0.1417808219178082,0.0473225404732254,0.0361145703611457,0.046719000000000004,0.6348773841961853,1,0,0,0.0030518819938962,0.0071210579857578,0.0,False,False,True,False,False,False,False,False,False,False,0,0,0,0,0,1,10.55738352816788
48097,0.9609489946051988,1.0244772163083269,1.0334377209819174,delta,TX,2020-10-09,2,6.29550927729654,1.0833333730697632,2020,6.6,18.3,0.0912166558230318,0.0319135725816465,0.0380603501800571,0.063338,0.7056734184506096,0,0,0,0.0251716247139588,0.0560640732265446,0.0160183066361556,False,False,True,False,False,False,False,False,False,False,0,0,0,0,0,1,12.59101855459308
48099,1.0054538030797946,1.028417986167535,1.1253875301412333,delta,TX,2020-10-09,2,7.01811652128514,3.961805582046509,2020,6.6,10.3,0.1542461706561987,0.018285046338816,0.0469650162812056,0.058414,0.5561599653400406,0,0,0,0.0256653992395437,0.0285171102661596,0.0123574144486692,False,False,True,False,False,False,False,False,False,False,0,0,0,0,0,1,14.03623304257028
48101,1.2775119617224882,1.0272168568920104,0.0,delta,TX,2020-10-09,2,4.21629958420363,0.22265625,2020,8.2,17.9,0.1803989592367736,0.0076452599388379,0.0764525993883792,0.043654000000000005,0.6536231884057971,1,0,0,0.0022222222222222,0.0033333333333333,0.0,False,False,True,False,False,False,False,False,False,False,0,0,0,0,0,1,8.43259916840726
48103,1.1420491624972806,0.9399035996308072,0.9357798165137616,delta,TX,2020-10-09,2,3.94945744886117,0.0,2020,7.8,14.3,0.0440725244072524,0.1183395291201982,0.0923172242874845,0.067804,0.2870588235294117,1,0,0,0.0050955414012738,0.0050955414012738,0.0012738853503184,False,False,True,False,False,False,False,False,False,False,0,0,0,0,0,1,7.89891489772234
48105,0.8403201219512196,0.9061476346461492,1.0110497237569058,delta,TX,2020-10-09,2,4.53204464145436,0.4840686321258545,2020,3.0,21.5,0.0525124490719782,0.0,0.0177332305319969,0.052731,0.3486120077469335,0,0,0,0.0010687566797292,0.0042750267189169,0.0007125044531528,False,False,True,False,False,False,False,False,False,False,0,0,0,0,0,1,9.06408928290872
48107,1.0750279955207167,0.9990448072247308,1.2378640776699028,delta,TX,2020-10-09,2,3.95129796665128,0.00390625,2020,6.3,18.3,0.1648463296926594,0.0604963805584281,0.0811789038262668,0.044304,0.4044418468731736,1,0,1,0.0055555555555555,0.0077777777777777,0.0011111111111111,False,False,True,False,False,False,False,False,False,False,0,0,0,0,0,1,7.90259593330256
48109,1.1527237354085604,1.0929272804895402,0.0,delta,TX,2020-10-09,2,3.31323002328779,0.0,2020,7.8,21.7,0.1399097356544165,0.2476340694006309,0.0930599369085173,0.034239,0.2033820840950639,0,0,0,0.0010493179433368,0.0020986358866736,0.0002623294858342,False,False,True,False,False,False,False,False,False,False,0,0,0,0,0,1,6.62646004657558
48111,1.0250447227191417,0.9479655195191228,0.907194994786236,delta,TX,2020-10-09,2,3.09851630917917,0.0,2020,9.9,10.5,0.0527994330262225,0.1415293620616814,0.035487959442332,0.061069000000000005,0.4383696416022488,0,0,0,0.0033266799733865,0.008649367930805,0.0019960079840319,False,False,True,False,False,False,False,False,False,False,0,0,0,0,0,1,6.19703261835834
48113,0.9748644787301672,1.0053049128398484,0.9897257128360794,delta,TX,2020-10-09,2,7.36724852202025,11.3828125,2020,7.2,10.8,0.0761227130007568,0.0927705729183165,0.0664339430186073,0.065011,0.2773966640635552,0,0,0,1.413516609392898,1.3264604810996563,0.6460481099656358,False,False,True,False,False,False,False,False,False,False,0,0,0,0,0,1,14.7344970440405
48115,0.9289974671133262,1.1034655323407982,0.9151193633952256,delta,TX,2020-10-09,2,3.92814171363333,0.0,2020,7.0,14.3,0.1451793026430078,0.0662078785002373,0.0844803037494067,0.042778,0.3684971098265896,0,1,0,0.0055555555555555,0.01,0.0033333333333333,False,False,True,False,False,False,False,False,False,False,0,0,0,0,0,1,7.85628342726666
48117,0.918733551319882,1.0463488188411,1.0577164366373903,delta,TX,2020-10-09,2,3.31444898744603,0.0,2020,8.6,12.6,0.0540151981926473,0.1098284960422163,0.0341358839050131,0.049610999999999995,0.2277888392616908,0,0,0,0.0086898395721925,0.0100267379679144,0.0033422459893048,False,False,True,False,False,False,False,False,False,False,0,0,0,0,0,1,6.62889797489206
48119,0.8322454308093996,0.967134972403412,0.4848484848484848,delta,TX,2020-10-09,2,8.35241829020736,0.875,2020,7.8,19.3,0.1341686243800574,0.0038891589693728,0.0379192999513855,0.058705,0.8009560229445507,0,0,0,0.01171875,0.0234375,0.00390625,False,False,True,False,False,False,False,False,False,False,0,0,0,0,0,1,16.70483658041472
48121,0.9849874583504924,1.0008713448426962,0.9124504560198136,delta,TX,2020-10-09,2,6.66824291644247,5.4140625,2020,6.0,10.4,0.0663762187149034,0.0331874305873129,0.0284805893351003,0.096265,0.5357835533559424,0,0,0,0.3041002277904328,0.3211845102505695,0.1321184510250569,False,False,True,False,False,False,False,False,False,False,0,0,0,0,0,1,13.33648583288494
48123,1.0063085063085064,1.0495544035414723,1.0883065737655258,delta,TX,2020-10-09,2,9.2237979750903,2.890625,2020,6.2,19.4,0.1116751269035533,0.0251134644478063,0.0670196671709531,0.057873,0.5475181598062954,0,0,0,0.0187224669603524,0.0187224669603524,0.0110132158590308,False,False,True,False,False,False,False,False,False,False,0,0,0,0,0,1,18.4475959501806
48125,1.0164732309996256,1.1407972858354538,0.0,delta,TX,2020-10-09,2,4.13844804950178,0.02734375,2020,7.1,24.9,0.1348314606741573,0.011023622047244,0.0755905511811023,0.042241,0.6655367231638418,0,0,0,0.0033296337402885,0.002219755826859,0.0,False,False,True,False,False,False,False,False,False,False,0,0,0,0,0,1,8.27689609900356
48127,1.040023250020759,1.0964655340753755,1.2545126353790614,delta,TX,2020-10-09,2,5.98994387355182,0.0,2020,6.6,17.0,0.1528795811518324,0.1123363197794624,0.1667815299793246,0.025,0.1042367962855484,1,1,0,0.0135542168674698,0.009789156626506,0.0037650602409638,False,False,True,False,False,False,False,False,False,False,0,0,0,0,0,1,11.97988774710364
48129,0.9634760705289672,1.0302276640520376,0.909562062710547,delta,TX,2020-10-09,2,3.80744248647004,0.48828125,2020,4.6,22.7,0.0631355932203389,0.0,0.0284995808885163,0.052888,0.7786985880908532,0,0,0,0.0053995680345572,0.0064794816414686,0.0032397408207343,False,False,True,False,False,False,False,False,False,False,0,0,0,0,0,1,7.61488497294008
48131,1.1094332348027245,1.0510841602352077,1.1334405144694533,delta,TX,2020-10-09,2,7.69540033681985,5.52734375,2020,6.9,16.8,0.1640581330352152,0.0643912737508796,0.1133004926108374,0.043836,0.0953107517037941,0,0,0,0.007250418293363,0.0044617958728388,0.0005577244841048,False,False,True,False,False,False,False,False,False,False,0,0,0,0,0,1,15.3908006736397
48133,0.983044191365012,1.0324075125474077,1.076847772883015,delta,TX,2020-10-09,2,5.58044655138127,0.8455882668495178,2020,5.9,21.7,0.16109375,0.01627594445274,0.0616694042108406,0.043953000000000006,0.7702679830747532,0,0,0,0.0248380129589632,0.0323974082073434,0.0086393088552915,False,False,True,False,False,False,False,False,False,False,0,0,0,0,0,1,11.16089310276254
48135,0.9712805864335616,1.024404723228051,0.9318470714774616,delta,TX,2020-10-09,2,3.87632755128837,0.0,2020,8.9,9.4,0.0681760852449492,0.0908520984767617,0.0499161287043155,0.06497499999999999,0.3089101597738102,0,0,0,0.0468227424749163,0.1103678929765886,0.0590858416945373,False,False,True,False,False,False,False,False,False,False,0,0,0,0,0,1,7.75265510257674
48137,1.024464831804281,1.0070451719850808,0.0,delta,TX,2020-10-09,2,5.31370518073699,0.1892361044883728,2020,2.0,28.2,0.0926517571884984,0.0931899641577061,0.0,0.04,0.4578059071729958,0,0,0,0.0004723665564478,0.0018894662257912,0.0,False,False,True,False,False,False,False,False,False,False,0,0,0,0,0,1,10.62741036147398
48139,1.00863291259989,1.0423421354764637,1.02000317510716,delta,TX,2020-10-09,2,7.6575953249657,11.5625,2020,6.5,12.7,0.085471217186931,0.0261210690820947,0.027731708872871,0.085272,0.5533501337975111,0,1,0,0.0705882352941176,0.1229946524064171,0.0385026737967914,False,False,True,False,False,False,False,False,False,False,0,0,0,0,0,1,15.3151906499314
48141,0.9810547536622244,1.0145239987884542,0.9620446170880906,delta,TX,2020-10-09,2,2.89226805241986,0.0,2020,7.2,12.2,0.0983517089798608,0.2168599446191001,0.0663182805549194,0.050919,0.1134617983797277,0,0,0,0.3000987166831194,0.2665350444225074,0.1322803553800592,False,False,True,False,False,False,False,False,False,False,0,0,0,0,0,1,5.78453610483972
48143,1.0242244193419598,1.0294719166433446,0.9798147454087914,delta,TX,2020-10-09,2,6.1172693229057,5.753289699554443,2020,6.0,13.9,0.1087813992111272,0.022712046094064,0.0477019965161463,0.056691000000000005,0.7052767657774122,0,0,0,0.0295475530932594,0.0267774699907663,0.012927054478301,False,False,True,False,False,False,False,False,False,False,0,0,0,0,0,1,12.2345386458114
48145,0.9442567567567568,0.9672382835879154,1.1595639246778988,delta,TX,2020-10-09,2,8.31808018331708,6.317307949066162,2020,5.8,18.4,0.1566660749156755,0.0169773020852555,0.1197637940579442,0.035317,0.5131423856671381,0,0,0,0.0183006535947712,0.0143790849673202,0.0065359477124183,False,False,True,False,False,False,False,False,False,False,0,0,0,0,0,1,16.63616036663416
48147,1.0625515293227186,1.0597043978810083,1.0991027732463294,delta,TX,2020-10-09,2,7.51029949718325,0.7683823704719543,2020,5.0,18.4,0.1172463826528555,0.0096230954290296,0.041299117882919,0.059686,0.7582861308956312,1,1,0,0.0258426966292134,0.0325842696629213,0.0089887640449438,False,False,True,False,False,False,False,False,False,False,0,0,0,0,0,1,15.0205989943665
48149,1.061512143055576,1.0294413435912908,1.0273549979432333,delta,TX,2020-10-09,2,9.70232979776997,41.96691131591797,2020,4.9,25.3,0.1089611232375671,0.0048165137614678,0.0455275229357798,0.06662399999999999,0.6974012686719869,0,0,0,0.0295047418335089,0.0368809272918862,0.0115911485774499,False,False,True,False,False,False,False,False,False,False,0,0,0,0,0,1,19.40465959553994
48151,0.9605568445475636,1.0065046217048954,1.0309278350515465,delta,TX,2020-10-09,2,4.53024674751962,1.01953125,2020,7.0,22.8,0.0978051597997689,0.0306588388780169,0.0469667318982387,0.055862,0.6797385620915033,0,0,0,0.0044543429844097,0.0044543429844097,0.0011135857461024,False,False,True,False,False,False,False,False,False,False,0,0,0,0,0,1,9.06049349503924
48153,1.2747440273037542,1.2430510665804784,0.9697821503865074,delta,TX,2020-10-09,2,3.84612366251475,0.0,2020,6.3,18.5,0.0744964814365445,0.054910242872228,0.0839493136219641,0.054007,0.3848574601999259,1,1,0,0.0060483870967741,0.0060483870967741,0.003024193548387,False,False,True,False,False,False,False,False,False,False,0,0,0,0,0,1,7.6922473250295
48155,1.28175519630485,1.519823788546255,0.0,delta,TX,2020-10-09,2,4.46199480003532,0.4333333373069763,2020,6.2,34.9,0.165625,0.0573248407643312,0.1061571125265392,0.037679000000000004,0.771689497716895,1,1,0,0.0014204545454545,0.002840909090909,0.0,False,False,True,False,False,False,False,False,False,False,0,0,0,0,0,1,8.92398960007064
48157,1.0275528791913315,1.03152398602894,1.0353604573755728,delta,TX,2020-10-09,2,14.0237207455406,138.3933868408203,2020,6.6,11.3,0.0487377183198752,0.0557956975137588,0.0286678039103687,0.10259,0.2962229225587916,0,0,1,0.2717770034843205,0.3414634146341463,0.1033681765389082,False,False,True,False,False,False,False,False,False,False,0,0,0,0,0,1,28.0474414910812
48159,0.9368852459016394,0.9919707151541064,1.382978723404255,delta,TX,2020-10-09,2,9.45058381997989,10.90625,2020,5.6,21.7,0.0810918774966711,0.0138183869148336,0.0208685843203609,0.061391,0.7603050487498794,0,0,1,0.0211267605633802,0.0316901408450704,0.0035211267605633,False,False,True,False,False,False,False,False,False,False,0,0,0,0,0,1,18.90116763995978
48161,0.9966963286620129,0.984336288807616,1.001908396946565,delta,TX,2020-10-09,2,9.39194148537805,28.18359375,2020,5.7,19.5,0.1294845975982695,0.0123343992690726,0.0318257956448911,0.055909999999999994,0.6594803190120916,0,0,0,0.0136830102622576,0.0273660205245153,0.0079817559863169,False,False,True,False,False,False,False,False,False,False,0,0,0,0,0,1,18.7838829707561
48163,1.0727245237375265,1.084525010383908,1.0951188986232792,delta,TX,2020-10-09,2,6.56166562257509,0.0656249970197677,2020,6.5,12.2,0.1008246874168661,0.1039260969976905,0.0858702498425362,0.058456,0.1660592874626054,1,1,0,0.0123565754633715,0.0176522506619594,0.0035304501323918,False,False,True,False,False,False,False,False,False,False,0,0,0,0,0,1,13.12333124515018
48165,0.977705922396188,1.0305392011521028,0.9381844731078122,delta,TX,2020-10-09,2,3.70537292064511,0.0,2020,10.7,8.6,0.1016014548014313,0.1288560885608856,0.0459040590405904,0.067728,0.5812575238448004,0,0,0,0.007323568575233,0.0159786950732356,0.0046604527296937,False,False,True,False,False,False,False,False,False,False,0,0,0,0,0,1,7.41074584129022
48167,0.9464819418452,0.9778533916479508,0.9745836845704834,delta,TX,2020-10-09,2,20.0338404996153,175.6875,2020,6.1,14.4,0.0918970588235294,0.0277758820719306,0.0515404505713657,0.07932800000000001,0.5456738583674098,0,0,0,0.4591029023746701,0.5356200527704486,0.1873350923482849,False,False,True,False,False,False,False,False,False,False,0,0,0,0,0,1,40.0676809992306
48169,0.8770399261007903,1.0069476609541452,0.956232159847764,delta,TX,2020-10-09,2,4.05397277115396,0.0078125,2020,2.4,15.9,0.095667870036101,0.0498533724340175,0.0463343108504398,0.064871,0.3717331499312242,0,0,0,0.005599104143337,0.0067189249720044,0.0022396416573348,False,False,True,False,False,False,False,False,False,False,0,0,0,0,0,1,8.10794554230792
48171,1.006857553678331,1.0444541880003395,0.8646112600536195,delta,TX,2020-10-09,2,6.37582486684024,1.5148810148239136,2020,4.9,28.8,0.0867022484669543,0.0214190093708166,0.0431057563587684,0.06443800000000001,0.744022450888681,0,0,0,0.0198487712665406,0.0255198487712665,0.0094517958412098,False,False,True,False,False,False,False,False,False,False,0,0,0,0,0,1,12.75164973368048
48173,1.4117647058823528,1.1589403973509933,0.0,delta,TX,2020-10-09,2,4.27120547285602,0.0,2020,7.9,11.7,0.0672782874617737,0.0940919037199124,0.0131291028446389,0.085417,0.6362007168458781,1,0,0,0.0011111111111111,0.0022222222222222,0.0,False,False,True,False,False,False,False,False,False,False,0,0,0,0,0,1,8.54241094571204
48175,1.1613933678125952,1.0403307458656768,4.655172413793104,delta,TX,2020-10-09,2,9.26022267639312,8.602941513061523,2020,3.4,23.0,0.0944562487927371,0.0445526020217147,0.0846125046798951,0.052335,0.605533371363377,1,0,1,0.0093896713615023,0.0070422535211267,0.0011737089201877,False,False,True,False,False,False,False,False,False,False,0,0,0,0,0,1,18.52044535278624
48177,1.085076636288318,1.0172833136792454,1.062265566391598,delta,TX,2020-10-09,2,8.78837476131467,6.409722328186035,2020,7.0,16.7,0.1248995446021966,0.0949839914621131,0.0743062966915688,0.055698,0.4151529028647026,1,0,0,0.0150093808630394,0.0187617260787992,0.0075046904315197,False,False,True,False,False,False,False,False,False,False,0,0,0,0,0,1,17.57674952262934
48179,0.8788813270948531,0.9436866828909388,1.006354637663449,delta,TX,2020-10-09,2,3.70948040626593,0.125,2020,6.7,15.6,0.0950942404938595,0.0418728587742672,0.0366704732901916,0.050635,0.6136053139869034,0,0,0,0.014054054054054,0.0205405405405405,0.0075675675675675,False,False,True,False,False,False,False,False,False,False,0,0,0,0,0,1,7.41896081253186
48181,1.0223202359598953,1.0257458780423974,0.9511486763227464,delta,TX,2020-10-09,2,6.8318245893663,2.9156250953674316,2020,6.2,17.6,0.1040247678018575,0.0173653985613766,0.0405519295976166,0.062078,0.702441291693411,0,0,0,0.0729613733905579,0.1105150214592274,0.0364806866952789,False,False,True,False,False,False,False,False,False,False,0,0,0,0,0,1,13.6636491787326
48183,1.0582095018836333,1.043878259638544,0.9731121859254188,delta,TX,2020-10-09,2,11.9564042023931,179.3000030517578,2020,7.0,15.3,0.1015085117141412,0.0216916020062588,0.0564581815064088,0.056566000000000005,0.5477346082953019,1,1,0,0.304029304029304,0.4102564102564102,0.1941391941391941,False,False,True,False,False,False,False,False,False,False,0,0,0,0,0,1,23.9128084047862
48185,1.0750103786571112,1.10152883853908,0.9623958131420818,delta,TX,2020-10-09,2,11.3273698281274,95.44231414794922,2020,5.6,17.7,0.0984800170068027,0.0259795120920899,0.0374907593198859,0.059086,0.577764110974443,1,1,0,0.0317662007623888,0.0381194409148665,0.0076238881829733,False,False,True,False,False,False,False,False,False,False,0,0,0,0,0,1,22.6547396562548
48187,0.9759418643598816,0.9831085860757492,0.9795769511305614,delta,TX,2020-10-09,2,7.92490222772921,5.634615421295166,2020,6.0,13.9,0.0999027237354085,0.0254282243022639,0.0257191259261794,0.080047,0.4867404722476347,0,0,0,0.1153305203938115,0.1082981715893108,0.0379746835443038,False,False,True,False,False,False,False,False,False,False,0,0,0,0,0,1,15.84980445545842
48189,0.9772009029345372,0.9692703397861108,1.1372582577443096,delta,TX,2020-10-09,2,3.68570308649868,0.0,2020,6.5,13.2,0.0804634566812332,0.0608852755194218,0.0399277326106594,0.048649,0.3287928171699157,0,0,1,0.0209163346613545,0.0189243027888446,0.0119521912350597,False,False,True,False,False,False,False,False,False,False,0,0,0,0,0,1,7.37140617299736
48191,1.0566298342541436,1.0560417111321156,1.2057220708446867,delta,TX,2020-10-09,2,3.95294495359999,0.2421875,2020,4.4,22.6,0.1169393647738209,0.0344522968197879,0.0344522968197879,0.041467,0.5624778761061947,0,0,1,0.0045300113250283,0.0056625141562853,0.0022650056625141,False,False,True,False,False,False,False,False,False,False,0,0,0,0,0,1,7.90588990719998
48193,1.0897142483489175,0.9261796694356428,1.0268678689731323,delta,TX,2020-10-09,2,6.4975399061101,9.329166412353516,2020,5.3,24.6,0.1586967945349448,0.002061855670103,0.0402061855670103,0.04403,0.8276575042568718,0,0,0,0.0095808383233532,0.0083832335329341,0.0047904191616766,False,False,True,False,False,False,False,False,False,False,0,0,0,0,0,1,12.9950798122202
48195,0.9474235198324996,1.060126582278481,0.9217877094972068,delta,TX,2020-10-09,2,3.38019001417687,0.0,2020,7.7,16.1,0.070935960591133,0.1207482993197278,0.0521541950113378,0.0475,0.482876064333018,0,0,0,0.0043525571273122,0.0076169749727965,0.0054406964091403,False,False,True,False,False,False,False,False,False,False,0,0,0,0,0,1,6.76038002835374
48197,1.021347512102214,0.96049710294038,0.0,delta,TX,2020-10-09,2,4.38316717077249,0.4886363744735718,2020,7.3,20.1,0.1804103755323267,0.0703764320785597,0.041734860883797,0.0564,0.6877993801070724,0,0,0,0.0057553956834532,0.0115107913669064,0.0,False,False,True,False,False,False,False,False,False,False,0,0,0,0,0,1,8.76633434154498
48199,0.9325271959003864,0.997963403351692,1.066603460535672,delta,TX,2020-10-09,2,21.6817364986233,358.0672912597656,2020,6.2,16.9,0.1304499153073299,0.0075845974329054,0.051098794243485,0.06534699999999999,0.8346641532250894,0,0,0,0.0314606741573033,0.048314606741573,0.0089887640449438,False,False,True,False,False,False,False,False,False,False,0,0,0,0,0,1,43.3634729972466
48201,1.0202970356389096,1.0208061884871813,0.9787663269012472,delta,TX,2020-10-09,2,15.1798874999662,181.0562438964844,2020,7.3,10.6,0.0739481630317017,0.1144924067065299,0.0643357292691059,0.065788,0.2768025499112794,0,0,0,1.3417350527549825,1.38042203985932,0.5433763188745604,False,False,True,False,False,False,False,False,False,False,0,0,0,0,0,1,30.3597749999324
48203,1.0145928104636976,1.0448549594202328,0.947972044680724,delta,TX,2020-10-09,2,13.3463684385102,259.7927551269531,2020,6.1,17.2,0.1353275809407452,0.0101746580985335,0.0610479485912011,0.057996,0.6106858031057976,0,0,0,0.0388888888888888,0.0566666666666666,0.0288888888888888,False,False,True,False,False,False,False,False,False,False,0,0,0,0,0,1,26.6927368770204
48205,0.93398973790043,0.9097421203438396,0.9394490644490644,delta,TX,2020-10-09,2,3.16842457300431,0.0026041667442768,2020,5.9,14.4,0.0896666666666666,0.0134976525821596,0.0146713615023474,0.061196,0.6322928279450019,0,0,0,0.0027378507871321,0.0041067761806981,0.002053388090349,False,False,True,False,False,False,False,False,False,False,0,0,0,0,0,1,6.33684914600862
48207,0.8534544585225915,1.052265002507383,1.0673624288425043,delta,TX,2020-10-09,2,4.72497232369037,0.49609375,2020,2.7,22.4,0.1769048246770366,0.0522167487684729,0.047783251231527,0.048432,0.6698670605612999,0,0,0,0.0066445182724252,0.0121816168327796,0.0055370985603543,False,False,True,False,False,False,False,False,False,False,0,0,0,0,0,1,9.44994464738074
48209,0.9970050657174152,1.0015069901748834,0.9701362791381918,delta,TX,2020-10-09,2,7.57503936331291,4.613636493682861,2020,6.0,11.1,0.0815275880624198,0.0346309641561867,0.0306038340162969,0.07106100000000001,0.5042913380927294,0,0,0,0.1538461538461538,0.1819526627218935,0.0621301775147929,False,False,True,False,False,False,False,False,False,False,0,0,0,0,0,1,15.15007872662582
48211,1.1289245156980627,1.0316664278549936,0.6833976833976835,delta,TX,2020-10-09,2,3.77803578959976,0.1875,2020,5.8,16.9,0.1588257433195333,0.0468637346791636,0.0519105984138428,0.054867,0.6179775280898876,1,0,0,0.0033112582781456,0.0066225165562913,0.0033112582781456,False,False,True,False,False,False,False,False,False,False,0,0,0,0,0,1,7.55607157919952
48213,1.0079475632561157,1.024695467643112,0.9587139675263888,delta,TX,2020-10-09,2,9.47591458300646,59.889705657958984,2020,5.5,22.1,0.1438191520193668,0.0166629353631624,0.0512041449451498,0.051963,0.7529397443700547,0,0,0,0.0618556701030927,0.0767468499427262,0.0240549828178694,False,False,True,False,False,False,False,False,False,False,0,0,0,0,0,1,18.95182916601292
48215,0.9855368161753082,0.9980615873059036,0.9213308723765752,delta,TX,2020-10-09,2,8.82440057554478,14.5625,2020,8.6,11.0,0.0932271066465112,0.1962916210165293,0.0602184855269216,0.044666,0.0612530590355095,0,0,0,0.4146496815286624,0.1477707006369426,0.0828025477707006,False,False,True,False,False,False,False,False,False,False,0,0,0,0,0,1,17.64880115108956
48217,0.9846660752756304,1.002283604967623,1.170236013986014,delta,TX,2020-10-09,2,7.45253780219395,6.159722328186035,2020,5.9,20.2,0.1317030165970332,0.019627386337499,0.0582688031894502,0.0578,0.6724368623515639,0,0,0,0.0323590814196242,0.0480167014613778,0.0083507306889352,False,False,True,False,False,False,False,False,False,False,0,0,0,0,0,1,14.9050756043879
48219,1.0163449834811338,1.0895726495726497,0.9630163304514888,delta,TX,2020-10-09,2,3.6316762294388,0.0,2020,6.8,14.4,0.0925817070303315,0.0501575299306868,0.0661625708884688,0.049241,0.4528021544319078,0,0,0,0.0088105726872246,0.0154185022026431,0.0099118942731277,False,False,True,False,False,False,False,False,False,False,0,0,0,0,0,1,7.2633524588776
48221,0.987836317778818,0.9891267293181436,0.9360307052614746,delta,TX,2020-10-09,2,6.37481617685148,8.171875,2020,5.3,24.8,0.0773154106487439,0.0111593304401735,0.023269270510436,0.075851,0.8087113217961622,0,0,0,0.0785714285714285,0.0880952380952381,0.0428571428571428,False,False,True,False,False,False,False,False,False,False,0,0,0,0,0,1,12.74963235370296
48223,1.0535820514999574,1.028792270531401,1.3319320191740789,delta,TX,2020-10-09,2,8.86771994382022,7.576923370361328,2020,6.2,18.1,0.0961447621816067,0.0141131965662738,0.0310635821329841,0.057745,0.70611900943268,1,0,1,0.0365058670143415,0.0417209908735332,0.0156453715775749,False,False,True,False,False,False,False,False,False,False,0,0,0,0,0,1,17.73543988764044
48225,0.9962601779965914,1.0054923050517766,0.915880503144654,delta,TX,2020-10-09,2,11.950570334552,97.4460220336914,2020,4.9,21.6,0.1757661410294555,0.0199918400652794,0.0864953080375357,0.043643999999999995,0.5871929665548808,0,0,0,0.0113728675873273,0.0162469536961819,0.0048740861088545,False,False,True,False,False,False,False,False,False,False,0,0,0,0,0,1,23.901140669104
48227,1.0400616332819723,1.0330818118700835,0.9093224656138564,delta,TX,2020-10-09,2,4.21122642379758,0.0,2020,6.1,12.7,0.1314765263926052,0.0203117227657104,0.0504062344553142,0.06026,0.4495697074010327,0,0,0,0.0155555555555555,0.0411111111111111,0.0111111111111111,False,False,True,False,False,False,False,False,False,False,0,0,0,0,0,1,8.42245284759516
48229,1.1104972375690605,1.031793867249303,0.0,delta,TX,2020-10-09,2,3.09524091360041,0.0,2020,6.0,14.1,0.2868080094228504,0.3624856156501726,0.1231300345224395,0.032404,0.3416614615865084,0,0,0,0.0006564551422319,0.0008752735229759,0.0,False,False,True,False,False,False,False,False,False,False,0,0,0,0,0,1,6.19048182720082
48231,0.9971798205149712,1.042771380955988,0.9377264310441992,delta,TX,2020-10-09,2,8.05575263455303,5.566176414489746,2020,6.3,15.8,0.1079057735272214,0.0229052466718872,0.0516276988477458,0.061052999999999996,0.6562687582536316,0,1,0,0.0571428571428571,0.0773809523809523,0.0309523809523809,False,False,True,False,False,False,False,False,False,False,0,0,0,0,0,1,16.11150526910606
48233,1.0031082661414417,0.9761767752330534,0.968082114735658,delta,TX,2020-10-09,2,3.46397068998935,0.0,2020,6.2,16.8,0.1281263712154453,0.0177299811073971,0.0388024996366807,0.057288,0.6685259737110152,0,0,0,0.0157835400225479,0.0169109357384441,0.0101465614430665,False,False,True,False,False,False,False,False,False,False,0,0,0,0,0,1,6.9279413799787
48235,1.046511627906977,0.9728107344632766,1.5151515151515151,delta,TX,2020-10-09,2,4.64214478978602,0.4255952537059784,2020,3.3,17.4,0.1021241830065359,0.0059084194977843,0.0576070901033973,0.03977,0.7349636483807006,0,0,0,0.0009514747859181,0.005708848715509,0.0009514747859181,False,False,True,False,False,False,False,False,False,False,0,0,0,0,0,1,9.28428957957204
48237,0.9575313438107012,1.0492729364996338,1.064862104187947,delta,TX,2020-10-09,2,5.68410578422868,0.6414473652839661,2020,5.1,17.3,0.1016645784857705,0.0312285518188057,0.1190803019903912,0.056915999999999994,0.7504721435316336,0,0,0,0.0054945054945054,0.0109890109890109,0.0032967032967032,False,False,True,False,False,False,False,False,False,False,0,0,0,0,0,1,11.36821156845736
48239,0.989223337049424,0.9577848130096116,1.1973060613619355,delta,TX,2020-10-09,2,11.4152396861406,36.78125,2020,6.8,18.0,0.1258847773496998,0.0300678952473326,0.0548981571290009,0.060807,0.5677875633840406,0,0,1,0.0180940892641737,0.0265379975874547,0.0048250904704463,False,False,True,False,False,False,False,False,False,False,0,0,0,0,0,1,22.8304793722812
48241,0.9866851744538632,1.002676893773648,0.8738669730626836,delta,TX,2020-10-09,2,24.1294984736698,345.5551452636719,2020,5.8,20.1,0.1062380596395049,0.0066530995616781,0.0569818409517845,0.044356,0.7214978775015161,0,0,0,0.0287846481876332,0.0373134328358208,0.0170575692963752,False,False,True,False,False,False,False,False,False,False,0,0,0,0,0,1,48.2589969473396
48243,1.345177664974619,0.9752516778523488,2.9166666666666665,delta,TX,2020-10-09,2,3.47045374073196,0.0,2020,4.3,36.9,0.0605794556628621,0.1287128712871287,0.0336633663366336,0.038659,0.6422845691382766,1,0,1,0.0013250883392226,0.0008833922261484,0.0008833922261484,False,False,True,False,False,False,False,False,False,False,0,0,0,0,0,1,6.94090748146392
48245,1.0179589731003584,0.9842918496624552,0.9068849735193326,delta,TX,2020-10-09,2,28.2818912276614,323.1953125,2020,6.8,14.3,0.1107134598810199,0.0477946329419628,0.0731312869942103,0.053613,0.3744142893897694,0,0,0,0.1940639269406392,0.2340182648401826,0.0970319634703196,False,False,True,False,False,False,False,False,False,False,0,0,0,0,0,1,56.5637824553228
48247,1.1656351311523727,1.1335351496804575,1.11328125,delta,TX,2020-10-09,2,7.89100299132442,2.455357074737549,2020,14.8,12.9,0.1345767575322812,0.0983836964160224,0.0695713281799016,0.037342,0.0855725506407606,1,1,0,0.0070422535211267,0.0035211267605633,0.0026408450704225,False,False,True,False,False,False,False,False,False,False,0,0,0,0,0,1,15.78200598264884
48249,0.9616834018137173,0.9912283884544912,0.9476840184235684,delta,TX,2020-10-09,2,8.39094201541467,2.90625,2020,7.0,15.5,0.1228679095596985,0.0798597584729255,0.0719906505648617,0.047629,0.1790388521765961,0,0,0,0.0473988439306358,0.0335260115606936,0.0161849710982658,False,False,True,False,False,False,False,False,False,False,0,0,0,0,0,1,16.78188403082934
48251,0.980914276445622,1.025917394697561,0.9503955527047254,delta,TX,2020-10-09,2,6.90110522910928,12.798077583312988,2020,6.4,13.9,0.0722466517215612,0.0323401461052286,0.0234260855290158,0.070767,0.6626354021353105,0,1,0,0.0939226519337016,0.1270718232044199,0.0662983425414364,False,False,True,False,False,False,False,False,False,False,0,0,0,0,0,1,13.80221045821856
48253,0.9019171185127808,0.952660774727341,0.948136142625608,delta,TX,2020-10-09,2,4.789346477083,0.8125,2020,4.3,15.4,0.1151154288101953,0.0395372928176795,0.0374654696132596,0.055575,0.5840919493464883,0,0,0,0.0086206896551724,0.011853448275862,0.0032327586206896,False,False,True,False,False,False,False,False,False,False,0,0,0,0,0,1,9.578692954166
48255,1.0592508400869738,1.0334175104812808,1.1856033874382497,delta,TX,2020-10-09,2,8.30758259474235,2.7291667461395264,2020,5.5,14.1,0.0739741427768409,0.0753780185059806,0.0674791243511622,0.049526,0.366281441196465,1,0,0,0.0187416331994645,0.0187416331994645,0.0053547523427041,False,False,True,False,False,False,False,False,False,False,0,0,0,0,0,1,16.6151651894847
48257,0.9618038196180382,1.039991745769707,0.908402117911326,delta,TX,2020-10-09,2,8.24338358694699,6.305147171020508,2020,7.1,11.5,0.092813975031982,0.0215202753902444,0.0277771763839875,0.075187,0.5410914596380153,0,0,0,0.0807692307692307,0.0961538461538461,0.032051282051282,False,False,True,False,False,False,False,False,False,False,0,0,0,0,0,1,16.48676717389398
48259,0.99077238170505,1.034084326509484,0.999501043273156,delta,TX,2020-10-09,2,6.76023228893035,2.0568182468414307,2020,4.6,18.8,0.0642748137287172,0.0165426480536252,0.0204784453600639,0.100706,0.7174281261997787,0,0,0,0.0332326283987915,0.0347432024169184,0.0196374622356495,False,False,True,False,False,False,False,False,False,False,0,0,0,0,0,1,13.5204645778607
48261,0.0,0.0,0.0,delta,TX,2020-10-09,2,9.79857344646332,7.90625,2020,26.0,29.0,0.0,0.5625,0.0,0.042778,0.2085714285714285,0,0,0,0.0,0.0,0.0,False,False,True,False,False,False,False,False,False,False,0,0,0,0,0,1,19.59714689292664
48263,1.1134020618556704,1.3732394366197185,0.0,delta,TX,2020-10-09,2,4.25029361292078,0.3515625,2020,2.8,33.9,0.0594315245478036,0.037037037037037,0.0329218106995884,0.063994,0.8725099601593626,0,0,0,0.0011086474501108,0.0011086474501108,0.0,False,False,True,False,False,False,False,False,False,False,0,0,0,0,0,1,8.50058722584156
48265,1.0132982407535671,1.0997661209488807,0.8749015166436871,delta,TX,2020-10-09,2,6.07079988154735,0.5062500238418579,2020,5.1,27.2,0.1106132815844296,0.0109422214082959,0.0420749015657906,0.062204,0.6804631354804365,0,1,0,0.0380779691749773,0.0290117860380779,0.0235720761559383,False,False,True,False,False,False,False,False,False,False,0,0,0,0,0,1,12.1415997630947
48267,0.9889898860581232,0.942812479645672,1.1063464837049743,delta,TX,2020-10-09,2,5.6191599790927,0.6164772510528564,2020,5.4,28.4,0.1372479660417403,0.0278241513633834,0.0417362270450751,0.055677,0.7316845543630425,0,0,0,0.0048,0.0112,0.0024,False,False,True,False,False,False,False,False,False,False,0,0,0,0,0,1,11.2383199581854
48269,0.0,2.2018348623853212,0.0,delta,TX,2020-10-09,2,4.35062412261842,0.3088235259056091,2020,7.0,7.4,0.1122448979591836,0.0,0.0,0.042125,0.8679245283018868,0,1,0,0.0,0.001098901098901,0.0,False,False,True,False,False,False,False,False,False,False,0,0,0,0,0,1,8.70124824523684
48271,0.9848484848484846,1.0535688844564752,0.0,delta,TX,2020-10-09,2,5.31484223143425,0.0,2020,5.3,24.9,0.2952286282306163,0.0173243503368623,0.053897978825794,0.058925,0.4758708852668584,0,0,0,0.0036764705882352,0.000735294117647,0.0,False,False,True,False,False,False,False,False,False,False,0,0,0,0,0,1,10.6296844628685
48273,1.00757056988511,1.0002596203773149,0.9424083769633508,delta,TX,2020-10-09,2,9.41864979341558,3.8583333492279057,2020,6.5,13.0,0.1059497035371089,0.0434293624015918,0.0566658015399256,0.049985999999999996,0.2167525773195876,0,0,0,0.0238365493757094,0.0204313280363223,0.0090805902383654,False,False,True,False,False,False,False,False,False,False,0,0,0,0,0,1,18.83729958683116
48275,0.998009667330111,0.9883373205741628,1.2903225806451613,delta,TX,2020-10-09,2,4.58761962977546,0.59765625,2020,6.1,18.4,0.1795788637266587,0.0959232613908872,0.023181454836131,0.050163,0.5770951386817775,0,0,1,0.0058823529411764,0.0070588235294117,0.0023529411764705,False,False,True,False,False,False,False,False,False,False,0,0,0,0,0,1,9.17523925955092
48277,1.0252503265128428,1.0398417308967822,1.0059180015364042,delta,TX,2020-10-09,2,8.0988278732317,0.171875,2020,6.3,19.0,0.1317187626419267,0.010235825388861,0.0688911189162067,0.051561,0.7058377256029388,0,0,0,0.0452039691289966,0.0496141124586549,0.0165380374862183,False,False,True,False,False,False,False,False,False,False,0,0,0,0,0,1,16.1976557464634
48279,0.9878739471391228,0.975998784748595,1.2918122815776334,delta,TX,2020-10-09,2,3.53969248533484,0.0,2020,7.1,16.9,0.0977594695066814,0.0349695916594265,0.0575586446568201,0.050040999999999995,0.3818321195860483,0,0,1,0.0068897637795275,0.0098425196850393,0.0029527559055118,False,False,True,False,False,False,False,False,False,False,0,0,0,0,0,1,7.07938497066968
48281,1.0028135048231512,1.0092218836255724,1.0722404647638295,delta,TX,2020-10-09,2,6.64517374520694,3.403846025466919,2020,5.2,20.2,0.1783876500857633,0.0071897073662966,0.0486881937436932,0.066506,0.6996809543626022,0,0,0,0.0168539325842696,0.0224719101123595,0.0098314606741573,False,False,True,False,False,False,False,False,False,False,0,0,0,0,0,1,13.29034749041388
48283,1.2290502793296094,1.149207542804257,1.0602409638554215,delta,TX,2020-10-09,2,6.68473995872538,0.6479166746139526,2020,3.8,15.0,0.060695468914647,0.0663811563169164,0.0208779443254818,0.061042,0.2201380552220888,1,1,0,0.0067294751009421,0.0074024226110363,0.0020188425302826,False,False,True,False,False,False,False,False,False,False,0,0,0,0,0,1,13.36947991745076
48285,1.0659194638627305,1.0872546126742229,1.1058768107407846,delta,TX,2020-10-09,2,10.1034662050305,58.5555534362793,2020,6.1,23.4,0.0937587854933933,0.0198452321517723,0.042561158262606,0.057601999999999993,0.7161331563160741,1,1,1,0.0103199174406604,0.0216718266253869,0.0165118679050567,False,False,True,False,False,False,False,False,False,False,0,0,0,0,0,1,20.206932410061
48287,0.98634903640257,1.0251583204725667,1.0549132947976878,delta,TX,2020-10-09,2,9.15747456905326,14.744791030883787,2020,6.3,19.5,0.0967078189300411,0.0434287573194534,0.0479830839297332,0.06075,0.6071632909943929,0,0,0,0.0254372019077901,0.0349761526232114,0.0095389507154213,False,False,True,False,False,False,False,False,False,False,0,0,0,0,0,1,18.31494913810652
48289,1.064823641563394,1.0364677963587825,0.9230143670371376,delta,TX,2020-10-09,2,10.2519790340948,67.4243392944336,2020,6.3,24.2,0.1336120705326304,0.0285202086049543,0.0309647979139504,0.048676000000000004,0.7417138494815192,0,0,0,0.0111835973904939,0.02143522833178,0.0065237651444548,False,False,True,False,False,False,False,False,False,False,0,0,0,0,0,1,20.5039580681896
48291,1.094267009386938,1.0690376569037656,0.9717289387697116,delta,TX,2020-10-09,2,18.2815131261918,240.296875,2020,7.2,12.6,0.1221008619775492,0.0461932967350476,0.0462294134643166,0.053871,0.5461649277513424,1,1,0,0.0518134715025906,0.0587219343696027,0.0112262521588946,False,False,True,False,False,False,False,False,False,False,0,0,0,0,0,1,36.5630262523836
48293,1.0334045964724747,1.0163737514224302,1.078548861531757,delta,TX,2020-10-09,2,8.69449615088685,13.16796875,2020,5.9,19.2,0.1200761998402261,0.0409866699887878,0.043602840413604,0.049506999999999995,0.565790661970559,0,0,0,0.0143646408839779,0.0232044198895027,0.0088397790055248,False,False,True,False,False,False,False,False,False,False,0,0,0,0,0,1,17.3889923017737
48295,1.094224924012158,0.8870420624151967,0.0,delta,TX,2020-10-09,2,3.66698343656291,0.3345588445663452,2020,7.7,15.9,0.1410632063624947,0.0559440559440559,0.0367132867132867,0.06625,0.5838509316770186,0,0,0,0.0032188841201716,0.0053648068669527,0.0010729613733905,False,False,True,False,False,False,False,False,False,False,0,0,0,0,0,1,7.33396687312582
48297,1.032461476974999,0.988144205177837,0.9944089456869007,delta,TX,2020-10-09,2,8.03753888232231,7.680921077728272,2020,5.6,19.3,0.1180973209404046,0.0466683951257453,0.0412237490277417,0.05287,0.5265108072342303,0,0,0,0.0144369586140519,0.0202117420596727,0.0009624639076034,False,False,True,False,False,False,False,False,False,False,0,0,0,0,0,1,16.07507776464462
48299,0.8961454612922678,0.9891706854977608,1.0286494816475202,delta,TX,2020-10-09,2,6.47048562106854,4.025735378265381,2020,4.0,36.4,0.149309414192729,0.0035791757049891,0.0311279826464208,0.06283899999999999,0.8252130113449136,0,0,0,0.0149892933618843,0.0235546038543897,0.0074946466809421,False,False,True,False,False,False,False,False,False,False,0,0,0,0,0,1,12.94097124213708
48303,0.965838523497288,0.9809063552172188,0.9339770586552784,delta,TX,2020-10-09,2,3.7836867717229,0.0,2020,6.5,12.4,0.0959937912050155,0.0268651435503437,0.0575380779080738,0.056529,0.4989521599026523,0,0,0,0.0927374301675977,0.147486033519553,0.0927374301675977,False,False,True,False,False,False,False,False,False,False,0,0,0,0,0,1,7.5673735434458
48305,0.90625,0.95480745134074,0.9397303727200635,delta,TX,2020-10-09,2,3.87921522388948,0.0,2020,6.5,15.9,0.1512958206864347,0.0346958174904942,0.0475285171102661,0.049747,0.5289492494639028,0,0,0,0.0044893378226711,0.0044893378226711,0.0022446689113355,False,False,True,False,False,False,False,False,False,False,0,0,0,0,0,1,7.75843044777896
48307,1.0368314833501515,0.910151691948658,0.9438332368268674,delta,TX,2020-10-09,2,5.68347961867967,0.716911792755127,2020,4.5,22.0,0.1784565916398713,0.0156150414276609,0.0621414913957935,0.046551999999999996,0.6427260812581913,0,0,0,0.0056338028169014,0.0075117370892018,0.0065727699530516,False,False,True,False,False,False,False,False,False,False,0,0,0,0,0,1,11.36695923735934
48309,1.0599207170134128,1.0219086589596986,0.9665454791798392,delta,TX,2020-10-09,2,7.67305611687089,4.588815689086914,2020,6.7,14.4,0.0972311462426968,0.0623606599146442,0.0562243879652631,0.053723,0.5360869448420632,0,0,0,0.1283783783783783,0.1225868725868725,0.0637065637065637,False,False,True,False,False,False,False,False,False,False,0,0,0,0,0,1,15.34611223374178
48311,0.7986111111111109,1.0002014504431909,0.0,delta,TX,2020-10-09,2,7.36005273875978,8.203125,2020,6.9,13.0,0.1438356164383561,0.0,0.0483870967741935,0.063056,0.5883333333333334,0,0,0,0.0008779631255487,0.0043898156277436,0.0,False,False,True,False,False,False,False,False,False,False,0,0,0,0,0,1,14.72010547751956
48313,0.9713345864661654,1.0224983210208192,1.1202715809893309,delta,TX,2020-10-09,2,10.8718632832041,87.38888549804688,2020,6.1,15.1,0.1380346820809248,0.0306148055207026,0.0664993726474278,0.059923000000000004,0.5190635451505017,0,0,1,0.0128755364806866,0.0343347639484978,0.0085836909871244,False,False,True,False,False,False,False,False,False,False,0,0,0,0,0,1,21.7437265664082
48315,1.2493659328396065,1.120208052398382,1.1237230419977298,delta,TX,2020-10-09,2,12.4967784312443,136.95138549804688,2020,5.0,26.3,0.169438202247191,0.015609514370664,0.0626858275520317,0.043153,0.7063239074550128,1,0,0,0.031578947368421,0.0157894736842105,0.0026315789473684,False,False,True,False,False,False,False,False,False,False,0,0,0,0,0,1,24.9935568624886
48317,1.3110539845758356,1.3006713959969598,1.1055933089388392,delta,TX,2020-10-09,2,4.01427759191875,0.0,2020,6.4,11.6,0.0500705218617771,0.0620985010706638,0.0,0.069194,0.5308382661829292,0,1,0,0.0010940919037199,0.0065645514223194,0.0010940919037199,False,False,True,False,False,False,False,False,False,False,0,0,0,0,0,1,8.0285551838375
48319,1.0350756533700138,0.9833004875012968,0.4591836734693877,delta,TX,2020-10-09,2,5.96856494022215,0.7124999761581421,2020,7.1,29.5,0.0725160256410256,0.0496644295302013,0.0355704697986577,0.073186,0.7457627118644068,0,0,0,0.0043103448275862,0.0053879310344827,0.0010775862068965,False,False,True,False,False,False,False,False,False,False,0,0,0,0,0,1,11.9371298804443
48321,1.0130734719475134,0.9690972042788488,0.9294103547459254,delta,TX,2020-10-09,2,13.8491973431176,64.35416412353516,2020,7.4,16.8,0.1227575602255253,0.0691217302352769,0.0635686102586584,0.048566000000000005,0.4235277892704454,0,0,0,0.0192307692307692,0.0302197802197802,0.0137362637362637,False,False,True,False,False,False,False,False,False,False,0,0,0,0,0,1,27.6983946862352
48323,1.03628023352794,1.1027237270701182,0.960794297352342,delta,TX,2020-10-09,2,5.46902815232501,0.0,2020,9.0,11.6,0.0839455960815184,0.267495760316563,0.065799886941775,0.044502,0.0271909064211308,1,1,0,0.0258014073494917,0.0195465207193119,0.0054730258014073,False,False,True,False,False,False,False,False,False,False,0,0,0,0,0,1,10.93805630465002
48325,0.9862500821054014,0.968543866797344,0.9880916490804946,delta,TX,2020-10-09,2,6.46065356671879,0.0260416660457849,2020,5.8,16.8,0.1413991011965997,0.0329257381449448,0.0437816880405606,0.06718,0.4398991093245054,0,0,0,0.020377358490566,0.0256603773584905,0.0090566037735849,False,False,True,False,False,False,False,False,False,False,0,0,0,0,0,1,12.92130713343758
48327,1.005961251862891,1.0502858547980574,0.7754800590841948,delta,TX,2020-10-09,2,5.44859189267381,0.5044642686843872,2020,2.9,34.2,0.1499189627228525,0.0973451327433628,0.0265486725663716,0.040341,0.627420998980632,0,0,0,0.0033259423503325,0.0044345898004434,0.0011086474501108,False,False,True,False,False,False,False,False,False,False,0,0,0,0,0,1,10.89718378534762
48329,0.9847164756545967,1.0501683675444144,1.0997170455654208,delta,TX,2020-10-09,2,4.06510981784492,0.0,2020,8.6,10.1,0.0709269819141757,0.0472711239882845,0.0402166724403993,0.08821,0.4499685262643911,0,0,0,0.0488888888888888,0.1488888888888888,0.0522222222222222,False,False,True,False,False,False,False,False,False,False,0,0,0,0,0,1,8.13021963568984
48331,1.051845159496838,1.0016890715330502,1.1317907444668007,delta,TX,2020-10-09,2,8.66581947992303,11.29411792755127,2020,5.7,20.7,0.1034654286188028,0.0452772073921971,0.0490759753593429,0.05281,0.6207885594247394,0,0,0,0.0177165354330708,0.0177165354330708,0.0049212598425196,False,False,True,False,False,False,False,False,False,False,0,0,0,0,0,1,17.33163895984606
48333,1.2297426120114396,0.9752347037876338,0.7999479708636839,delta,TX,2020-10-09,2,6.14973249933784,2.96875,2020,2.5,27.3,0.0992292870905587,0.007669616519174,0.0100294985250737,0.053482999999999996,0.7850089766606823,1,0,0,0.0013368983957219,0.0080213903743315,0.0066844919786096,False,False,True,False,False,False,False,False,False,False,0,0,0,0,0,1,12.29946499867568
48335,0.9574468085106383,1.1173874669020298,0.9971346704871062,delta,TX,2020-10-09,2,4.42504576601169,0.19921875,2020,7.1,15.9,0.1101346297681376,0.095659875996457,0.0279007971656333,0.050144,0.4814238042269188,0,0,0,0.0076838638858397,0.0120746432491767,0.0021953896816684,False,False,True,False,False,False,False,False,False,False,0,0,0,0,0,1,8.85009153202338
48337,1.013196997934821,1.0677354560333283,1.0693946424804894,delta,TX,2020-10-09,2,5.83284420270683,0.7569444179534912,2020,5.5,21.3,0.1202106284209797,0.0121250797702616,0.0386726228462029,0.059127,0.8185324317555722,0,0,0,0.0150537634408602,0.0268817204301075,0.0075268817204301,False,False,True,False,False,False,False,False,False,False,0,0,0,0,0,1,11.66568840541366
48339,1.0199969243387326,1.0257132691036088,0.9767451253622532,delta,TX,2020-10-09,2,13.5947535116544,124.70833587646484,2020,6.5,13.1,0.0695937811997978,0.0318530476652607,0.0326182300026128,0.088597,0.5986093807166815,0,0,0,0.2322456813819577,0.354126679462572,0.1170825335892514,False,False,True,False,False,False,False,False,False,False,0,0,0,0,0,1,27.1895070233088
48341,0.9876456053653372,0.9715481171548118,1.069995541685243,delta,TX,2020-10-09,2,3.3301875011884,0.0,2020,9.4,11.2,0.0598964462226406,0.1723487596111997,0.0784854199912955,0.055543,0.3042887910853076,0,0,0,0.0266963292547274,0.0244716351501668,0.0077864293659621,False,False,True,False,False,False,False,False,False,False,0,0,0,0,0,1,6.6603750023768
48343,1.0312705486958424,1.044720929220864,1.0932944606413992,delta,TX,2020-10-09,2,10.5765591539567,7.328125,2020,4.9,21.4,0.1408915169433705,0.0,0.0591555183946488,0.046468,0.6444500125281885,0,0,0,0.0278884462151394,0.0358565737051792,0.0199203187250996,False,False,True,False,False,False,False,False,False,False,0,0,0,0,0,1,21.1531183079134
48345,1.010971786833856,1.135265700483092,1.5116279069767438,delta,TX,2020-10-09,2,4.02667801608141,0.0234375,2020,5.6,27.4,0.1023529411764705,0.0152838427947598,0.0305676855895196,0.059286,0.8071495766698025,0,0,0,0.0020222446916076,0.0020222446916076,0.0010111223458038,False,False,True,False,False,False,False,False,False,False,0,0,0,0,0,1,8.05335603216282
48347,0.9632903805813604,1.0177067936880275,0.916616742007516,delta,TX,2020-10-09,2,14.9770782725787,265.6470642089844,2020,6.2,14.8,0.1504041854335897,0.0252698622771826,0.0622440961164647,0.047306,0.5747297109182868,0,0,0,0.040169133192389,0.0496828752642706,0.0190274841437632,False,False,True,False,False,False,False,False,False,False,0,0,0,0,0,1,29.9541565451574
48349,0.956603620203772,1.0231437726193495,0.925676263373054,delta,TX,2020-10-09,2,8.42440323125013,2.6578946113586426,2020,7.0,16.8,0.1348455400981996,0.0511305533462106,0.0507896829905692,0.050466000000000004,0.5129978716935238,0,0,0,0.0267591674925668,0.0396432111000991,0.0138751238850346,False,False,True,False,False,False,False,False,False,False,0,0,0,0,0,1,16.84880646250026
48351,1.318363888460946,1.0466064578487932,0.0,delta,TX,2020-10-09,2,28.8548049676053,341.1875,2020,4.7,20.8,0.0970569140878597,0.0,0.0835448392554991,0.038116,0.757059834656626,1,0,0,0.007502679528403,0.0096463022508038,0.0,False,False,True,False,False,False,False,False,False,False,0,0,0,0,0,1,57.7096099352106
48353,0.9692508521285084,1.0172860326447026,0.8758586849852796,delta,TX,2020-10-09,2,4.66103416440354,0.1145833358168602,2020,7.0,18.3,0.1665600730927364,0.0495674116798846,0.0789473684210526,0.044700000000000004,0.5521780431537522,0,0,0,0.0076838638858397,0.0219538968166849,0.0065861690450054,False,False,True,False,False,False,False,False,False,False,0,0,0,0,0,1,9.32206832880708
48355,0.9785842558095902,0.9815749308900804,0.9621602048470114,delta,TX,2020-10-09,2,9.34736913835116,6.919117450714111,2020,6.5,14.5,0.0901898043778634,0.0432361661981593,0.0683584273556933,0.059476999999999995,0.3005991313162201,0,0,0,0.3551847437425506,0.2097735399284863,0.0965435041716328,False,False,True,False,False,False,False,False,False,False,0,0,0,0,0,1,18.69473827670232
48357,0.9742628432465296,0.9553807601280804,0.5579171094580233,delta,TX,2020-10-09,2,3.51862353404107,0.0,2020,8.0,10.5,0.0979337327301626,0.0821081830790568,0.0294036061026352,0.057413,0.4238642036944583,0,0,0,0.0098146128680479,0.0109051254089422,0.0054525627044711,False,False,True,False,False,False,False,False,False,False,0,0,0,0,0,1,7.03724706808214
48359,1.1979804161566707,1.0232418684477165,0.0,delta,TX,2020-10-09,2,3.23960945365522,0.0,2020,6.1,12.2,0.0446043165467625,0.0108024691358024,0.0293209876543209,0.068077,0.7536973833902162,1,0,0,0.002,0.008,0.0,False,False,True,False,False,False,False,False,False,False,0,0,0,0,0,1,6.47921890731044
48361,0.9303240934595092,0.9514374998343436,0.8012598769253179,delta,TX,2020-10-09,2,32.0329651800706,337.8671875,2020,6.6,15.6,0.1255816782748867,0.0086825956391173,0.0503655829742786,0.068756,0.7656706914442034,0,0,0,0.1561561561561561,0.2312312312312312,0.054054054054054,False,False,True,False,False,False,False,False,False,False,0,0,0,0,0,1,64.0659303601412
48363,1.0267712209374922,1.0170124581315214,0.8743884792944258,delta,TX,2020-10-09,2,5.78988538203049,1.609375,2020,6.0,19.6,0.1212872467222884,0.0266782240200327,0.0492150630838871,0.059796,0.7313879404414094,0,0,0,0.0283613445378151,0.042016806722689,0.0126050420168067,False,False,True,False,False,False,False,False,False,False,0,0,0,0,0,1,11.57977076406098
48365,1.0994054696789537,1.0251089982665338,1.2717391304347825,delta,TX,2020-10-09,2,15.1139052817535,374.41070556640625,2020,5.8,19.7,0.1219934347955834,0.0111165404348888,0.0420229660395797,0.054853,0.7157529678538082,1,0,1,0.0221948212083847,0.0258939580764488,0.0086313193588162,False,False,True,False,False,False,False,False,False,False,0,0,0,0,0,1,30.227810563507
48367,0.9793145030378926,1.040647930766888,0.9606105223260494,delta,TX,2020-10-09,2,6.21927131258034,6.508333206176758,2020,6.0,15.4,0.0824742268041237,0.0175735511167962,0.0250910164321558,0.088535,0.7943962434726289,0,1,0,0.0586932447397563,0.0963455149501661,0.0420819490586932,False,False,True,False,False,False,False,False,False,False,0,0,0,0,0,1,12.43854262516068
48369,1.0027285129604366,1.114625869902801,1.1262241566920568,delta,TX,2020-10-09,2,3.3475451755685,0.0,2020,7.8,14.5,0.07454878367774,0.1024590163934426,0.0252206809583858,0.062885,0.322930388083899,0,1,0,0.0068181818181818,0.0170454545454545,0.0034090909090909,False,False,True,False,False,False,False,False,False,False,0,0,0,0,0,1,6.695090351137
48371,1.026934378060725,0.9964722668494196,0.9263540290620872,delta,TX,2020-10-09,2,3.94665081325044,0.0,2020,6.8,12.6,0.0497369204804924,0.0808808808808808,0.0942942942942943,0.055652,0.2285921147897057,0,0,0,0.0031492756665966,0.0050388410665546,0.0012597102666386,False,False,True,False,False,False,False,False,False,False,0,0,0,0,0,1,7.89330162650088
48373,0.9822288925461976,1.042236146118073,0.9793464559294092,delta,TX,2020-10-09,2,16.0333365550612,164.4406280517578,2020,5.2,18.5,0.1847481101044492,0.0142118863049095,0.0443974630021141,0.052826,0.6944516489435988,0,0,0,0.0236518448438978,0.0416272469252601,0.0085146641438032,False,False,True,False,False,False,False,False,False,False,0,0,0,0,0,1,32.0666731101224
48375,0.9041596713851082,0.9602955835201572,0.9135527734924296,delta,TX,2020-10-09,2,3.40880109155272,0.0,2020,7.4,12.6,0.0888142425260329,0.0673735006844071,0.0863280978122172,0.045096,0.4231427968782957,0,0,0,0.0462555066079295,0.0848017621145374,0.0429515418502202,False,False,True,False,False,False,False,False,False,False,0,0,0,0,0,1,6.81760218310544
48377,1.197870452528838,0.9450726978998384,1.1977186311787071,delta,TX,2020-10-09,2,3.47462178647581,0.0,2020,7.0,21.4,0.0907886017229953,0.2861047835990888,0.0997722095671981,0.026395,0.1567444136356222,0,0,0,0.0010376134889753,0.0018158236057068,0.0007782101167315,False,False,True,False,False,False,False,False,False,False,0,0,0,0,0,1,6.94924357295162
48379,0.8952865794786272,1.0406275976724857,0.7894736842105262,delta,TX,2020-10-09,2,8.84113901951171,5.65625,2020,4.3,23.8,0.1321303841676367,0.0340239912758996,0.0370774263904034,0.055758,0.832785268003946,0,0,0,0.0218340611353711,0.0393013100436681,0.0043668122270742,False,False,True,False,False,False,False,False,False,False,0,0,0,0,0,1,17.68227803902342
48381,0.9517560945605152,0.9608472810021056,1.0322633880683227,delta,TX,2020-10-09,2,3.4897902022728,0.0078125,2020,6.2,15.1,0.0738257499219309,0.0190161527165932,0.0294236417033773,0.070544,0.6781880315162021,0,0,0,0.0416666666666666,0.0548245614035087,0.0307017543859649,False,False,True,False,False,False,False,False,False,False,0,0,0,0,0,1,6.9795804045456
48383,1.104023552502453,0.9407186999313346,1.2972972972972974,delta,TX,2020-10-09,2,4.36902384857304,0.0125000001862645,2020,9.5,9.9,0.0214497041420118,0.0748362956033676,0.0112254443405051,0.062829,0.2859675036927622,0,0,0,0.0017021276595744,0.0042553191489361,0.0008510638297872,False,False,True,False,False,False,False,False,False,False,0,0,0,0,0,1,8.73804769714608
48385,0.9887264685258106,1.0489202291758484,1.245674740484429,delta,TX,2020-10-09,2,5.70922584275591,0.1682692319154739,2020,5.4,32.2,0.1685912240184757,0.0145576707726763,0.0593505039193729,0.044083,0.7034082668600435,0,0,0,0.0114449213161659,0.0071530758226037,0.0014306151645207,False,False,True,False,False,False,False,False,False,False,0,0,0,0,0,1,11.41845168551182
48387,1.2070545121392582,1.0091076716768177,1.2674919268030138,delta,TX,2020-10-09,2,8.90191543182647,0.69921875,2020,5.5,24.7,0.1372791301124428,0.0106730559790895,0.0326726203441516,0.040674,0.7334944334167601,1,0,1,0.0086289549376797,0.0153403643336529,0.0076701821668264,False,False,True,False,False,False,False,False,False,False,0,0,0,0,0,1,17.80383086365294
48389,1.0696589915476535,1.08751301631378,0.9399375975039004,delta,TX,2020-10-09,2,3.56063844231236,0.0,2020,5.3,12.2,0.0669516965341581,0.1675675675675675,0.0594594594594594,0.053548,0.1150664496880933,0,1,0,0.0041745730550284,0.010246679316888,0.0015180265654648,False,False,True,False,False,False,False,False,False,False,0,0,0,0,0,1,7.12127688462472
48391,1.0342344618494186,1.0060899826000498,1.4606741573033706,delta,TX,2020-10-09,2,10.0524874298666,25.16145896911621,2020,6.6,22.3,0.1645330535152151,0.0301507537688442,0.0991320237551393,0.050745,0.4248627800029669,0,0,1,0.0129870129870129,0.0181818181818181,0.0012987012987012,False,False,True,False,False,False,False,False,False,False,0,0,0,0,0,1,20.1049748597332
48393,1.415094339622642,0.9507042253521129,0.0,delta,TX,2020-10-09,2,3.61533069789622,0.0,2020,1.2,24.6,0.068901303538175,0.0,0.0677419354838709,0.062717,0.8669891172914147,1,0,0,0.001082251082251,0.0021645021645021,0.0,False,False,True,False,False,False,False,False,False,False,0,0,0,0,0,1,7.23066139579244
48395,1.0624518118735544,0.9954657873042044,1.1602393617021276,delta,TX,2020-10-09,2,9.33220094917024,29.3671875,2020,6.3,19.9,0.1485292926018961,0.0226624405705229,0.079080824088748,0.055709,0.5672256370472042,0,0,1,0.0210526315789473,0.0210526315789473,0.0070175438596491,False,False,True,False,False,False,False,False,False,False,0,0,0,0,0,1,18.66440189834048
48397,1.0274738067520373,1.0307537413751748,0.9188857528531108,delta,TX,2020-10-09,2,7.79356911366251,7.0625,2020,6.1,12.2,0.0639077562262213,0.0155433172122669,0.0147326046238573,0.111595,0.6510726309834074,0,1,0,0.2125984251968504,0.3700787401574803,0.1574803149606299,False,False,True,False,False,False,False,False,False,False,0,0,0,0,0,1,15.58713822732502
48399,1.1933395004625345,0.9889366719844628,0.8541558537851264,delta,TX,2020-10-09,2,5.03800141766007,0.703125,2020,5.7,20.7,0.1293725707940033,0.0133475707421249,0.0234917245061398,0.052103000000000003,0.6123232323232323,1,0,0,0.0066603235014272,0.0161750713606089,0.0047573739295908,False,False,True,False,False,False,False,False,False,False,0,0,0,0,0,1,10.07600283532014
48401,0.9712230215827338,1.0244895893945911,1.0510276042716098,delta,TX,2020-10-09,2,13.0784126870053,265.8888854980469,2020,5.6,16.3,0.1141450554180566,0.0282623470774807,0.0381739918441323,0.06033,0.6132837936185698,0,0,0,0.0303030303030303,0.0346320346320346,0.014069264069264,False,False,True,False,False,False,False,False,False,False,0,0,0,0,0,1,26.1568253740106
48403,0.97895009274037,1.043875387375632,1.1113336003203844,delta,TX,2020-10-09,2,22.8217357320127,407.5208435058594,2020,4.9,30.2,0.2036836403033586,0.0006949270326615,0.0484132499420894,0.041308,0.8395997574287447,0,0,0,0.0224032586558044,0.010183299389002,0.010183299389002,False,False,True,False,False,False,False,False,False,False,0,0,0,0,0,1,45.6434714640254
48405,0.9846294860043714,0.9555752436400454,1.202137132680321,delta,TX,2020-10-09,2,18.994068484289,379.4305725097656,2020,4.4,27.5,0.1956359567325624,0.0031575623618566,0.0975686769813703,0.04313,0.665572114170245,0,0,0,0.0188679245283018,0.020754716981132,0.0056603773584905,False,False,True,False,False,False,False,False,False,False,0,0,0,0,0,1,37.988136968578
48407,0.9389397075515792,1.023454157782516,0.0,delta,TX,2020-10-09,2,14.5881302176242,117.83333587646484,2020,4.9,21.7,0.1703711103341491,0.023807004549783,0.0250767114591048,0.046678,0.6995839719728487,0,0,0,0.031634446397188,0.0369068541300527,0.0017574692442882,False,False,True,False,False,False,False,False,False,False,0,0,0,0,0,1,29.1762604352484
48409,0.9721703208973982,1.016392129516199,0.9576001047989172,delta,TX,2020-10-09,2,9.3969186941579,7.035714149475098,2020,6.9,14.8,0.1331115121437702,0.0232274865591397,0.0626680107526881,0.059531999999999995,0.3870700312704531,0,0,0,0.0909090909090909,0.0764790764790764,0.0173160173160173,False,False,True,False,False,False,False,False,False,False,0,0,0,0,0,1,18.7938373883158
48411,1.012269938650307,0.9903565055620944,0.8745247148288972,delta,TX,2020-10-09,2,6.12633658825929,1.96195650100708,2020,5.0,23.5,0.1361556064073226,0.035204081632653,0.0331632653061224,0.046926999999999996,0.643979057591623,0,0,0,0.0070484581497797,0.0096916299559471,0.0052863436123348,False,False,True,False,False,False,False,False,False,False,0,0,0,0,0,1,12.25267317651858
48413,1.0804321728691475,1.098993288590604,0.0,delta,TX,2020-10-09,2,4.97904532538668,0.6309523582458496,2020,7.7,22.7,0.0366762177650429,0.0226500566251415,0.0283125707814269,0.061094,0.4496124031007752,0,0,0,0.0022900763358778,0.0015267175572519,0.0,False,False,True,False,False,False,False,False,False,False,0,0,0,0,0,1,9.95809065077336
48415,0.9786618444846296,0.9936178319679938,0.8816293056314928,delta,TX,2020-10-09,2,4.30943936997403,0.3515625,2020,6.4,15.0,0.0920579127960498,0.0185836263184329,0.0294659300184162,0.053376,0.510099220411056,0,0,0,0.0077348066298342,0.0154696132596685,0.005524861878453,False,False,True,False,False,False,False,False,False,False,0,0,0,0,0,1,8.61887873994806
48417,0.8928145548703621,1.062707265601447,1.1581709145427286,delta,TX,2020-10-09,2,5.08010133266878,0.58984375,2020,5.4,19.8,0.1352865144334338,0.0,0.0527974783293932,0.054896,0.8412238325281803,0,0,0,0.0076586433260393,0.0065645514223194,0.0054704595185995,False,False,True,False,False,False,False,False,False,False,0,0,0,0,0,1,10.16020266533756
48419,1.0110803324099724,0.9973521036804428,1.178093449166471,delta,TX,2020-10-09,2,17.6632799908311,424.11328125,2020,7.1,17.3,0.1281140734265734,0.0297819734771858,0.0687795010114632,0.044503999999999995,0.6001165598201649,0,0,0,0.0213836477987421,0.0238993710691823,0.0113207547169811,False,False,True,False,False,False,False,False,False,False,0,0,0,0,0,1,35.3265599816622
48421,0.9901212393354288,1.1208599651365485,1.4763779527559058,delta,TX,2020-10-09,2,3.25024688055897,0.0,2020,5.3,16.5,0.0959128065395095,0.0851851851851851,0.0271604938271604,0.055667,0.4895758447160316,0,1,1,0.0010845986984815,0.0032537960954446,0.0010845986984815,False,False,True,False,False,False,False,False,False,False,0,0,0,0,0,1,6.50049376111794
48423,0.9948936786241884,1.0170655895248963,0.9838401369718434,delta,TX,2020-10-09,2,10.7701762713393,145.79017639160156,2020,6.6,16.5,0.0898142790692397,0.0363984909741081,0.0387578799906607,0.062518,0.5758633538776506,0,0,0,0.1476655808903366,0.1748099891422367,0.0792616720955483,False,False,True,False,False,False,False,False,False,False,0,0,0,0,0,1,21.5403525426786
48425,0.9637685180047716,1.1125819963644987,1.0569583088667056,delta,TX,2020-10-09,2,6.55137191222711,14.0625,2020,5.2,18.8,0.0720564922899553,0.0037186241090796,0.0269600247908273,0.089253,0.7616512764801738,0,0,0,0.0483870967741935,0.043010752688172,0.0268817204301075,False,False,True,False,False,False,False,False,False,False,0,0,0,0,0,1,13.10274382445422
48427,1.038577435775209,1.043798251325458,1.020514152168268,delta,TX,2020-10-09,2,7.90243765984597,6.154761791229248,2020,9.7,11.4,0.1206317597907149,0.2929189741383945,0.1073175977203075,0.033334,0.0177639563106796,0,0,0,0.0564186426819296,0.0196238757154538,0.0098119378577269,False,False,True,False,False,False,False,False,False,False,0,0,0,0,0,1,15.80487531969194
48429,0.925489745504682,0.9470568891811904,0.9189511323003576,delta,TX,2020-10-09,2,5.41413295099423,0.5220588445663452,2020,5.1,19.2,0.1476979182495061,0.0153618906942392,0.0809453471196454,0.046537,0.6873969893418306,0,0,0,0.0066964285714285,0.0089285714285714,0.0033482142857142,False,False,True,False,False,False,False,False,False,False,0,0,0,0,0,1,10.82826590198846
48431,1.009490940465919,0.9900294902401346,1.0610932475884245,delta,TX,2020-10-09,2,4.48859933517329,0.039473682641983,2020,7.2,11.6,0.0419268510258697,0.0151133501259445,0.0100755667506297,0.055481,0.6319241982507289,0,0,0,0.0021668472372697,0.0043336944745395,0.0010834236186348,False,False,True,False,False,False,False,False,False,False,0,0,0,0,0,1,8.97719867034658
48433,1.5637065637065637,1.21301775147929,0.0,delta,TX,2020-10-09,2,4.47387695638428,0.6727941036224365,2020,10.5,18.9,0.1118143459915611,0.0296610169491525,0.0466101694915254,0.062273,0.7694779116465863,1,0,0,0.0021834061135371,0.0021834061135371,0.0,False,False,True,False,False,False,False,False,False,False,0,0,0,0,0,1,8.94775391276856
48435,1.0673199829569664,1.0221327132297982,0.9919354838709676,delta,TX,2020-10-09,2,5.06446878342344,1.0133928060531616,2020,10.1,16.9,0.0613645538958417,0.0969750889679715,0.0364768683274021,0.061537999999999995,0.3558718861209964,0,0,0,0.0027529249827942,0.0068823124569855,0.0013764624913971,False,False,True,False,False,False,False,False,False,False,0,0,0,0,0,1,10.12893756684688
48437,0.8713105076741442,1.0817275450440378,1.206896551724138,delta,TX,2020-10-09,2,3.61817194479356,0.0147058824077248,2020,4.6,18.3,0.0973705834018077,0.0710536939846588,0.0884134033104562,0.039685000000000005,0.4617701907904174,0,0,0,0.0044943820224719,0.0101123595505617,0.0011235955056179,False,False,True,False,False,False,False,False,False,False,0,0,0,0,0,1,7.23634388958712
48439,0.9830841155004192,1.0008514723442703,0.9677336257232688,delta,TX,2020-10-09,2,6.74101398158318,9.15234375,2020,6.8,11.4,0.0747385981813482,0.0569975290752685,0.0430438332315045,0.073545,0.428724936512148,0,0,0,1.0867052023121386,1.069364161849711,0.446242774566474,False,False,True,False,False,False,False,False,False,False,0,0,0,0,0,1,13.48202796316636
48441,0.966267545535934,0.9942159557962928,0.9858449118567744,delta,TX,2020-10-09,2,4.92442307974946,0.54296875,2020,7.2,14.4,0.1045838393538001,0.0245440216167529,0.0465360654507243,0.057811,0.6097145410870901,0,0,0,0.0633879781420765,0.1147540983606557,0.0448087431693989,False,False,True,False,False,False,False,False,False,False,0,0,0,0,0,1,9.84884615949892
48443,13.333333333333336,0.8450704225352115,1.3255813953488371,delta,TX,2020-10-09,2,4.2721788696271,0.0,2020,3.0,29.1,0.193984962406015,0.0164319248826291,0.0,0.047012,0.4631578947368421,1,0,0,0.0004242681374628,0.0004242681374628,0.0004242681374628,False,False,True,False,False,False,False,False,False,False,0,0,0,0,0,1,8.5443577392542
48445,1.0453938584779707,0.9470251158254084,0.8269720101781171,delta,TX,2020-10-09,2,3.71842094972419,0.0,2020,7.7,14.8,0.108634772462077,0.0970112689857912,0.0543851053405193,0.047734,0.3887245372326938,0,0,0,0.009009009009009,0.0123873873873873,0.0022522522522522,False,False,True,False,False,False,False,False,False,False,0,0,0,0,0,1,7.43684189944838
48447,0.8433014354066984,1.2080536912751676,1.8345323741007196,delta,TX,2020-10-09,2,5.00960993630251,0.69140625,2020,8.8,25.1,0.1208907741251325,0.0194174757281553,0.0372168284789644,0.0475,0.8666666666666667,0,1,1,0.0032894736842105,0.0032894736842105,0.0010964912280701,False,False,True,False,False,False,False,False,False,False,0,0,0,0,0,1,10.01921987260502
48449,1.0026185692679292,1.019875823788042,0.995668651867894,delta,TX,2020-10-09,2,9.85397610909338,6.306818008422852,2020,7.6,14.0,0.0951080309824704,0.0692697578374319,0.0467430073211939,0.053818,0.4291611994751496,0,0,0,0.0492610837438423,0.0763546798029556,0.022167487684729,False,False,True,False,False,False,False,False,False,False,0,0,0,0,0,1,19.70795221818676
48451,0.9560807165209886,0.976948710290951,0.9566576976219912,delta,TX,2020-10-09,2,4.89602543119803,0.9181034564971924,2020,6.6,15.4,0.0995026000452181,0.0319766144508412,0.0546704154951577,0.062052,0.5199036690749398,0,0,0,0.0321944809461235,0.026281208935611,0.0170827858081471,False,False,True,False,False,False,False,False,False,False,0,0,0,0,0,1,9.79205086239606
48453,1.0075590636514704,1.0027501061804287,0.9617951622037052,delta,TX,2020-10-09,2,7.75857676989437,4.1015625,2020,6.0,10.0,0.0668008993717041,0.0522162391317453,0.05311078570359,0.08504300000000001,0.4749881412631337,0,0,0,0.5492957746478874,0.5845070422535211,0.2484909456740442,False,False,True,False,False,False,False,False,False,False,0,0,0,0,0,1,15.51715353978874
48455,1.018960402424868,0.9777038171536286,0.9103335155822856,delta,TX,2020-10-09,2,13.5658175303269,117.86058044433594,2020,4.9,25.9,0.1859083191850594,0.0340193910529001,0.1058003061745194,0.045392,0.77437141596824,0,0,0,0.0144300144300144,0.0173160173160173,0.0043290043290043,False,False,True,False,False,False,False,False,False,False,0,0,0,0,0,1,27.1316350606538
48457,1.0309912396495862,0.995447614417361,1.0177038057881904,delta,TX,2020-10-09,2,19.6866007168244,357.01837158203125,2020,4.3,21.8,0.1933818352499413,0.0093486590038314,0.0591570881226053,0.04913,0.7729063541771897,0,0,0,0.0194805194805194,0.0227272727272727,0.0097402597402597,False,False,True,False,False,False,False,False,False,False,0,0,0,0,0,1,39.3732014336488
48459,1.0285269709543567,0.9881658337001836,0.8883357651703716,delta,TX,2020-10-09,2,10.974303653164,33.67499923706055,2020,5.7,18.1,0.1431256887275555,0.0076838638858397,0.0430159165751921,0.055046,0.7651129805340898,0,0,0,0.0292096219931271,0.0378006872852233,0.0103092783505154,False,False,True,False,False,False,False,False,False,False,0,0,0,0,0,1,21.948607306328
48461,1.036936631650288,0.7266435986159169,0.0,delta,TX,2020-10-09,2,4.14362525738223,0.0,2020,3.0,14.8,0.0664942741041743,0.0759493670886076,0.0794655414908579,0.058332999999999996,0.3984280532043531,0,0,0,0.0032232070910556,0.0032232070910556,0.0,False,False,True,False,False,False,False,False,False,False,0,0,0,0,0,1,8.28725051476446
48463,0.9275564787411996,0.9094998728656092,1.006016372423316,delta,TX,2020-10-09,2,5.83267563962688,0.0,2020,7.2,16.2,0.1505748350010645,0.0945458913983661,0.0762854396924555,0.051601999999999995,0.2692151115453509,0,0,0,0.0161186331399097,0.0135396518375241,0.0064474532559638,False,False,True,False,False,False,False,False,False,False,0,0,0,0,0,1,11.66535127925376
48465,0.9620181405895692,0.9071956812745506,0.9276467572417332,delta,TX,2020-10-09,2,4.78170491184816,0.1992924511432647,2020,8.2,13.9,0.1197679841436399,0.1298773690078037,0.0455840455840455,0.051948999999999995,0.1646702811751355,0,0,0,0.010178117048346,0.005089058524173,0.0022264631043256,False,False,True,False,False,False,False,False,False,False,0,0,0,0,0,1,9.56340982369632
48467,1.2774369788172146,1.191905485855558,1.1050531914893618,delta,TX,2020-10-09,2,9.12828179563318,6.21484375,2020,5.7,20.1,0.1248588482013228,0.0126547829636685,0.0288474622397605,0.061121,0.805932046824877,1,1,1,0.0451306413301662,0.0546318289786223,0.0201900237529691,False,False,True,False,False,False,False,False,False,False,0,0,0,0,0,1,18.25656359126636
48469,1.009722336656505,1.0242878162422857,1.0737389836864804,delta,TX,2020-10-09,2,10.3257442703692,28.007352828979492,2020,6.8,16.0,0.1112032364587651,0.0237587305298226,0.0613109675911043,0.060598,0.4306880276831765,0,0,0,0.0544217687074829,0.0793650793650793,0.0340136054421768,False,False,True,False,False,False,False,False,False,False,0,0,0,0,0,1,20.6514885407384
48471,1.0152760336358866,0.9944962956780456,0.9479314557400864,delta,TX,2020-10-09,2,12.4188124008985,101.51338958740234,2020,4.1,13.2,0.072695104405646,0.0193019343986543,0.0653490328006728,0.044104,0.5212434554973822,0,0,0,0.0408163265306122,0.0650510204081632,0.0127551020408163,False,False,True,False,False,False,False,False,False,False,0,0,0,0,0,1,24.837624801797
48473,1.055254286970541,1.03819146373849,1.1251314405888535,delta,TX,2020-10-09,2,12.1669891296827,125.6374969482422,2020,6.4,11.7,0.0844125758411472,0.0627097072775656,0.0312970033553164,0.065379,0.4136704581469874,0,0,0,0.0448343079922027,0.0935672514619883,0.0175438596491228,False,False,True,False,False,False,False,False,False,False,0,0,0,0,0,1,24.3339782593654
48475,1.0099545383288917,1.028444253557972,1.0062611806797854,delta,TX,2020-10-09,2,3.7312800455054,0.0,2020,7.6,13.6,0.0767847105115233,0.0555943242614561,0.043963712491277,0.066216,0.3869804190999656,0,0,0,0.0119760479041916,0.0239520958083832,0.0059880239520958,False,False,True,False,False,False,False,False,False,False,0,0,0,0,0,1,7.4625600910108
48477,0.9881744795354764,1.0265667060806558,0.9554613893522068,delta,TX,2020-10-09,2,10.5618020248397,85.09375,2020,5.5,21.6,0.0839243498817966,0.0227959154321875,0.0509132748453904,0.065913,0.6150816925010474,0,0,0,0.0513245033112582,0.0513245033112582,0.0231788079470198,False,False,True,False,False,False,False,False,False,False,0,0,0,0,0,1,21.1236040496794
48479,1.0000139852315952,1.033756317786931,0.9233133209714856,delta,TX,2020-10-09,2,6.63176819108992,0.4894067645072937,2020,8.9,9.4,0.0950330957582924,0.2565381132966788,0.0589184720563727,0.054618,0.0355466205440373,0,1,0,0.0431419220470098,0.0309431716750966,0.0119012198750371,False,False,True,False,False,False,False,False,False,False,0,0,0,0,0,1,13.26353638217984
48481,0.9862739278824756,0.9466015902211536,1.007753536519982,delta,TX,2020-10-09,2,12.4692421016144,69.125,2020,6.9,16.9,0.1018503824546926,0.0367553865652724,0.0727769995330531,0.053963000000000004,0.4361318258359394,0,0,0,0.0331491712707182,0.0377532228360957,0.0174953959484346,False,False,True,False,False,False,False,False,False,False,0,0,0,0,0,1,24.9384842032288
48483,0.9330346616364066,0.925538497804756,0.8585705632949727,delta,TX,2020-10-09,2,3.88661649544399,0.546875,2020,6.3,19.7,0.1099546303709634,0.0428940568475452,0.0677002583979328,0.052138,0.6951903807615231,0,0,0,0.0076586433260393,0.0109409190371991,0.0032822757111597,False,False,True,False,False,False,False,False,False,False,0,0,0,0,0,1,7.77323299088798
48485,0.993806353054481,0.9399139040875442,0.8619907792305945,delta,TX,2020-10-09,2,5.0168729480212,0.6079545617103577,2020,6.3,14.6,0.1199221385358948,0.0285637182654183,0.0676104872023747,0.053272,0.6161113258600696,0,0,0,0.1004784688995215,0.149920255183413,0.0574162679425837,False,False,True,False,False,False,False,False,False,False,0,0,0,0,0,1,10.0337458960424
48487,0.9850526831658906,0.9920813461711508,1.0888945491594495,delta,TX,2020-10-09,2,4.68648069695948,0.53125,2020,6.4,17.8,0.2094531004914775,0.0327082424771042,0.0381596162232882,0.045262000000000004,0.5441142236362225,0,0,0,0.0051546391752577,0.0103092783505154,0.0061855670103092,False,False,True,False,False,False,False,False,False,False,0,0,0,0,0,1,9.37296139391896
48489,0.958323163290212,1.0248295213546936,1.022380467955239,delta,TX,2020-10-09,2,9.97912844294214,11.227272987365724,2020,6.3,13.8,0.0972714154532336,0.1317944899478778,0.0491437081161578,0.039401000000000005,0.0895159690537591,0,0,0,0.0338983050847457,0.0101694915254237,0.0033898305084745,False,False,True,False,False,False,False,False,False,False,0,0,0,0,0,1,19.95825688588428
48491,0.9630446792190952,0.99649685037924,0.9640780330767752,delta,TX,2020-10-09,2,7.78866247172053,2.8238635063171387,2020,6.2,12.2,0.0762831250715303,0.0299476535953714,0.0234089448066856,0.094705,0.5523819532131287,0,0,0,0.1730941704035874,0.2349775784753363,0.0977578475336322,False,False,True,False,False,False,False,False,False,False,0,0,0,0,0,1,15.57732494344106
48493,0.995076111093232,1.029274355229378,1.22484520123839,delta,TX,2020-10-09,2,7.83328979593499,2.75,2020,5.8,15.8,0.0941893158388003,0.0248392235530119,0.0248982240840167,0.084042,0.5603079211303841,0,0,1,0.0273972602739726,0.037359900373599,0.0074719800747198,False,False,True,False,False,False,False,False,False,False,0,0,0,0,0,1,15.66657959186998
48495,1.0339833944776984,1.0297455658783785,1.0563380281690142,delta,TX,2020-10-09,2,3.70746950471603,0.0,2020,7.2,12.0,0.0540184453227931,0.0598604480352552,0.0297466030113845,0.06790399999999999,0.3468104222821204,0,0,0,0.0071343638525564,0.0142687277051129,0.0059453032104637,False,False,True,False,False,False,False,False,False,False,0,0,0,0,0,1,7.41493900943206
48497,1.036888278194694,0.9916940114848236,0.9957153208783592,delta,TX,2020-10-09,2,6.12378665830192,2.203125,2020,6.1,15.0,0.1202173420873896,0.0282271798365122,0.0197121934604904,0.075482,0.7357355169600186,0,0,0,0.0420353982300885,0.0597345132743362,0.0199115044247787,False,False,True,False,False,False,False,False,False,False,0,0,0,0,0,1,12.24757331660384
48499,1.0117519924354994,1.0276834817421092,1.013117953165655,delta,TX,2020-10-09,2,9.79762768442373,10.670833587646484,2020,4.7,26.5,0.1365770806274353,0.0082461328480436,0.0487943585077343,0.058418,0.8007046807751489,0,0,0,0.0372093023255813,0.0434108527131782,0.0263565891472868,False,False,True,False,False,False,False,False,False,False,0,0,0,0,0,1,19.59525536884746
48501,1.0805425703119012,1.0462136419937642,1.0161290322580647,delta,TX,2020-10-09,2,3.57541170979401,0.0,2020,9.1,9.0,0.0645314729665451,0.1308724832214765,0.0111856823266219,0.073102,0.3233688588510527,1,0,0,0.013767209011264,0.013767209011264,0.0050062578222778,False,False,True,False,False,False,False,False,False,False,0,0,0,0,0,1,7.15082341958802
48503,0.9668473465271652,0.973193746772452,1.0590918965891811,delta,TX,2020-10-09,2,5.3389199282222,0.37890625,2020,5.6,20.4,0.0880455407969639,0.0383317586718855,0.0465649885274665,0.052073999999999995,0.7504897296692226,0,0,0,0.0131291028446389,0.0175054704595186,0.0054704595185995,False,False,True,False,False,False,False,False,False,False,0,0,0,0,0,1,10.6778398564444
48505,1.038015463917526,1.0330748536160783,1.0750228728270814,delta,TX,2020-10-09,2,7.22123908967582,0.8194444179534912,2020,8.7,13.3,0.1352892485974432,0.2674259681093394,0.0970387243735763,0.034406,0.0573115415076679,0,0,0,0.0090180360721442,0.0120240480961923,0.0040080160320641,False,False,True,False,False,False,False,False,False,False,0,0,0,0,0,1,14.44247817935164
48507,1.0771470160116448,1.130334486735871,0.0,delta,TX,2020-10-09,2,5.91219291988672,0.0,2020,7.3,14.8,0.1168046248850348,0.1337654684737772,0.0374189746611667,0.044573,0.0591520165460186,1,1,0,0.007710100231303,0.0061680801850424,0.0,False,False,True,False,False,False,False,False,False,False,0,0,0,0,0,1,11.82438583977344
34001,0.925350508601502,0.9399060704995024,0.9327880837064788,ida,NJ,2021-09-02,2,10.8030847388695,179.375,2021,5.3,18.2,0.1044938907493982,0.0501439060763509,0.1300473987670621,0.066473,0.5422206356953966,0,0,0,0.2810810810810811,0.1585585585585585,0.1243243243243243,False,False,False,False,False,False,True,False,False,False,0,0,1,0,0,0,21.606169477739
34003,1.0352731641514206,1.024610785260707,1.0698908948578698,ida,NJ,2021-09-02,2,20.5759381077835,988.0125122070312,2021,5.2,17.2,0.0470830678290107,0.0882658299729833,0.0798883771087032,0.109497,0.5356302812922451,1,0,1,1.6163793103448276,1.896551724137931,0.8491379310344828,False,False,False,False,False,False,True,False,False,False,0,0,1,0,0,0,41.151876215567
34005,1.0381583613639538,1.0235422242304173,1.039847481227958,ida,NJ,2021-09-02,2,11.2533918653528,336.4750061035156,2021,5.1,17.0,0.0813240347392382,0.0203074245939675,0.0453770301624129,0.095935,0.6376607630017754,1,0,1,0.2240300375469336,0.195244055068836,0.0826032540675844,False,False,False,False,False,False,True,False,False,False,0,0,1,0,0,0,22.5067837307056
34007,1.029920674268716,1.010722630173565,1.018170426065163,ida,NJ,2021-09-02,2,10.6445833893337,377.375,2021,6.0,15.6,0.1064609616831304,0.0458669943485038,0.1049258907580519,0.075485,0.5334899758350287,1,0,0,1.2669683257918551,0.6515837104072398,0.3529411764705882,False,False,False,False,False,False,True,False,False,False,0,0,1,0,0,0,21.2891667786674
34009,0.7674196871506748,0.7833252115359058,0.8853400058875479,ida,NJ,2021-09-02,2,10.1890459736078,94.9140625,2021,4.4,26.8,0.1082496591049956,0.0147244525982225,0.0655452574396607,0.076237,0.8402002876247862,0,0,0,0.2669322709163346,0.147410358565737,0.147410358565737,False,False,False,False,False,False,True,False,False,False,0,0,1,0,0,0,20.3780919472156
34011,1.0115520016983035,0.9795986871550052,1.0391804141804142,ida,NJ,2021-09-02,2,9.97603613601356,207.875,2021,6.2,15.2,0.1145794946925641,0.0684170955988664,0.1019991132188228,0.058397,0.4269033162073797,0,0,0,0.1718426501035196,0.0910973084886128,0.0559006211180124,False,False,False,False,False,False,True,False,False,False,0,0,1,0,0,0,19.95207227202712
34013,0.9959698981687822,1.0204617089514367,1.0340365063522408,ida,NJ,2021-09-02,2,20.4897686101098,804.53125,2021,6.5,13.6,0.0878531426125419,0.1025184241238179,0.2205986092915449,0.067826,0.2722211159068595,0,0,0,3.4682539682539684,1.9285714285714288,0.8412698412698413,False,False,False,False,False,False,True,False,False,False,0,0,1,0,0,0,40.9795372202196
34015,1.115095040810428,1.0757528230865745,0.9997327173103724,ida,NJ,2021-09-02,2,10.2610714125124,396.40625,2021,5.1,15.9,0.0878044662079446,0.0127550553573062,0.0504986732546436,0.093208,0.7454828742879448,1,1,0,0.3385093167701863,0.2360248447204969,0.1770186335403726,False,False,False,False,False,False,True,False,False,False,0,0,1,0,0,0,20.5221428250248
34017,0.9841885100364138,1.026801149623995,1.1140456182472989,ida,NJ,2021-09-02,2,20.5775432887255,696.8125,2021,6.8,11.9,0.0599294376684957,0.1378769021892855,0.3237575663291282,0.079795,0.2849263437878525,0,1,1,8.73913043478261,3.3260869565217392,1.7173913043478262,False,False,False,False,False,False,True,False,False,False,0,0,1,0,0,0,41.155086577451
34019,1.006932183544892,0.9721719524134452,1.0255645725841998,ida,NJ,2021-09-02,2,20.0830254431062,758.2916870117188,2021,4.2,18.8,0.0565014266453453,0.0124961715160796,0.0291781521184277,0.12337300000000001,0.8117055844649352,0,0,0,0.1077283372365339,0.1522248243559719,0.0843091334894613,False,False,False,False,False,False,True,False,False,False,0,0,1,0,0,0,40.1660508862124
34021,1.0514981768218568,1.0081650588620013,1.05506693084618,ida,NJ,2021-09-02,2,11.5928130225636,491.0625,2021,5.5,15.3,0.0756518996796521,0.0684977464008051,0.1118850008022521,0.085687,0.4352248670418753,1,0,1,0.71875,0.6205357142857143,0.2455357142857142,False,False,False,False,False,False,True,False,False,False,0,0,1,0,0,0,23.1856260451272
34023,1.0808345356209204,0.9953087244237476,1.0793320815450644,ida,NJ,2021-09-02,2,16.3495773558702,482.6875,2021,5.6,15.1,0.0634051778354901,0.0783323036850278,0.0812275634068557,0.096883,0.3859738959778118,1,0,1,1.168284789644013,0.9449838187702264,0.4627831715210356,False,False,False,False,False,False,True,False,False,False,0,0,1,0,0,0,32.6991547117404
34025,0.9981890974379084,0.9788945485252164,1.0257814639489848,ida,NJ,2021-09-02,2,15.8037525534736,348.0390625,2021,4.9,17.7,0.0687721679553368,0.0318321938029637,0.0653421238022714,0.110356,0.715994810562215,0,0,0,0.5747863247863247,0.4594017094017094,0.2756410256410256,False,False,False,False,False,False,True,False,False,False,0,0,1,0,0,0,31.6075051069472
34027,1.050478122283396,1.0418406804343383,1.1335301718848132,ida,NJ,2021-09-02,2,20.5768934058495,1000.8562622070312,2021,5.0,17.0,0.0519120560619803,0.0444379234914368,0.0490369738035533,0.123727,0.6699097754695308,1,1,1,0.3630434782608696,0.5434782608695652,0.2782608695652174,False,False,False,False,False,False,True,False,False,False,0,0,1,0,0,0,41.153786811699
34029,0.933817872083873,0.931370519709552,0.9779390525707684,ida,NJ,2021-09-02,2,12.056580865489,207.46429443359375,2021,7.1,22.2,0.0774825395750826,0.0168763592157456,0.0599968872119093,0.076644,0.8169402208625157,0,0,0,0.3455414012738853,0.2277070063694267,0.1719745222929936,False,False,False,False,False,False,True,False,False,False,0,0,1,0,0,0,24.113161730978
34031,1.0213640180749393,1.0959798338907134,1.1073617652751793,ida,NJ,2021-09-02,2,20.4502475672131,1106.0208740234375,2021,6.6,14.6,0.0567889534017435,0.1320862868396111,0.1523697099368342,0.078386,0.3883514781022594,0,1,1,1.6666666666666667,1.086021505376344,0.521505376344086,False,False,False,False,False,False,True,False,False,False,0,0,1,0,0,0,40.9004951344262
34033,1.0235852208191354,0.9188979363388522,1.0185185185185186,ida,NJ,2021-09-02,2,9.82740610701063,405.84375,2021,5.4,18.5,0.1214684033993867,0.0254110612855007,0.0956651718983557,0.067898,0.6983512500578374,0,0,0,0.0876132930513595,0.0906344410876132,0.0332326283987915,False,False,False,False,False,False,True,False,False,False,0,0,1,0,0,0,19.65481221402126
34035,1.0411121712783944,1.0076365790738142,1.1231221966442793,ida,NJ,2021-09-02,2,19.387739513749,744.109375,2021,5.0,15.8,0.0482602738208235,0.0506369502963394,0.0453323548415401,0.121695,0.5136972617058672,1,0,1,0.4119601328903654,0.4119601328903654,0.1827242524916943,False,False,False,False,False,False,True,False,False,False,0,0,1,0,0,0,38.775479027498
34037,1.024528520189749,0.964168377258394,1.0000354433968952,ida,NJ,2021-09-02,2,20.437129428207,958.03125,2021,4.5,17.6,0.0786380472131732,0.013501561343658,0.0353242721250518,0.101645,0.8199014013215828,0,0,0,0.0926640926640926,0.1409266409266409,0.0598455598455598,False,False,False,False,False,False,True,False,False,False,0,0,1,0,0,0,40.874258856414
34039,1.035822281617722,1.066230744435626,1.039865973741794,ida,NJ,2021-09-02,2,20.2828998900695,609.8125,2021,6.2,14.3,0.0607284586761885,0.1165909342790646,0.1068632686165657,0.087369,0.3671623113088668,1,1,1,2.627450980392157,2.0980392156862746,0.9705882352941176,False,False,False,False,False,False,True,False,False,False,0,0,1,0,0,0,40.565799780139
34041,1.0481933538640138,1.0117583538304638,1.1458949639787004,ida,NJ,2021-09-02,2,20.1502520995862,860.6964111328125,2021,4.5,18.3,0.0825164854749599,0.0250976272579871,0.0613624426225764,0.085163,0.7685256129597198,1,0,1,0.095505617977528,0.2162921348314606,0.1039325842696629,False,False,False,False,False,False,True,False,False,False,0,0,1,0,0,0,40.3005041991724
